MMSI,BaseDateTime,LAT,LON,SOG,COG,Heading,VesselName,VesselType,Status
563118200,2021-05-19T00:00:00Z,7.0826,79.77755,0.3,4.9,347.3,MV X-Press Pearl,Container,at anchor
563118200,2021-05-19T00:10:00Z,7.08248,79.77745,0.1,105.9,248.5,MV X-Press Pearl,Container,at anchor
563118200,2021-05-19T00:20:00Z,7.08258,79.77753,0.2,250.4,343.3,MV X-Press Pearl,Container,at anchor
563118200,2021-05-19T00:30:00Z,7.08242,79.77743,0.2,303.4,126.0,MV X-Press Pearl,Container,at anchor
563118200,2021-05-19T00:40:00Z,7.08246,79.77755,0.2,296.3,273.0,MV X-Press Pearl,Container,at anchor
563118200,2021-05-19T00:50:00Z,7.08256,79.77755,0.1,219.8,310.5,MV X-Press Pearl,Container,at anchor
563118200,2021-05-19T01:00:00Z,7.08249,79.77757,0.2,210.1,104.1,MV X-Press Pearl,Container,at anchor
563118200,2021-05-19T01:10:00Z,7.0826,79.77747,0.1,144.4,178.0,MV X-Press Pearl,Container,at anchor
563118200,2021-05-19T01:20:00Z,7.08252,79.77744,0.0,105.9,99.5,MV X-Press Pearl,Container,at anchor
563118200,2021-05-19T01:30:00Z,7.08254,79.77748,0.4,215.2,67.2,MV X-Press Pearl,Container,at anchor
563118200,2021-05-19T01:40:00Z,7.08251,79.77755,0.3,209.0,38.5,MV X-Press Pearl,Container,at anchor
563118200,2021-05-19T01:50:00Z,7.08255,79.77755,0.4,6.1,268.4,MV X-Press Pearl,Container,at anchor
563118200,2021-05-19T02:00:00Z,7.0825,79.77747,0.2,91.8,27.3,MV X-Press Pearl,Container,at anchor
563118200,2021-05-19T02:10:00Z,7.08243,79.77743,0.3,314.7,357.5,MV X-Press Pearl,Container,at anchor
563118200,2021-05-19T02:20:00Z,7.08243,79.77745,0.5,39.4,15.2,MV X-Press Pearl,Container,at anchor
563118200,2021-05-19T02:30:00Z,7.0824,79.77742,0.2,240.9,26.4,MV X-Press Pearl,Container,at anchor
563118200,2021-05-19T02:40:00Z,7.08247,79.77753,0.5,132.9,165.9,MV X-Press Pearl,Container,at anchor
563118200,2021-05-19T02:50:00Z,7.08247,79.77752,0.2,212.7,37.7,MV X-Press Pearl,Container,at anchor
563118200,2021-05-19T03:00:00Z,7.08257,79.77758,0.2,6.4,6.2,MV X-Press Pearl,Container,at anchor
563118200,2021-05-19T03:10:00Z,7.08243,79.77741,0.2,44.1,155.2,MV X-Press Pearl,Container,at anchor
563118200,2021-05-19T03:20:00Z,7.08252,79.7775,0.4,5.4,84.8,MV X-Press Pearl,Container,at anchor
563118200,2021-05-19T03:30:00Z,7.08241,79.77758,0.2,119.2,79.2,MV X-Press Pearl,Container,at anchor
563118200,2021-05-19T03:40:00Z,7.08251,79.77746,0.3,329.9,188.7,MV X-Press Pearl,Container,at anchor
563118200,2021-05-19T03:50:00Z,7.08246,79.77754,0.4,100.9,304.7,MV X-Press Pearl,Container,at anchor
563118200,2021-05-19T04:00:00Z,7.08255,79.77741,0.1,55.2,141.8,MV X-Press Pearl,Container,at anchor
563118200,2021-05-19T04:10:00Z,7.08256,79.77758,0.2,106.0,178.1,MV X-Press Pearl,Container,at anchor
563118200,2021-05-19T04:20:00Z,7.08244,79.77748,0.2,177.8,337.9,MV X-Press Pearl,Container,at anchor
563118200,2021-05-19T04:30:00Z,7.08244,79.7775,0.2,38.0,212.5,MV X-Press Pearl,Container,at anchor
563118200,2021-05-19T04:40:00Z,7.08251,79.77759,0.4,345.4,354.9,MV X-Press Pearl,Container,at anchor
563118200,2021-05-19T04:50:00Z,7.08257,79.77748,0.3,62.4,193.5,MV X-Press Pearl,Container,at anchor
563118200,2021-05-19T05:00:00Z,7.0825,79.7774,0.1,8.0,136.5,MV X-Press Pearl,Container,at anchor
563118200,2021-05-19T05:10:00Z,7.08241,79.77744,0.5,278.5,148.5,MV X-Press Pearl,Container,at anchor
563118200,2021-05-19T05:20:00Z,7.08246,79.77744,0.0,226.5,352.8,MV X-Press Pearl,Container,at anchor
563118200,2021-05-19T05:30:00Z,7.08246,79.77748,0.2,84.0,223.3,MV X-Press Pearl,Container,at anchor
563118200,2021-05-19T05:40:00Z,7.08242,79.77748,0.1,256.8,65.6,MV X-Press Pearl,Container,at anchor
563118200,2021-05-19T05:50:00Z,7.08243,79.77753,0.5,71.5,174.6,MV X-Press Pearl,Container,at anchor
563118200,2021-05-19T06:00:00Z,7.08257,79.77758,0.2,108.1,11.3,MV X-Press Pearl,Container,at anchor
563118200,2021-05-19T06:10:00Z,7.0825,79.77753,0.4,221.6,113.6,MV X-Press Pearl,Container,at anchor
563118200,2021-05-19T06:20:00Z,7.08251,79.77754,0.4,348.7,127.9,MV X-Press Pearl,Container,at anchor
563118200,2021-05-19T06:30:00Z,7.08249,79.77751,0.0,259.6,27.1,MV X-Press Pearl,Container,at anchor
563118200,2021-05-19T06:40:00Z,7.08244,79.77748,0.3,324.7,36.8,MV X-Press Pearl,Container,at anchor
563118200,2021-05-19T06:50:00Z,7.08255,79.77748,0.1,94.7,280.1,MV X-Press Pearl,Container,at anchor
563118200,2021-05-19T07:00:00Z,7.08241,79.77753,0.5,339.2,312.6,MV X-Press Pearl,Container,at anchor
563118200,2021-05-19T07:10:00Z,7.08251,79.77756,0.2,349.7,166.5,MV X-Press Pearl,Container,at anchor
563118200,2021-05-19T07:20:00Z,7.08259,79.77742,0.1,332.1,243.0,MV X-Press Pearl,Container,at anchor
563118200,2021-05-19T07:30:00Z,7.08259,79.77745,0.4,349.6,247.4,MV X-Press Pearl,Container,at anchor
563118200,2021-05-19T07:40:00Z,7.08241,79.77751,0.1,323.0,7.6,MV X-Press Pearl,Container,at anchor
563118200,2021-05-19T07:50:00Z,7.08259,79.77755,0.4,208.1,215.0,MV X-Press Pearl,Container,at anchor
563118200,2021-05-19T08:00:00Z,7.08259,79.77758,0.2,6.9,22.8,MV X-Press Pearl,Container,at anchor
563118200,2021-05-19T08:10:00Z,7.08252,79.77753,0.5,100.8,333.5,MV X-Press Pearl,Container,at anchor
563118200,2021-05-19T08:20:00Z,7.08243,79.77748,0.5,252.8,274.9,MV X-Press Pearl,Container,at anchor
563118200,2021-05-19T08:30:00Z,7.08253,79.77747,0.4,30.7,44.4,MV X-Press Pearl,Container,at anchor
563118200,2021-05-19T08:40:00Z,7.08255,79.77755,0.4,88.5,326.9,MV X-Press Pearl,Container,at anchor
563118200,2021-05-19T08:50:00Z,7.0826,79.77744,0.3,21.6,169.3,MV X-Press Pearl,Container,at anchor
563118200,2021-05-19T09:00:00Z,7.08247,79.77748,0.2,130.9,173.3,MV X-Press Pearl,Container,at anchor
563118200,2021-05-19T09:10:00Z,7.08244,79.77743,0.2,86.4,115.0,MV X-Press Pearl,Container,at anchor
563118200,2021-05-19T09:20:00Z,7.08251,79.77749,0.1,352.1,143.2,MV X-Press Pearl,Container,at anchor
563118200,2021-05-19T09:30:00Z,7.08247,79.7775,0.5,240.8,208.0,MV X-Press Pearl,Container,at anchor
563118200,2021-05-19T09:40:00Z,7.08251,79.77746,0.3,93.5,209.5,MV X-Press Pearl,Container,at anchor
563118200,2021-05-19T09:50:00Z,7.08247,79.77749,0.1,330.5,212.5,MV X-Press Pearl,Container,at anchor
563118200,2021-05-19T10:00:00Z,7.08242,79.77752,0.3,96.6,235.2,MV X-Press Pearl,Container,at anchor
563118200,2021-05-19T10:10:00Z,7.08249,79.77749,0.3,335.9,131.2,MV X-Press Pearl,Container,at anchor
563118200,2021-05-19T10:20:00Z,7.08247,79.7775,0.1,302.8,28.5,MV X-Press Pearl,Container,at anchor
563118200,2021-05-19T10:30:00Z,7.08252,79.77747,0.4,109.7,199.7,MV X-Press Pearl,Container,at anchor
563118200,2021-05-19T10:40:00Z,7.08246,79.77755,0.3,323.5,215.6,MV X-Press Pearl,Container,at anchor
563118200,2021-05-19T10:50:00Z,7.08254,79.77749,0.1,210.4,300.3,MV X-Press Pearl,Container,at anchor
563118200,2021-05-19T11:00:00Z,7.08255,79.77758,0.2,10.0,233.8,MV X-Press Pearl,Container,at anchor
563118200,2021-05-19T11:10:00Z,7.08241,79.77751,0.5,232.5,259.7,MV X-Press Pearl,Container,at anchor
563118200,2021-05-19T11:20:00Z,7.08254,79.77752,0.2,36.4,168.5,MV X-Press Pearl,Container,at anchor
563118200,2021-05-19T11:30:00Z,7.08241,79.77742,0.5,95.6,145.6,MV X-Press Pearl,Container,at anchor
563118200,2021-05-19T11:40:00Z,7.08241,79.77759,0.1,177.1,35.0,MV X-Press Pearl,Container,at anchor
563118200,2021-05-19T11:50:00Z,7.08258,79.77753,0.4,149.5,232.0,MV X-Press Pearl,Container,at anchor
563118200,2021-05-19T12:00:00Z,7.08256,79.77758,0.4,171.2,329.8,MV X-Press Pearl,Container,at anchor
563118200,2021-05-19T12:10:00Z,7.0825,79.7774,0.1,247.3,75.7,MV X-Press Pearl,Container,at anchor
563118200,2021-05-19T12:20:00Z,7.08257,79.77743,0.4,296.3,5.5,MV X-Press Pearl,Container,at anchor
563118200,2021-05-19T12:30:00Z,7.08247,79.77758,0.3,28.0,181.1,MV X-Press Pearl,Container,at anchor
563118200,2021-05-19T12:40:00Z,7.08257,79.77748,0.4,26.3,123.1,MV X-Press Pearl,Container,at anchor
563118200,2021-05-19T12:50:00Z,7.08243,79.77757,0.4,170.9,34.3,MV X-Press Pearl,Container,at anchor
563118200,2021-05-19T13:00:00Z,7.08247,79.77743,0.3,228.5,80.5,MV X-Press Pearl,Container,at anchor
563118200,2021-05-19T13:10:00Z,7.08259,79.77748,0.1,209.0,266.0,MV X-Press Pearl,Container,at anchor
563118200,2021-05-19T13:20:00Z,7.08252,79.77756,0.4,168.5,52.1,MV X-Press Pearl,Container,at anchor
563118200,2021-05-19T13:30:00Z,7.08259,79.77742,0.4,81.8,318.6,MV X-Press Pearl,Container,at anchor
563118200,2021-05-19T13:40:00Z,7.08249,79.77749,0.3,12.0,54.3,MV X-Press Pearl,Container,at anchor
563118200,2021-05-19T13:50:00Z,7.08253,79.7775,0.3,354.2,101.2,MV X-Press Pearl,Container,at anchor
563118200,2021-05-19T14:00:00Z,7.08252,79.77749,0.3,297.9,167.6,MV X-Press Pearl,Container,at anchor
563118200,2021-05-19T14:10:00Z,7.08247,79.77748,0.1,166.7,105.9,MV X-Press Pearl,Container,at anchor
563118200,2021-05-19T14:20:00Z,7.08251,79.77751,0.1,254.7,85.0,MV X-Press Pearl,Container,at anchor
563118200,2021-05-19T14:30:00Z,7.0825,79.77751,0.1,243.7,310.2,MV X-Press Pearl,Container,at anchor
563118200,2021-05-19T14:40:00Z,7.08257,79.77749,0.2,30.2,260.4,MV X-Press Pearl,Container,at anchor
563118200,2021-05-19T14:50:00Z,7.08248,79.77749,0.5,283.7,137.4,MV X-Press Pearl,Container,at anchor
563118200,2021-05-19T15:00:00Z,7.0825,79.77743,0.3,341.1,337.4,MV X-Press Pearl,Container,at anchor
563118200,2021-05-19T15:10:00Z,7.08256,79.77755,0.0,230.8,121.3,MV X-Press Pearl,Container,at anchor
563118200,2021-05-19T15:20:00Z,7.08259,79.77742,0.3,81.7,78.5,MV X-Press Pearl,Container,at anchor
563118200,2021-05-19T15:30:00Z,7.08242,79.77757,0.2,1.7,112.2,MV X-Press Pearl,Container,at anchor
563118200,2021-05-19T15:40:00Z,7.08246,79.77758,0.4,195.4,314.9,MV X-Press Pearl,Container,at anchor
563118200,2021-05-19T15:50:00Z,7.08243,79.77745,0.5,199.8,141.0,MV X-Press Pearl,Container,at anchor
563118200,2021-05-19T16:00:00Z,7.08247,79.77742,0.2,144.2,63.6,MV X-Press Pearl,Container,at anchor
563118200,2021-05-19T16:10:00Z,7.08247,79.77749,0.5,110.0,203.6,MV X-Press Pearl,Container,at anchor
563118200,2021-05-19T16:20:00Z,7.08244,79.77753,0.1,40.5,185.3,MV X-Press Pearl,Container,at anchor
563118200,2021-05-19T16:30:00Z,7.08244,79.77748,0.0,175.8,129.4,MV X-Press Pearl,Container,at anchor
563118200,2021-05-19T16:40:00Z,7.08244,79.77748,0.3,328.8,353.1,MV X-Press Pearl,Container,at anchor
563118200,2021-05-19T16:50:00Z,7.08245,79.77747,0.1,336.7,204.6,MV X-Press Pearl,Container,at anchor
563118200,2021-05-19T17:00:00Z,7.08257,79.77744,0.5,163.1,140.9,MV X-Press Pearl,Container,at anchor
563118200,2021-05-19T17:10:00Z,7.08241,79.7775,0.3,81.2,261.8,MV X-Press Pearl,Container,at anchor
563118200,2021-05-19T17:20:00Z,7.08251,79.77745,0.3,326.0,254.2,MV X-Press Pearl,Container,at anchor
563118200,2021-05-19T17:30:00Z,7.08245,79.77754,0.5,339.9,189.8,MV X-Press Pearl,Container,at anchor
563118200,2021-05-19T17:40:00Z,7.08256,79.77745,0.4,29.3,262.1,MV X-Press Pearl,Container,at anchor
563118200,2021-05-19T17:50:00Z,7.08247,79.77749,0.2,250.1,18.9,MV X-Press Pearl,Container,at anchor
563118200,2021-05-19T18:00:00Z,7.08241,79.77744,0.3,97.5,266.7,MV X-Press Pearl,Container,at anchor
563118200,2021-05-19T18:10:00Z,7.08247,79.7775,0.5,224.9,311.1,MV X-Press Pearl,Container,at anchor
563118200,2021-05-19T18:20:00Z,7.08252,79.77741,0.4,55.8,354.8,MV X-Press Pearl,Container,at anchor
563118200,2021-05-19T18:30:00Z,7.08247,79.77756,0.2,309.4,218.6,MV X-Press Pearl,Container,at anchor
563118200,2021-05-19T18:40:00Z,7.0826,79.77756,0.2,294.1,26.3,MV X-Press Pearl,Container,at anchor
563118200,2021-05-19T18:50:00Z,7.08249,79.77757,0.3,270.3,159.5,MV X-Press Pearl,Container,at anchor
563118200,2021-05-19T19:00:00Z,7.08255,79.77753,0.5,55.0,132.4,MV X-Press Pearl,Container,at anchor
563118200,2021-05-19T19:10:00Z,7.08243,79.77755,0.3,32.7,146.5,MV X-Press Pearl,Container,at anchor
563118200,2021-05-19T19:20:00Z,7.08247,79.77748,0.2,86.9,192.1,MV X-Press Pearl,Container,at anchor
563118200,2021-05-19T19:30:00Z,7.08254,79.7775,0.0,45.2,68.5,MV X-Press Pearl,Container,at anchor
563118200,2021-05-19T19:40:00Z,7.08254,79.77745,0.2,61.6,226.0,MV X-Press Pearl,Container,at anchor
563118200,2021-05-19T19:50:00Z,7.08258,79.77742,0.0,72.0,155.2,MV X-Press Pearl,Container,at anchor
563118200,2021-05-19T20:00:00Z,7.08246,79.77742,0.1,260.7,184.4,MV X-Press Pearl,Container,at anchor
563118200,2021-05-19T20:10:00Z,7.08246,79.77755,0.3,157.9,25.9,MV X-Press Pearl,Container,at anchor
563118200,2021-05-19T20:20:00Z,7.08246,79.77758,0.1,106.7,78.8,MV X-Press Pearl,Container,at anchor
563118200,2021-05-19T20:30:00Z,7.08244,79.77756,0.5,76.6,265.5,MV X-Press Pearl,Container,at anchor
563118200,2021-05-19T20:40:00Z,7.08247,79.77746,0.2,321.8,193.9,MV X-Press Pearl,Container,at anchor
563118200,2021-05-19T20:50:00Z,7.08241,79.77744,0.1,86.6,320.1,MV X-Press Pearl,Container,at anchor
563118200,2021-05-19T21:00:00Z,7.0826,79.77742,0.5,204.5,282.5,MV X-Press Pearl,Container,at anchor
563118200,2021-05-19T21:10:00Z,7.0825,79.77746,0.3,265.6,194.3,MV X-Press Pearl,Container,at anchor
563118200,2021-05-19T21:20:00Z,7.08244,79.77755,0.3,179.2,6.2,MV X-Press Pearl,Container,at anchor
563118200,2021-05-19T21:30:00Z,7.0825,79.77758,0.1,126.7,275.8,MV X-Press Pearl,Container,at anchor
563118200,2021-05-19T21:40:00Z,7.0826,79.77746,0.0,262.8,336.6,MV X-Press Pearl,Container,at anchor
563118200,2021-05-19T21:50:00Z,7.08241,79.77742,0.4,300.3,225.3,MV X-Press Pearl,Container,at anchor
563118200,2021-05-19T22:00:00Z,7.08251,79.77753,0.2,112.3,266.9,MV X-Press Pearl,Container,at anchor
563118200,2021-05-19T22:10:00Z,7.0825,79.77757,0.2,10.9,260.6,MV X-Press Pearl,Container,at anchor
563118200,2021-05-19T22:20:00Z,7.08246,79.7774,0.4,48.8,234.7,MV X-Press Pearl,Container,at anchor
563118200,2021-05-19T22:30:00Z,7.08257,79.77752,0.3,169.6,220.9,MV X-Press Pearl,Container,at anchor
563118200,2021-05-19T22:40:00Z,7.08254,79.7776,0.4,318.7,158.7,MV X-Press Pearl,Container,at anchor
563118200,2021-05-19T22:50:00Z,7.0826,79.77741,0.1,247.5,22.2,MV X-Press Pearl,Container,at anchor
563118200,2021-05-19T23:00:00Z,7.08247,79.77753,0.1,282.9,2.2,MV X-Press Pearl,Container,at anchor
563118200,2021-05-19T23:10:00Z,7.08242,79.77755,0.3,283.7,50.1,MV X-Press Pearl,Container,at anchor
563118200,2021-05-19T23:20:00Z,7.08245,79.77757,0.1,329.7,129.6,MV X-Press Pearl,Container,at anchor
563118200,2021-05-19T23:30:00Z,7.08253,79.77748,0.1,57.4,142.7,MV X-Press Pearl,Container,at anchor
563118200,2021-05-19T23:40:00Z,7.08254,79.77748,0.3,266.3,42.8,MV X-Press Pearl,Container,at anchor
563118200,2021-05-19T23:50:00Z,7.08246,79.77758,0.1,66.4,67.8,MV X-Press Pearl,Container,at anchor
563118200,2021-05-20T00:00:00Z,7.08243,79.77747,0.1,209.3,315.9,MV X-Press Pearl,Container,at anchor
563118200,2021-05-20T00:10:00Z,7.08241,79.77759,0.5,71.7,10.4,MV X-Press Pearl,Container,at anchor
563118200,2021-05-20T00:20:00Z,7.08259,79.77753,0.3,17.3,58.3,MV X-Press Pearl,Container,at anchor
563118200,2021-05-20T00:30:00Z,7.08245,79.77753,0.4,34.6,141.9,MV X-Press Pearl,Container,at anchor
563118200,2021-05-20T00:40:00Z,7.0825,79.77748,0.2,6.8,308.4,MV X-Press Pearl,Container,at anchor
563118200,2021-05-20T00:50:00Z,7.0826,79.77747,0.3,112.0,287.0,MV X-Press Pearl,Container,at anchor
563118200,2021-05-20T01:00:00Z,7.08241,79.77751,0.0,145.2,102.4,MV X-Press Pearl,Container,at anchor
563118200,2021-05-20T01:10:00Z,7.08248,79.77747,0.2,57.0,224.5,MV X-Press Pearl,Container,at anchor
563118200,2021-05-20T01:20:00Z,7.08251,79.77753,0.0,345.7,64.1,MV X-Press Pearl,Container,at anchor
563118200,2021-05-20T01:30:00Z,7.08248,79.77748,0.1,163.2,30.7,MV X-Press Pearl,Container,at anchor
563118200,2021-05-20T01:40:00Z,7.08249,79.77751,0.2,296.4,294.1,MV X-Press Pearl,Container,at anchor
563118200,2021-05-20T01:50:00Z,7.08255,79.77756,0.3,37.4,68.0,MV X-Press Pearl,Container,at anchor
563112345,2021-05-19T00:00:00Z,6.63343,79.17844,9.8,200.6,200.6,MV Pacific Star,Container,under way using engine
563112345,2021-05-19T00:10:00Z,6.63488,79.18464,10.0,46.5,46.5,MV Pacific Star,Container,under way using engine
563112345,2021-05-19T00:20:00Z,6.63632,79.19084,11.3,237.4,237.4,MV Pacific Star,Container,under way using engine
563112345,2021-05-19T00:30:00Z,6.63777,79.19704,14.0,350.5,350.5,MV Pacific Star,Container,under way using engine
563112345,2021-05-19T00:40:00Z,6.63922,79.20323,10.7,263.5,263.5,MV Pacific Star,Container,under way using engine
563112345,2021-05-19T00:50:00Z,6.64066,79.20943,14.4,168.2,168.2,MV Pacific Star,Container,under way using engine
563112345,2021-05-19T01:00:00Z,6.64211,79.21563,13.2,172.0,172.0,MV Pacific Star,Container,under way using engine
563112345,2021-05-19T01:10:00Z,6.64356,79.22183,8.9,34.5,34.5,MV Pacific Star,Container,under way using engine
563112345,2021-05-19T01:20:00Z,6.645,79.22803,8.9,50.0,50.0,MV Pacific Star,Container,under way using engine
563112345,2021-05-19T01:30:00Z,6.64645,79.23422,8.9,314.6,314.6,MV Pacific Star,Container,under way using engine
563112345,2021-05-19T01:40:00Z,6.6479,79.24042,11.3,62.9,62.9,MV Pacific Star,Container,under way using engine
563112345,2021-05-19T01:50:00Z,6.64934,79.24662,12.6,339.6,339.6,MV Pacific Star,Container,under way using engine
563112345,2021-05-19T02:00:00Z,6.65079,79.25282,12.1,206.4,206.4,MV Pacific Star,Container,under way using engine
563112345,2021-05-19T02:10:00Z,6.65224,79.25901,8.7,12.6,12.6,MV Pacific Star,Container,under way using engine
563112345,2021-05-19T02:20:00Z,6.65368,79.26521,15.0,111.3,111.3,MV Pacific Star,Container,under way using engine
563112345,2021-05-19T02:30:00Z,6.65513,79.27141,14.5,73.5,73.5,MV Pacific Star,Container,under way using engine
563112345,2021-05-19T02:40:00Z,6.65658,79.27761,13.8,283.7,283.7,MV Pacific Star,Container,under way using engine
563112345,2021-05-19T02:50:00Z,6.65802,79.28381,12.3,238.8,238.8,MV Pacific Star,Container,under way using engine
563112345,2021-05-19T03:00:00Z,6.65947,79.29,12.9,322.3,322.3,MV Pacific Star,Container,under way using engine
563112345,2021-05-19T03:10:00Z,6.66092,79.2962,8.4,236.5,236.5,MV Pacific Star,Container,under way using engine
563112345,2021-05-19T03:20:00Z,6.66236,79.3024,13.3,249.9,249.9,MV Pacific Star,Container,under way using engine
563112345,2021-05-19T03:30:00Z,6.66381,79.3086,8.2,343.9,343.9,MV Pacific Star,Container,under way using engine
563112345,2021-05-19T03:40:00Z,6.66526,79.31479,11.0,182.1,182.1,MV Pacific Star,Container,under way using engine
563112345,2021-05-19T03:50:00Z,6.6667,79.32099,8.9,16.4,16.4,MV Pacific Star,Container,under way using engine
563112345,2021-05-19T04:00:00Z,6.66815,79.32719,14.3,227.7,227.7,MV Pacific Star,Container,under way using engine
563112345,2021-05-19T04:10:00Z,6.6696,79.33339,13.4,176.6,176.6,MV Pacific Star,Container,under way using engine
563112345,2021-05-19T04:20:00Z,6.67104,79.33959,10.7,300.4,300.4,MV Pacific Star,Container,under way using engine
563112345,2021-05-19T04:30:00Z,6.67249,79.34578,14.4,240.0,240.0,MV Pacific Star,Container,under way using engine
563112345,2021-05-19T04:40:00Z,6.67394,79.35198,12.7,122.4,122.4,MV Pacific Star,Container,under way using engine
563112345,2021-05-19T04:50:00Z,6.67538,79.35818,14.6,133.6,133.6,MV Pacific Star,Container,under way using engine
563112345,2021-05-19T05:00:00Z,6.67683,79.36438,13.3,270.3,270.3,MV Pacific Star,Container,under way using engine
563112345,2021-05-19T05:10:00Z,6.67828,79.37057,11.3,95.3,95.3,MV Pacific Star,Container,under way using engine
563112345,2021-05-19T05:20:00Z,6.67972,79.37677,10.8,190.4,190.4,MV Pacific Star,Container,under way using engine
563112345,2021-05-19T05:30:00Z,6.68117,79.38297,15.0,203.0,203.0,MV Pacific Star,Container,under way using engine
563112345,2021-05-19T05:40:00Z,6.68262,79.38917,13.6,176.5,176.5,MV Pacific Star,Container,under way using engine
563112345,2021-05-19T05:50:00Z,6.68406,79.39536,13.9,198.6,198.6,MV Pacific Star,Container,under way using engine
563112345,2021-05-19T06:00:00Z,6.68551,79.40156,12.0,285.4,285.4,MV Pacific Star,Container,under way using engine
563112345,2021-05-19T06:10:00Z,6.68696,79.40776,9.5,123.8,123.8,MV Pacific Star,Container,under way using engine
563112345,2021-05-19T06:20:00Z,6.68841,79.41396,13.8,112.2,112.2,MV Pacific Star,Container,under way using engine
563112345,2021-05-19T06:30:00Z,6.68985,79.42016,13.8,350.6,350.6,MV Pacific Star,Container,under way using engine
563112345,2021-05-19T06:40:00Z,6.6913,79.42635,12.6,147.7,147.7,MV Pacific Star,Container,under way using engine
563112345,2021-05-19T06:50:00Z,6.69275,79.43255,9.4,352.9,352.9,MV Pacific Star,Container,under way using engine
563112345,2021-05-19T07:00:00Z,6.69419,79.43875,11.3,311.4,311.4,MV Pacific Star,Container,under way using engine
563112345,2021-05-19T07:10:00Z,6.69564,79.44495,11.0,219.4,219.4,MV Pacific Star,Container,under way using engine
563112345,2021-05-19T07:20:00Z,6.69709,79.45114,9.6,202.2,202.2,MV Pacific Star,Container,under way using engine
563112345,2021-05-19T07:30:00Z,6.69853,79.45734,10.6,92.5,92.5,MV Pacific Star,Container,under way using engine
563112345,2021-05-19T07:40:00Z,6.69998,79.46354,8.5,186.4,186.4,MV Pacific Star,Container,under way using engine
563112345,2021-05-19T07:50:00Z,6.70143,79.46974,14.1,191.3,191.3,MV Pacific Star,Container,under way using engine
563112345,2021-05-19T08:00:00Z,6.70287,79.47594,11.2,176.6,176.6,MV Pacific Star,Container,under way using engine
563112345,2021-05-19T08:10:00Z,6.70432,79.48213,13.4,26.7,26.7,MV Pacific Star,Container,under way using engine
563112345,2021-05-19T08:20:00Z,6.70577,79.48833,8.9,16.5,16.5,MV Pacific Star,Container,under way using engine
563112345,2021-05-19T08:30:00Z,6.70721,79.49453,11.0,291.6,291.6,MV Pacific Star,Container,under way using engine
563112345,2021-05-19T08:40:00Z,6.70866,79.50073,11.2,230.6,230.6,MV Pacific Star,Container,under way using engine
563112345,2021-05-19T08:50:00Z,6.71011,79.50692,14.5,20.4,20.4,MV Pacific Star,Container,under way using engine
563112345,2021-05-19T09:00:00Z,6.71155,79.51312,14.4,346.5,346.5,MV Pacific Star,Container,under way using engine
563112345,2021-05-19T09:10:00Z,6.713,79.51932,8.8,347.5,347.5,MV Pacific Star,Container,under way using engine
563112345,2021-05-19T09:20:00Z,6.71445,79.52552,11.3,80.3,80.3,MV Pacific Star,Container,under way using engine
563112345,2021-05-19T09:30:00Z,6.71589,79.53172,10.9,161.6,161.6,MV Pacific Star,Container,under way using engine
563112345,2021-05-19T09:40:00Z,6.71734,79.53791,9.5,199.9,199.9,MV Pacific Star,Container,under way using engine
563112345,2021-05-19T09:50:00Z,6.71879,79.54411,13.3,195.0,195.0,MV Pacific Star,Container,under way using engine
563112345,2021-05-19T10:00:00Z,6.72023,79.55031,8.1,183.0,183.0,MV Pacific Star,Container,under way using engine
563112345,2021-05-19T10:10:00Z,6.72168,79.55651,11.4,159.5,159.5,MV Pacific Star,Container,under way using engine
563112345,2021-05-19T10:20:00Z,6.72313,79.5627,10.8,24.5,24.5,MV Pacific Star,Container,under way using engine
563112345,2021-05-19T10:30:00Z,6.72457,79.5689,9.5,13.5,13.5,MV Pacific Star,Container,under way using engine
563112345,2021-05-19T10:40:00Z,6.72602,79.5751,8.1,14.2,14.2,MV Pacific Star,Container,under way using engine
563112345,2021-05-19T10:50:00Z,6.72747,79.5813,12.4,30.0,30.0,MV Pacific Star,Container,under way using engine
563112345,2021-05-19T11:00:00Z,6.72891,79.5875,10.1,44.3,44.3,MV Pacific Star,Container,under way using engine
563112345,2021-05-19T11:10:00Z,6.73036,79.59369,8.3,148.7,148.7,MV Pacific Star,Container,under way using engine
563112345,2021-05-19T11:20:00Z,6.73181,79.59989,13.9,247.9,247.9,MV Pacific Star,Container,under way using engine
563112345,2021-05-19T11:30:00Z,6.73325,79.60609,12.8,95.1,95.1,MV Pacific Star,Container,under way using engine
563112345,2021-05-19T11:40:00Z,6.7347,79.61229,12.4,23.5,23.5,MV Pacific Star,Container,under way using engine
563112345,2021-05-19T11:50:00Z,6.73615,79.61848,10.2,284.1,284.1,MV Pacific Star,Container,under way using engine
563112345,2021-05-19T12:00:00Z,6.73759,79.62468,8.7,131.5,131.5,MV Pacific Star,Container,under way using engine
563112345,2021-05-19T12:10:00Z,6.73904,79.63088,9.4,311.8,311.8,MV Pacific Star,Container,under way using engine
563112345,2021-05-19T12:20:00Z,6.74049,79.63708,8.4,283.2,283.2,MV Pacific Star,Container,under way using engine
563112345,2021-05-19T12:30:00Z,6.74193,79.64327,13.4,199.0,199.0,MV Pacific Star,Container,under way using engine
563112345,2021-05-19T12:40:00Z,6.74338,79.64947,12.4,103.4,103.4,MV Pacific Star,Container,under way using engine
563112345,2021-05-19T12:50:00Z,6.74483,79.65567,13.3,276.9,276.9,MV Pacific Star,Container,under way using engine
563112345,2021-05-19T13:00:00Z,6.74627,79.66187,14.3,55.0,55.0,MV Pacific Star,Container,under way using engine
563112345,2021-05-19T13:10:00Z,6.74772,79.66807,9.4,7.6,7.6,MV Pacific Star,Container,under way using engine
563112345,2021-05-19T13:20:00Z,6.74917,79.67426,14.8,17.8,17.8,MV Pacific Star,Container,under way using engine
563112345,2021-05-19T13:30:00Z,6.75061,79.68046,12.5,214.2,214.2,MV Pacific Star,Container,under way using engine
563112345,2021-05-19T13:40:00Z,6.75206,79.68666,14.4,296.5,296.5,MV Pacific Star,Container,under way using engine
563112345,2021-05-19T13:50:00Z,6.75351,79.69286,8.6,87.4,87.4,MV Pacific Star,Container,under way using engine
563112345,2021-05-19T14:00:00Z,6.75495,79.69905,8.6,106.5,106.5,MV Pacific Star,Container,under way using engine
563112345,2021-05-19T14:10:00Z,6.7564,79.70525,14.0,73.9,73.9,MV Pacific Star,Container,under way using engine
563112345,2021-05-19T14:20:00Z,6.75785,79.71145,12.1,26.5,26.5,MV Pacific Star,Container,under way using engine
563112345,2021-05-19T14:30:00Z,6.75929,79.71765,8.6,0.5,0.5,MV Pacific Star,Container,under way using engine
563112345,2021-05-19T14:40:00Z,6.76074,79.72385,12.4,319.7,319.7,MV Pacific Star,Container,under way using engine
563112345,2021-05-19T14:50:00Z,6.76219,79.73004,10.0,204.5,204.5,MV Pacific Star,Container,under way using engine
563112345,2021-05-19T15:00:00Z,6.76363,79.73624,13.9,9.4,9.4,MV Pacific Star,Container,under way using engine
563112345,2021-05-19T15:10:00Z,6.76508,79.74244,11.1,79.7,79.7,MV Pacific Star,Container,under way using engine
563112345,2021-05-19T15:20:00Z,6.76653,79.74864,14.6,335.6,335.6,MV Pacific Star,Container,under way using engine
563112345,2021-05-19T15:30:00Z,6.76797,79.75483,9.1,4.5,4.5,MV Pacific Star,Container,under way using engine
563112345,2021-05-19T15:40:00Z,6.76942,79.76103,13.4,124.3,124.3,MV Pacific Star,Container,under way using engine
563112345,2021-05-19T15:50:00Z,6.77087,79.76723,13.9,350.9,350.9,MV Pacific Star,Container,under way using engine
563112345,2021-05-19T16:00:00Z,6.77231,79.77343,9.7,158.1,158.1,MV Pacific Star,Container,under way using engine
563112345,2021-05-19T16:10:00Z,6.77376,79.77963,9.7,258.5,258.5,MV Pacific Star,Container,under way using engine
563112345,2021-05-19T16:20:00Z,6.77521,79.78582,10.9,85.9,85.9,MV Pacific Star,Container,under way using engine
563112345,2021-05-19T16:30:00Z,6.77665,79.79202,14.4,97.6,97.6,MV Pacific Star,Container,under way using engine
563112345,2021-05-19T16:40:00Z,6.7781,79.79822,11.6,110.1,110.1,MV Pacific Star,Container,under way using engine
563112345,2021-05-19T16:50:00Z,6.77955,79.80442,11.5,65.7,65.7,MV Pacific Star,Container,under way using engine
563112345,2021-05-19T17:00:00Z,6.781,79.81061,12.9,346.6,346.6,MV Pacific Star,Container,under way using engine
563112345,2021-05-19T17:10:00Z,6.78244,79.81681,8.0,334.5,334.5,MV Pacific Star,Container,under way using engine
563112345,2021-05-19T17:20:00Z,6.78389,79.82301,10.8,180.1,180.1,MV Pacific Star,Container,under way using engine
563112345,2021-05-19T17:30:00Z,6.78534,79.82921,13.3,113.4,113.4,MV Pacific Star,Container,under way using engine
563112345,2021-05-19T17:40:00Z,6.78678,79.83541,11.3,357.5,357.5,MV Pacific Star,Container,under way using engine
563112345,2021-05-19T17:50:00Z,6.78823,79.8416,14.7,24.7,24.7,MV Pacific Star,Container,under way using engine
563112345,2021-05-19T18:00:00Z,6.78968,79.8478,11.3,51.2,51.2,MV Pacific Star,Container,under way using engine
563112345,2021-05-19T18:10:00Z,6.79112,79.854,9.2,41.3,41.3,MV Pacific Star,Container,under way using engine
563112345,2021-05-19T18:20:00Z,6.79257,79.8602,14.0,17.4,17.4,MV Pacific Star,Container,under way using engine
563112345,2021-05-19T18:30:00Z,6.79402,79.86639,11.1,155.6,155.6,MV Pacific Star,Container,under way using engine
563112345,2021-05-19T18:40:00Z,6.79546,79.87259,14.1,332.8,332.8,MV Pacific Star,Container,under way using engine
563112345,2021-05-19T18:50:00Z,6.79691,79.87879,10.1,59.0,59.0,MV Pacific Star,Container,under way using engine
563112345,2021-05-19T19:00:00Z,6.79836,79.88499,14.9,274.8,274.8,MV Pacific Star,Container,under way using engine
563112345,2021-05-19T19:10:00Z,6.7998,79.89118,10.6,194.6,194.6,MV Pacific Star,Container,under way using engine
563112345,2021-05-19T19:20:00Z,6.80125,79.89738,8.3,236.5,236.5,MV Pacific Star,Container,under way using engine
563112345,2021-05-19T19:30:00Z,6.8027,79.90358,8.3,29.8,29.8,MV Pacific Star,Container,under way using engine
563112345,2021-05-19T19:40:00Z,6.80414,79.90978,9.4,324.0,324.0,MV Pacific Star,Container,under way using engine
563112345,2021-05-19T19:50:00Z,6.80559,79.91598,9.5,77.7,77.7,MV Pacific Star,Container,under way using engine
563112345,2021-05-19T20:00:00Z,6.80704,79.92217,8.8,318.2,318.2,MV Pacific Star,Container,under way using engine
563112345,2021-05-19T20:10:00Z,6.80848,79.92837,11.0,174.5,174.5,MV Pacific Star,Container,under way using engine
563112345,2021-05-19T20:20:00Z,6.80993,79.93457,12.1,73.0,73.0,MV Pacific Star,Container,under way using engine
563112345,2021-05-19T20:30:00Z,6.81138,79.94077,10.1,223.4,223.4,MV Pacific Star,Container,under way using engine
563112345,2021-05-19T20:40:00Z,6.81282,79.94696,10.4,261.4,261.4,MV Pacific Star,Container,under way using engine
563112345,2021-05-19T20:50:00Z,6.81427,79.95316,8.1,54.6,54.6,MV Pacific Star,Container,under way using engine
563112345,2021-05-19T21:00:00Z,6.81572,79.95936,13.7,247.8,247.8,MV Pacific Star,Container,under way using engine
563112345,2021-05-19T21:10:00Z,6.81716,79.96556,13.4,335.9,335.9,MV Pacific Star,Container,under way using engine
563112345,2021-05-19T21:20:00Z,6.81861,79.97176,13.5,297.4,297.4,MV Pacific Star,Container,under way using engine
563112345,2021-05-19T21:30:00Z,6.82006,79.97795,13.0,95.3,95.3,MV Pacific Star,Container,under way using engine
563112345,2021-05-19T21:40:00Z,6.8215,79.98415,8.4,240.6,240.6,MV Pacific Star,Container,under way using engine
563112345,2021-05-19T21:50:00Z,6.82295,79.99035,14.0,240.3,240.3,MV Pacific Star,Container,under way using engine
563112345,2021-05-19T22:00:00Z,6.8244,79.99655,13.0,130.6,130.6,MV Pacific Star,Container,under way using engine
563112345,2021-05-19T22:10:00Z,6.82584,80.00274,10.7,327.3,327.3,MV Pacific Star,Container,under way using engine
563112345,2021-05-19T22:20:00Z,6.82729,80.00894,13.9,25.5,25.5,MV Pacific Star,Container,under way using engine
563112345,2021-05-19T22:30:00Z,6.82874,80.01514,9.5,81.6,81.6,MV Pacific Star,Container,under way using engine
563112345,2021-05-19T22:40:00Z,6.83018,80.02134,11.1,165.7,165.7,MV Pacific Star,Container,under way using engine
563112345,2021-05-19T22:50:00Z,6.83163,80.02754,13.5,176.8,176.8,MV Pacific Star,Container,under way using engine
563112345,2021-05-19T23:00:00Z,6.83308,80.03373,13.9,59.6,59.6,MV Pacific Star,Container,under way using engine
563112345,2021-05-19T23:10:00Z,6.83452,80.03993,8.4,268.3,268.3,MV Pacific Star,Container,under way using engine
563112345,2021-05-19T23:20:00Z,6.83597,80.04613,12.2,120.1,120.1,MV Pacific Star,Container,under way using engine
563112345,2021-05-19T23:30:00Z,6.83742,80.05233,14.8,87.2,87.2,MV Pacific Star,Container,under way using engine
563112345,2021-05-19T23:40:00Z,6.83886,80.05852,13.3,10.5,10.5,MV Pacific Star,Container,under way using engine
563112345,2021-05-19T23:50:00Z,6.84031,80.06472,11.0,162.1,162.1,MV Pacific Star,Container,under way using engine
563112345,2021-05-20T00:00:00Z,6.84176,80.07092,11.9,116.9,116.9,MV Pacific Star,Container,under way using engine
563112345,2021-05-20T00:10:00Z,6.8432,80.07712,10.3,324.2,324.2,MV Pacific Star,Container,under way using engine
563112345,2021-05-20T00:20:00Z,6.84465,80.08332,11.0,308.8,308.8,MV Pacific Star,Container,under way using engine
563112345,2021-05-20T00:30:00Z,6.8461,80.08951,10.7,269.9,269.9,MV Pacific Star,Container,under way using engine
563112345,2021-05-20T00:40:00Z,6.84754,80.09571,8.6,65.0,65.0,MV Pacific Star,Container,under way using engine
563112345,2021-05-20T00:50:00Z,6.84899,80.10191,11.0,222.9,222.9,MV Pacific Star,Container,under way using engine
563112345,2021-05-20T01:00:00Z,6.85044,80.10811,10.3,184.9,184.9,MV Pacific Star,Container,under way using engine
563112345,2021-05-20T01:10:00Z,6.85188,80.1143,10.2,144.4,144.4,MV Pacific Star,Container,under way using engine
563112345,2021-05-20T01:20:00Z,6.85333,80.1205,14.4,141.3,141.3,MV Pacific Star,Container,under way using engine
563112345,2021-05-20T01:30:00Z,6.85478,80.1267,14.6,135.7,135.7,MV Pacific Star,Container,under way using engine
563112345,2021-05-20T01:40:00Z,6.85622,80.1329,9.8,131.0,131.0,MV Pacific Star,Container,under way using engine
563112345,2021-05-20T01:50:00Z,6.85767,80.13909,11.0,322.8,322.8,MV Pacific Star,Container,under way using engine
563112345,2021-05-20T02:00:00Z,6.85912,80.14529,8.6,149.1,149.1,MV Pacific Star,Container,under way using engine
563112345,2021-05-20T02:10:00Z,6.86056,80.15149,10.3,189.8,189.8,MV Pacific Star,Container,under way using engine
563112345,2021-05-20T02:20:00Z,6.86201,80.15769,9.3,179.5,179.5,MV Pacific Star,Container,under way using engine
563112345,2021-05-20T02:30:00Z,6.86346,80.16389,13.3,25.0,25.0,MV Pacific Star,Container,under way using engine
563112345,2021-05-20T02:40:00Z,6.8649,80.17008,10.6,11.7,11.7,MV Pacific Star,Container,under way using engine
563112345,2021-05-20T02:50:00Z,6.86635,80.17628,14.3,311.0,311.0,MV Pacific Star,Container,under way using engine
563112345,2021-05-20T03:00:00Z,6.8678,80.18248,10.8,293.1,293.1,MV Pacific Star,Container,under way using engine
563112345,2021-05-20T03:10:00Z,6.86925,80.18868,10.7,350.0,350.0,MV Pacific Star,Container,under way using engine
563112345,2021-05-20T03:20:00Z,6.87069,80.19487,11.5,153.0,153.0,MV Pacific Star,Container,under way using engine
563112345,2021-05-20T03:30:00Z,6.87214,80.20107,14.7,92.3,92.3,MV Pacific Star,Container,under way using engine
563112345,2021-05-20T03:40:00Z,6.87359,80.20727,8.7,165.3,165.3,MV Pacific Star,Container,under way using engine
563112345,2021-05-20T03:50:00Z,6.87503,80.21347,14.0,309.9,309.9,MV Pacific Star,Container,under way using engine
563112345,2021-05-20T04:00:00Z,6.87648,80.21967,8.8,221.9,221.9,MV Pacific Star,Container,under way using engine
563112345,2021-05-20T04:10:00Z,6.87793,80.22586,13.4,244.6,244.6,MV Pacific Star,Container,under way using engine
563112345,2021-05-20T04:20:00Z,6.87937,80.23206,12.3,177.7,177.7,MV Pacific Star,Container,under way using engine
563112345,2021-05-20T04:30:00Z,6.88082,80.23826,14.4,329.1,329.1,MV Pacific Star,Container,under way using engine
563112345,2021-05-20T04:40:00Z,6.88227,80.24446,14.5,267.0,267.0,MV Pacific Star,Container,under way using engine
563112345,2021-05-20T04:50:00Z,6.88371,80.25065,12.7,270.6,270.6,MV Pacific Star,Container,under way using engine
563112345,2021-05-20T05:00:00Z,6.88516,80.25685,8.1,331.6,331.6,MV Pacific Star,Container,under way using engine
563112345,2021-05-20T05:10:00Z,6.88661,80.26305,9.7,152.9,152.9,MV Pacific Star,Container,under way using engine
563112345,2021-05-20T05:20:00Z,6.88805,80.26925,14.8,274.8,274.8,MV Pacific Star,Container,under way using engine
563112345,2021-05-20T05:30:00Z,6.8895,80.27545,11.4,117.7,117.7,MV Pacific Star,Container,under way using engine
563112345,2021-05-20T05:40:00Z,6.89095,80.28164,8.1,236.3,236.3,MV Pacific Star,Container,under way using engine
563112345,2021-05-20T05:50:00Z,6.89239,80.28784,12.6,322.5,322.5,MV Pacific Star,Container,under way using engine
563112345,2021-05-20T06:00:00Z,6.89384,80.29404,10.7,243.8,243.8,MV Pacific Star,Container,under way using engine
563112345,2021-05-20T06:10:00Z,6.89529,80.30024,14.4,253.9,253.9,MV Pacific Star,Container,under way using engine
563112345,2021-05-20T06:20:00Z,6.89673,80.30643,13.2,132.4,132.4,MV Pacific Star,Container,under way using engine
563112345,2021-05-20T06:30:00Z,6.89818,80.31263,8.6,112.2,112.2,MV Pacific Star,Container,under way using engine
563112345,2021-05-20T06:40:00Z,6.89963,80.31883,12.2,292.1,292.1,MV Pacific Star,Container,under way using engine
563112345,2021-05-20T06:50:00Z,6.90107,80.32503,10.0,74.4,74.4,MV Pacific Star,Container,under way using engine
563112345,2021-05-20T07:00:00Z,6.90252,80.33123,14.7,46.0,46.0,MV Pacific Star,Container,under way using engine
563112345,2021-05-20T07:10:00Z,6.90397,80.33742,14.5,165.3,165.3,MV Pacific Star,Container,under way using engine
563112345,2021-05-20T07:20:00Z,6.90541,80.34362,13.3,309.5,309.5,MV Pacific Star,Container,under way using engine
563112345,2021-05-20T07:30:00Z,6.90686,80.34982,10.3,195.3,195.3,MV Pacific Star,Container,under way using engine
563112345,2021-05-20T07:40:00Z,6.90831,80.35602,9.7,105.7,105.7,MV Pacific Star,Container,under way using engine
563112345,2021-05-20T07:50:00Z,6.90975,80.36221,8.8,93.3,93.3,MV Pacific Star,Container,under way using engine
563112345,2021-05-20T08:00:00Z,6.9112,80.36841,10.3,219.6,219.6,MV Pacific Star,Container,under way using engine
563112345,2021-05-20T08:10:00Z,6.91265,80.37461,9.5,229.4,229.4,MV Pacific Star,Container,under way using engine
563112345,2021-05-20T08:20:00Z,6.91409,80.38081,12.9,277.1,277.1,MV Pacific Star,Container,under way using engine
563112345,2021-05-20T08:30:00Z,6.91554,80.387,8.7,187.5,187.5,MV Pacific Star,Container,under way using engine
563112345,2021-05-20T08:40:00Z,6.91699,80.3932,10.8,49.3,49.3,MV Pacific Star,Container,under way using engine
563112345,2021-05-20T08:50:00Z,6.91843,80.3994,13.4,99.2,99.2,MV Pacific Star,Container,under way using engine
563112345,2021-05-20T09:00:00Z,6.91988,80.4056,8.5,31.4,31.4,MV Pacific Star,Container,under way using engine
563112345,2021-05-20T09:10:00Z,6.92133,80.4118,8.6,198.0,198.0,MV Pacific Star,Container,under way using engine
563112345,2021-05-20T09:20:00Z,6.92277,80.41799,12.1,22.3,22.3,MV Pacific Star,Container,under way using engine
563112345,2021-05-20T09:30:00Z,6.92422,80.42419,8.4,73.0,73.0,MV Pacific Star,Container,under way using engine
563112345,2021-05-20T09:40:00Z,6.92567,80.43039,11.6,145.3,145.3,MV Pacific Star,Container,under way using engine
563112345,2021-05-20T09:50:00Z,6.92711,80.43659,10.5,116.1,116.1,MV Pacific Star,Container,under way using engine
563112345,2021-05-20T10:00:00Z,6.92856,80.44278,13.5,59.8,59.8,MV Pacific Star,Container,under way using engine
563112345,2021-05-20T10:10:00Z,6.93001,80.44898,10.4,65.3,65.3,MV Pacific Star,Container,under way using engine
563112345,2021-05-20T10:20:00Z,6.93145,80.45518,11.1,346.3,346.3,MV Pacific Star,Container,under way using engine
563112345,2021-05-20T10:30:00Z,6.9329,80.46138,14.5,173.5,173.5,MV Pacific Star,Container,under way using engine
563112345,2021-05-20T10:40:00Z,6.93435,80.46758,12.7,216.6,216.6,MV Pacific Star,Container,under way using engine
563112345,2021-05-20T10:50:00Z,6.93579,80.47377,11.2,147.2,147.2,MV Pacific Star,Container,under way using engine
563112345,2021-05-20T11:00:00Z,6.93724,80.47997,9.2,29.1,29.1,MV Pacific Star,Container,under way using engine
563112345,2021-05-20T11:10:00Z,6.93869,80.48617,9.0,114.6,114.6,MV Pacific Star,Container,under way using engine
563112345,2021-05-20T11:20:00Z,6.94013,80.49237,11.0,57.9,57.9,MV Pacific Star,Container,under way using engine
563112345,2021-05-20T11:30:00Z,6.94158,80.49856,10.8,98.8,98.8,MV Pacific Star,Container,under way using engine
563112345,2021-05-20T11:40:00Z,6.94303,80.50476,13.9,142.0,142.0,MV Pacific Star,Container,under way using engine
563112345,2021-05-20T11:50:00Z,6.94447,80.51096,14.1,231.4,231.4,MV Pacific Star,Container,under way using engine
563112345,2021-05-20T12:00:00Z,6.94592,80.51716,11.2,265.4,265.4,MV Pacific Star,Container,under way using engine
563112345,2021-05-20T12:10:00Z,6.94737,80.52336,11.8,136.6,136.6,MV Pacific Star,Container,under way using engine
563112345,2021-05-20T12:20:00Z,6.94881,80.52955,11.5,326.2,326.2,MV Pacific Star,Container,under way using engine
563112345,2021-05-20T12:30:00Z,6.95026,80.53575,8.2,335.1,335.1,MV Pacific Star,Container,under way using engine
563112345,2021-05-20T12:40:00Z,6.95171,80.54195,11.3,85.7,85.7,MV Pacific Star,Container,under way using engine
563112345,2021-05-20T12:50:00Z,6.95315,80.54815,12.4,152.5,152.5,MV Pacific Star,Container,under way using engine
563112345,2021-05-20T13:00:00Z,6.9546,80.55434,10.7,296.5,296.5,MV Pacific Star,Container,under way using engine
563112345,2021-05-20T13:10:00Z,6.95605,80.56054,9.2,121.4,121.4,MV Pacific Star,Container,under way using engine
563112345,2021-05-20T13:20:00Z,6.9575,80.56674,13.6,106.0,106.0,MV Pacific Star,Container,under way using engine
563112345,2021-05-20T13:30:00Z,6.95894,80.57294,12.4,234.2,234.2,MV Pacific Star,Container,under way using engine
563112345,2021-05-20T13:40:00Z,6.96039,80.57914,12.1,13.4,13.4,MV Pacific Star,Container,under way using engine
563112345,2021-05-20T13:50:00Z,6.96184,80.58533,11.1,322.2,322.2,MV Pacific Star,Container,under way using engine
563112345,2021-05-20T14:00:00Z,6.96328,80.59153,10.8,256.1,256.1,MV Pacific Star,Container,under way using engine
563112345,2021-05-20T14:10:00Z,6.96473,80.59773,8.7,134.3,134.3,MV Pacific Star,Container,under way using engine
563112345,2021-05-20T14:20:00Z,6.96618,80.60393,11.3,316.5,316.5,MV Pacific Star,Container,under way using engine
563112345,2021-05-20T14:30:00Z,6.96762,80.61012,8.8,207.3,207.3,MV Pacific Star,Container,under way using engine
563112345,2021-05-20T14:40:00Z,6.96907,80.61632,9.6,237.8,237.8,MV Pacific Star,Container,under way using engine
563112345,2021-05-20T14:50:00Z,6.97052,80.62252,13.1,309.9,309.9,MV Pacific Star,Container,under way using engine
563112345,2021-05-20T15:00:00Z,6.97196,80.62872,9.1,356.7,356.7,MV Pacific Star,Container,under way using engine
563112345,2021-05-20T15:10:00Z,6.97341,80.63491,10.9,199.2,199.2,MV Pacific Star,Container,under way using engine
563112345,2021-05-20T15:20:00Z,6.97486,80.64111,13.8,121.0,121.0,MV Pacific Star,Container,under way using engine
563112345,2021-05-20T15:30:00Z,6.9763,80.64731,11.9,70.8,70.8,MV Pacific Star,Container,under way using engine
563112345,2021-05-20T15:40:00Z,6.97775,80.65351,8.4,236.0,236.0,MV Pacific Star,Container,under way using engine
563112345,2021-05-20T15:50:00Z,6.9792,80.65971,8.7,331.2,331.2,MV Pacific Star,Container,under way using engine
563112345,2021-05-20T16:00:00Z,6.98064,80.6659,13.3,237.7,237.7,MV Pacific Star,Container,under way using engine
563112345,2021-05-20T16:10:00Z,6.98209,80.6721,14.4,172.4,172.4,MV Pacific Star,Container,under way using engine
563112345,2021-05-20T16:20:00Z,6.98354,80.6783,14.3,142.5,142.5,MV Pacific Star,Container,under way using engine
563112345,2021-05-20T16:30:00Z,6.98498,80.6845,10.6,60.2,60.2,MV Pacific Star,Container,under way using engine
563112345,2021-05-20T16:40:00Z,6.98643,80.69069,14.7,61.5,61.5,MV Pacific Star,Container,under way using engine
563112345,2021-05-20T16:50:00Z,6.98788,80.69689,13.2,66.2,66.2,MV Pacific Star,Container,under way using engine
563112345,2021-05-20T17:00:00Z,6.98932,80.70309,14.6,49.6,49.6,MV Pacific Star,Container,under way using engine
563112345,2021-05-20T17:10:00Z,6.99077,80.70929,13.9,136.2,136.2,MV Pacific Star,Container,under way using engine
563112345,2021-05-20T17:20:00Z,6.99222,80.71549,14.2,9.7,9.7,MV Pacific Star,Container,under way using engine
563112345,2021-05-20T17:30:00Z,6.99366,80.72168,12.0,88.4,88.4,MV Pacific Star,Container,under way using engine
563112345,2021-05-20T17:40:00Z,6.99511,80.72788,12.0,219.0,219.0,MV Pacific Star,Container,under way using engine
563112345,2021-05-20T17:50:00Z,6.99656,80.73408,12.2,358.1,358.1,MV Pacific Star,Container,under way using engine
563112345,2021-05-20T18:00:00Z,6.998,80.74028,15.0,297.6,297.6,MV Pacific Star,Container,under way using engine
563112345,2021-05-20T18:10:00Z,6.99945,80.74647,10.9,98.4,98.4,MV Pacific Star,Container,under way using engine
563112345,2021-05-20T18:20:00Z,7.0009,80.75267,14.0,3.3,3.3,MV Pacific Star,Container,under way using engine
563112345,2021-05-20T18:30:00Z,7.00234,80.75887,8.6,86.5,86.5,MV Pacific Star,Container,under way using engine
563112345,2021-05-20T18:40:00Z,7.00379,80.76507,12.8,86.3,86.3,MV Pacific Star,Container,under way using engine
563112345,2021-05-20T18:50:00Z,7.00524,80.77127,13.1,139.4,139.4,MV Pacific Star,Container,under way using engine
563112345,2021-05-20T19:00:00Z,7.00668,80.77746,11.3,179.6,179.6,MV Pacific Star,Container,under way using engine
563112345,2021-05-20T19:10:00Z,7.00813,80.78366,14.8,242.5,242.5,MV Pacific Star,Container,under way using engine
563112345,2021-05-20T19:20:00Z,7.00958,80.78986,13.3,173.7,173.7,MV Pacific Star,Container,under way using engine
563112345,2021-05-20T19:30:00Z,7.01102,80.79606,14.0,167.2,167.2,MV Pacific Star,Container,under way using engine
563112345,2021-05-20T19:40:00Z,7.01247,80.80225,8.9,307.2,307.2,MV Pacific Star,Container,under way using engine
563112345,2021-05-20T19:50:00Z,7.01392,80.80845,10.7,186.8,186.8,MV Pacific Star,Container,under way using engine
563112345,2021-05-20T20:00:00Z,7.01536,80.81465,14.5,101.9,101.9,MV Pacific Star,Container,under way using engine
563112345,2021-05-20T20:10:00Z,7.01681,80.82085,12.2,120.5,120.5,MV Pacific Star,Container,under way using engine
563112345,2021-05-20T20:20:00Z,7.01826,80.82705,10.3,347.9,347.9,MV Pacific Star,Container,under way using engine
563112345,2021-05-20T20:30:00Z,7.0197,80.83324,11.3,81.3,81.3,MV Pacific Star,Container,under way using engine
563112345,2021-05-20T20:40:00Z,7.02115,80.83944,10.6,187.6,187.6,MV Pacific Star,Container,under way using engine
563112345,2021-05-20T20:50:00Z,7.0226,80.84564,10.1,41.1,41.1,MV Pacific Star,Container,under way using engine
563112345,2021-05-20T21:00:00Z,7.02404,80.85184,8.1,43.3,43.3,MV Pacific Star,Container,under way using engine
563112345,2021-05-20T21:10:00Z,7.02549,80.85803,12.9,188.1,188.1,MV Pacific Star,Container,under way using engine
563112345,2021-05-20T21:20:00Z,7.02694,80.86423,12.0,140.5,140.5,MV Pacific Star,Container,under way using engine
563112345,2021-05-20T21:30:00Z,7.02838,80.87043,8.7,166.3,166.3,MV Pacific Star,Container,under way using engine
563112345,2021-05-20T21:40:00Z,7.02983,80.87663,8.4,222.5,222.5,MV Pacific Star,Container,under way using engine
563112345,2021-05-20T21:50:00Z,7.03128,80.88282,14.4,276.9,276.9,MV Pacific Star,Container,under way using engine
563112345,2021-05-20T22:00:00Z,7.03272,80.88902,8.3,317.2,317.2,MV Pacific Star,Container,under way using engine
563112345,2021-05-20T22:10:00Z,7.03417,80.89522,8.3,253.2,253.2,MV Pacific Star,Container,under way using engine
563112345,2021-05-20T22:20:00Z,7.03562,80.90142,14.1,205.5,205.5,MV Pacific Star,Container,under way using engine
563112345,2021-05-20T22:30:00Z,7.03706,80.90762,12.3,19.5,19.5,MV Pacific Star,Container,under way using engine
563112345,2021-05-20T22:40:00Z,7.03851,80.91381,10.0,45.7,45.7,MV Pacific Star,Container,under way using engine
563112345,2021-05-20T22:50:00Z,7.03996,80.92001,9.2,140.6,140.6,MV Pacific Star,Container,under way using engine
563112345,2021-05-20T23:00:00Z,7.0414,80.92621,13.7,261.1,261.1,MV Pacific Star,Container,under way using engine
563112345,2021-05-20T23:10:00Z,7.04285,80.93241,9.5,2.0,2.0,MV Pacific Star,Container,under way using engine
563112345,2021-05-20T23:20:00Z,7.0443,80.9386,9.4,307.1,307.1,MV Pacific Star,Container,under way using engine
563112345,2021-05-20T23:30:00Z,7.04574,80.9448,8.3,320.4,320.4,MV Pacific Star,Container,under way using engine
563112345,2021-05-20T23:40:00Z,7.04719,80.951,14.5,169.5,169.5,MV Pacific Star,Container,under way using engine
563112345,2021-05-20T23:50:00Z,7.04864,80.9572,8.7,164.1,164.1,MV Pacific Star,Container,under way using engine
563112345,2021-05-21T00:00:00Z,7.05009,80.9634,10.9,270.8,270.8,MV Pacific Star,Container,under way using engine
563112345,2021-05-21T00:10:00Z,7.05153,80.96959,15.0,107.9,107.9,MV Pacific Star,Container,under way using engine
563112345,2021-05-21T00:20:00Z,7.05298,80.97579,12.9,79.7,79.7,MV Pacific Star,Container,under way using engine
563112345,2021-05-21T00:30:00Z,7.05443,80.98199,11.4,31.5,31.5,MV Pacific Star,Container,under way using engine
563112345,2021-05-21T00:40:00Z,7.05587,80.98819,11.5,265.4,265.4,MV Pacific Star,Container,under way using engine
563112345,2021-05-21T00:50:00Z,7.05732,80.99438,9.5,263.3,263.3,MV Pacific Star,Container,under way using engine
563112345,2021-05-21T01:00:00Z,7.05877,81.00058,9.2,130.8,130.8,MV Pacific Star,Container,under way using engine
563112345,2021-05-21T01:10:00Z,7.06021,81.00678,12.2,121.8,121.8,MV Pacific Star,Container,under way using engine
563112345,2021-05-21T01:20:00Z,7.06166,81.01298,9.6,345.4,345.4,MV Pacific Star,Container,under way using engine
563112345,2021-05-21T01:30:00Z,7.06311,81.01918,9.5,323.4,323.4,MV Pacific Star,Container,under way using engine
563112345,2021-05-21T01:40:00Z,7.06455,81.02537,14.4,355.9,355.9,MV Pacific Star,Container,under way using engine
563112345,2021-05-21T01:50:00Z,7.066,81.03157,10.8,237.9,237.9,MV Pacific Star,Container,under way using engine
563112345,2021-05-21T02:00:00Z,7.06745,81.03777,12.1,88.4,88.4,MV Pacific Star,Container,under way using engine
563112345,2021-05-21T02:10:00Z,7.06889,81.04397,13.7,207.8,207.8,MV Pacific Star,Container,under way using engine
563112345,2021-05-21T02:20:00Z,7.07034,81.05016,11.0,213.9,213.9,MV Pacific Star,Container,under way using engine
563112345,2021-05-21T02:30:00Z,7.07179,81.05636,12.7,216.4,216.4,MV Pacific Star,Container,under way using engine
563112345,2021-05-21T02:40:00Z,7.07323,81.06256,14.8,225.1,225.1,MV Pacific Star,Container,under way using engine
563112345,2021-05-21T02:50:00Z,7.07468,81.06876,14.8,167.7,167.7,MV Pacific Star,Container,under way using engine
563112345,2021-05-21T03:00:00Z,7.07613,81.07495,9.1,299.5,299.5,MV Pacific Star,Container,under way using engine
563112345,2021-05-21T03:10:00Z,7.07757,81.08115,11.7,336.5,336.5,MV Pacific Star,Container,under way using engine
563112345,2021-05-21T03:20:00Z,7.07902,81.08735,13.8,21.1,21.1,MV Pacific Star,Container,under way using engine
563112345,2021-05-21T03:30:00Z,7.08047,81.09355,9.3,269.2,269.2,MV Pacific Star,Container,under way using engine
563112345,2021-05-21T03:40:00Z,7.08191,81.09975,13.9,123.2,123.2,MV Pacific Star,Container,under way using engine
563112345,2021-05-21T03:50:00Z,7.08336,81.10594,14.8,78.3,78.3,MV Pacific Star,Container,under way using engine
563112345,2021-05-21T04:00:00Z,7.08481,81.11214,10.0,272.1,272.1,MV Pacific Star,Container,under way using engine
563112345,2021-05-21T04:10:00Z,7.08625,81.11834,10.7,314.1,314.1,MV Pacific Star,Container,under way using engine
563112345,2021-05-21T04:20:00Z,7.0877,81.12454,11.4,19.4,19.4,MV Pacific Star,Container,under way using engine
563112345,2021-05-21T04:30:00Z,7.08915,81.13073,13.2,268.4,268.4,MV Pacific Star,Container,under way using engine
563112345,2021-05-21T04:40:00Z,7.09059,81.13693,8.4,188.2,188.2,MV Pacific Star,Container,under way using engine
563112345,2021-05-21T04:50:00Z,7.09204,81.14313,11.5,328.1,328.1,MV Pacific Star,Container,under way using engine
563112345,2021-05-21T05:00:00Z,7.09349,81.14933,8.5,193.8,193.8,MV Pacific Star,Container,under way using engine
563112345,2021-05-21T05:10:00Z,7.09493,81.15553,11.2,102.9,102.9,MV Pacific Star,Container,under way using engine
563112345,2021-05-21T05:20:00Z,7.09638,81.16172,13.6,161.7,161.7,MV Pacific Star,Container,under way using engine
563112345,2021-05-21T05:30:00Z,7.09783,81.16792,11.2,110.7,110.7,MV Pacific Star,Container,under way using engine
563112345,2021-05-21T05:40:00Z,7.09927,81.17412,10.2,297.9,297.9,MV Pacific Star,Container,under way using engine
563112345,2021-05-21T05:50:00Z,7.10072,81.18032,13.9,36.1,36.1,MV Pacific Star,Container,under way using engine
563112345,2021-05-21T06:00:00Z,7.10217,81.18651,11.3,335.1,335.1,MV Pacific Star,Container,under way using engine
563112345,2021-05-21T06:10:00Z,7.10361,81.19271,8.3,319.9,319.9,MV Pacific Star,Container,under way using engine
563112345,2021-05-21T06:20:00Z,7.10506,81.19891,9.5,29.1,29.1,MV Pacific Star,Container,under way using engine
563112345,2021-05-21T06:30:00Z,7.10651,81.20511,12.4,156.9,156.9,MV Pacific Star,Container,under way using engine
563112345,2021-05-21T06:40:00Z,7.10795,81.21131,8.1,104.3,104.3,MV Pacific Star,Container,under way using engine
563112345,2021-05-21T06:50:00Z,7.1094,81.2175,10.9,69.8,69.8,MV Pacific Star,Container,under way using engine
563112345,2021-05-21T07:00:00Z,7.11085,81.2237,13.9,204.3,204.3,MV Pacific Star,Container,under way using engine
563112345,2021-05-21T07:10:00Z,7.11229,81.2299,12.0,239.3,239.3,MV Pacific Star,Container,under way using engine
563112345,2021-05-21T07:20:00Z,7.11374,81.2361,9.3,34.5,34.5,MV Pacific Star,Container,under way using engine
563112345,2021-05-21T07:30:00Z,7.11519,81.24229,12.5,354.5,354.5,MV Pacific Star,Container,under way using engine
563112345,2021-05-21T07:40:00Z,7.11663,81.24849,14.7,314.1,314.1,MV Pacific Star,Container,under way using engine
563112345,2021-05-21T07:50:00Z,7.11808,81.25469,11.4,289.4,289.4,MV Pacific Star,Container,under way using engine
563112345,2021-05-21T08:00:00Z,7.11953,81.26089,12.5,318.6,318.6,MV Pacific Star,Container,under way using engine
563112345,2021-05-21T08:10:00Z,7.12097,81.26709,10.3,159.6,159.6,MV Pacific Star,Container,under way using engine
563112345,2021-05-21T08:20:00Z,7.12242,81.27328,9.8,32.9,32.9,MV Pacific Star,Container,under way using engine
563112345,2021-05-21T08:30:00Z,7.12387,81.27948,9.3,185.8,185.8,MV Pacific Star,Container,under way using engine
563112345,2021-05-21T08:40:00Z,7.12531,81.28568,10.1,244.9,244.9,MV Pacific Star,Container,under way using engine
563112345,2021-05-21T08:50:00Z,7.12676,81.29188,9.6,250.1,250.1,MV Pacific Star,Container,under way using engine
563112345,2021-05-21T09:00:00Z,7.12821,81.29807,10.5,7.3,7.3,MV Pacific Star,Container,under way using engine
563112345,2021-05-21T09:10:00Z,7.12965,81.30427,9.6,268.3,268.3,MV Pacific Star,Container,under way using engine
563112345,2021-05-21T09:20:00Z,7.1311,81.31047,13.1,246.7,246.7,MV Pacific Star,Container,under way using engine
563112345,2021-05-21T09:30:00Z,7.13255,81.31667,12.5,245.8,245.8,MV Pacific Star,Container,under way using engine
563112345,2021-05-21T09:40:00Z,7.13399,81.32286,8.7,166.1,166.1,MV Pacific Star,Container,under way using engine
563112345,2021-05-21T09:50:00Z,7.13544,81.32906,9.9,200.4,200.4,MV Pacific Star,Container,under way using engine
563112345,2021-05-21T10:00:00Z,7.13689,81.33526,12.0,109.4,109.4,MV Pacific Star,Container,under way using engine
563112345,2021-05-21T10:10:00Z,7.13834,81.34146,13.6,272.2,272.2,MV Pacific Star,Container,under way using engine
563112345,2021-05-21T10:20:00Z,7.13978,81.34766,11.3,176.1,176.1,MV Pacific Star,Container,under way using engine
563112345,2021-05-21T10:30:00Z,7.14123,81.35385,12.2,267.9,267.9,MV Pacific Star,Container,under way using engine
563112345,2021-05-21T10:40:00Z,7.14268,81.36005,8.9,208.8,208.8,MV Pacific Star,Container,under way using engine
563112345,2021-05-21T10:50:00Z,7.14412,81.36625,11.3,273.3,273.3,MV Pacific Star,Container,under way using engine
563112345,2021-05-21T11:00:00Z,7.14557,81.37245,10.8,326.9,326.9,MV Pacific Star,Container,under way using engine
563112345,2021-05-21T11:10:00Z,7.14702,81.37864,9.9,223.3,223.3,MV Pacific Star,Container,under way using engine
563112345,2021-05-21T11:20:00Z,7.14846,81.38484,10.8,77.7,77.7,MV Pacific Star,Container,under way using engine
563112345,2021-05-21T11:30:00Z,7.14991,81.39104,12.4,133.9,133.9,MV Pacific Star,Container,under way using engine
563112345,2021-05-21T11:40:00Z,7.15136,81.39724,13.0,75.3,75.3,MV Pacific Star,Container,under way using engine
563112345,2021-05-21T11:50:00Z,7.1528,81.40344,9.5,59.3,59.3,MV Pacific Star,Container,under way using engine
563112345,2021-05-21T12:00:00Z,7.15425,81.40963,8.5,122.9,122.9,MV Pacific Star,Container,under way using engine
563112345,2021-05-21T12:10:00Z,7.1557,81.41583,10.9,14.3,14.3,MV Pacific Star,Container,under way using engine
563112345,2021-05-21T12:20:00Z,7.15714,81.42203,9.7,176.0,176.0,MV Pacific Star,Container,under way using engine
563112345,2021-05-21T12:30:00Z,7.15859,81.42823,9.2,49.8,49.8,MV Pacific Star,Container,under way using engine
563112345,2021-05-21T12:40:00Z,7.16004,81.43442,12.4,276.1,276.1,MV Pacific Star,Container,under way using engine
563112345,2021-05-21T12:50:00Z,7.16148,81.44062,11.7,261.2,261.2,MV Pacific Star,Container,under way using engine
563112345,2021-05-21T13:00:00Z,7.16293,81.44682,9.1,197.4,197.4,MV Pacific Star,Container,under way using engine
563112345,2021-05-21T13:10:00Z,7.16438,81.45302,9.2,263.1,263.1,MV Pacific Star,Container,under way using engine
563112345,2021-05-21T13:20:00Z,7.16582,81.45922,11.1,24.3,24.3,MV Pacific Star,Container,under way using engine
563112345,2021-05-21T13:30:00Z,7.16727,81.46541,12.5,175.3,175.3,MV Pacific Star,Container,under way using engine
563112345,2021-05-21T13:40:00Z,7.16872,81.47161,14.8,47.6,47.6,MV Pacific Star,Container,under way using engine
563112345,2021-05-21T13:50:00Z,7.17016,81.47781,10.7,278.7,278.7,MV Pacific Star,Container,under way using engine
563112345,2021-05-21T14:00:00Z,7.17161,81.48401,12.6,345.7,345.7,MV Pacific Star,Container,under way using engine
563112345,2021-05-21T14:10:00Z,7.17306,81.4902,10.0,152.5,152.5,MV Pacific Star,Container,under way using engine
563112345,2021-05-21T14:20:00Z,7.1745,81.4964,14.3,84.3,84.3,MV Pacific Star,Container,under way using engine
563112345,2021-05-21T14:30:00Z,7.17595,81.5026,10.2,23.0,23.0,MV Pacific Star,Container,under way using engine
563112345,2021-05-21T14:40:00Z,7.1774,81.5088,8.5,131.8,131.8,MV Pacific Star,Container,under way using engine
563112345,2021-05-21T14:50:00Z,7.17884,81.515,11.7,9.4,9.4,MV Pacific Star,Container,under way using engine
563112345,2021-05-21T15:00:00Z,7.18029,81.52119,8.9,208.6,208.6,MV Pacific Star,Container,under way using engine
563112345,2021-05-21T15:10:00Z,7.18174,81.52739,12.9,198.9,198.9,MV Pacific Star,Container,under way using engine
563112345,2021-05-21T15:20:00Z,7.18318,81.53359,8.1,177.4,177.4,MV Pacific Star,Container,under way using engine
563112345,2021-05-21T15:30:00Z,7.18463,81.53979,9.3,15.4,15.4,MV Pacific Star,Container,under way using engine
563112345,2021-05-21T15:40:00Z,7.18608,81.54598,8.8,271.7,271.7,MV Pacific Star,Container,under way using engine
563112345,2021-05-21T15:50:00Z,7.18752,81.55218,9.6,325.4,325.4,MV Pacific Star,Container,under way using engine
563112345,2021-05-21T16:00:00Z,7.18897,81.55838,8.1,159.7,159.7,MV Pacific Star,Container,under way using engine
563112345,2021-05-21T16:10:00Z,7.19042,81.56458,9.8,120.1,120.1,MV Pacific Star,Container,under way using engine
563112345,2021-05-21T16:20:00Z,7.19186,81.57077,12.7,249.7,249.7,MV Pacific Star,Container,under way using engine
563112345,2021-05-21T16:30:00Z,7.19331,81.57697,10.6,310.2,310.2,MV Pacific Star,Container,under way using engine
563112345,2021-05-21T16:40:00Z,7.19476,81.58317,8.2,66.4,66.4,MV Pacific Star,Container,under way using engine
563112345,2021-05-21T16:50:00Z,7.1962,81.58937,14.5,290.5,290.5,MV Pacific Star,Container,under way using engine
563112345,2021-05-21T17:00:00Z,7.19765,81.59557,10.8,323.9,323.9,MV Pacific Star,Container,under way using engine
563112345,2021-05-21T17:10:00Z,7.1991,81.60176,12.4,194.3,194.3,MV Pacific Star,Container,under way using engine
563112345,2021-05-21T17:20:00Z,7.20054,81.60796,14.5,18.7,18.7,MV Pacific Star,Container,under way using engine
563112345,2021-05-21T17:30:00Z,7.20199,81.61416,13.7,334.2,334.2,MV Pacific Star,Container,under way using engine
563112345,2021-05-21T17:40:00Z,7.20344,81.62036,8.7,355.5,355.5,MV Pacific Star,Container,under way using engine
563112345,2021-05-21T17:50:00Z,7.20488,81.62655,12.1,246.2,246.2,MV Pacific Star,Container,under way using engine
563112345,2021-05-21T18:00:00Z,7.20633,81.63275,10.0,352.1,352.1,MV Pacific Star,Container,under way using engine
563112345,2021-05-21T18:10:00Z,7.20778,81.63895,14.1,132.6,132.6,MV Pacific Star,Container,under way using engine
563112345,2021-05-21T18:20:00Z,7.20922,81.64515,9.1,240.4,240.4,MV Pacific Star,Container,under way using engine
563112345,2021-05-21T18:30:00Z,7.21067,81.65135,12.1,120.4,120.4,MV Pacific Star,Container,under way using engine
563112345,2021-05-21T18:40:00Z,7.21212,81.65754,9.8,87.8,87.8,MV Pacific Star,Container,under way using engine
563112345,2021-05-21T18:50:00Z,7.21356,81.66374,14.5,125.8,125.8,MV Pacific Star,Container,under way using engine
563112345,2021-05-21T19:00:00Z,7.21501,81.66994,9.0,278.8,278.8,MV Pacific Star,Container,under way using engine
563112345,2021-05-21T19:10:00Z,7.21646,81.67614,13.0,100.3,100.3,MV Pacific Star,Container,under way using engine
563112345,2021-05-21T19:20:00Z,7.2179,81.68233,8.7,203.4,203.4,MV Pacific Star,Container,under way using engine
563112345,2021-05-21T19:30:00Z,7.21935,81.68853,13.2,192.5,192.5,MV Pacific Star,Container,under way using engine
563112345,2021-05-21T19:40:00Z,7.2208,81.69473,12.7,137.4,137.4,MV Pacific Star,Container,under way using engine
563112345,2021-05-21T19:50:00Z,7.22224,81.70093,12.8,222.2,222.2,MV Pacific Star,Container,under way using engine
563112345,2021-05-21T20:00:00Z,7.22369,81.70713,10.6,31.4,31.4,MV Pacific Star,Container,under way using engine
563112345,2021-05-21T20:10:00Z,7.22514,81.71332,10.1,350.5,350.5,MV Pacific Star,Container,under way using engine
563112345,2021-05-21T20:20:00Z,7.22659,81.71952,14.5,193.0,193.0,MV Pacific Star,Container,under way using engine
563112345,2021-05-21T20:30:00Z,7.22803,81.72572,8.9,8.4,8.4,MV Pacific Star,Container,under way using engine
563112345,2021-05-21T20:40:00Z,7.22948,81.73192,9.7,181.4,181.4,MV Pacific Star,Container,under way using engine
563112345,2021-05-21T20:50:00Z,7.23093,81.73811,13.8,254.3,254.3,MV Pacific Star,Container,under way using engine
563112345,2021-05-21T21:00:00Z,7.23237,81.74431,14.7,169.3,169.3,MV Pacific Star,Container,under way using engine
563112345,2021-05-21T21:10:00Z,7.23382,81.75051,14.7,298.8,298.8,MV Pacific Star,Container,under way using engine
563112345,2021-05-21T21:20:00Z,7.23527,81.75671,9.4,183.2,183.2,MV Pacific Star,Container,under way using engine
563112345,2021-05-21T21:30:00Z,7.23671,81.76291,14.9,136.5,136.5,MV Pacific Star,Container,under way using engine
563112345,2021-05-21T21:40:00Z,7.23816,81.7691,10.3,40.4,40.4,MV Pacific Star,Container,under way using engine
563112345,2021-05-21T21:50:00Z,7.23961,81.7753,11.4,206.1,206.1,MV Pacific Star,Container,under way using engine
563112345,2021-05-21T22:00:00Z,7.24105,81.7815,9.6,358.1,358.1,MV Pacific Star,Container,under way using engine
563112345,2021-05-21T22:10:00Z,7.2425,81.7877,10.3,144.1,144.1,MV Pacific Star,Container,under way using engine
563112345,2021-05-21T22:20:00Z,7.24395,81.79389,14.6,6.8,6.8,MV Pacific Star,Container,under way using engine
563112345,2021-05-21T22:30:00Z,7.24539,81.80009,13.4,164.2,164.2,MV Pacific Star,Container,under way using engine
563112345,2021-05-21T22:40:00Z,7.24684,81.80629,13.4,48.4,48.4,MV Pacific Star,Container,under way using engine
563112345,2021-05-21T22:50:00Z,7.24829,81.81249,9.0,225.9,225.9,MV Pacific Star,Container,under way using engine
563112345,2021-05-21T23:00:00Z,7.24973,81.81868,14.3,22.5,22.5,MV Pacific Star,Container,under way using engine
563112345,2021-05-21T23:10:00Z,7.25118,81.82488,13.8,19.1,19.1,MV Pacific Star,Container,under way using engine
563112345,2021-05-21T23:20:00Z,7.25263,81.83108,13.4,225.5,225.5,MV Pacific Star,Container,under way using engine
563112345,2021-05-21T23:30:00Z,7.25407,81.83728,14.6,231.7,231.7,MV Pacific Star,Container,under way using engine
563112345,2021-05-21T23:40:00Z,7.25552,81.84348,9.0,51.2,51.2,MV Pacific Star,Container,under way using engine
563112345,2021-05-21T23:50:00Z,7.25697,81.84967,9.6,15.4,15.4,MV Pacific Star,Container,under way using engine
563112345,2021-05-22T00:00:00Z,7.25841,81.85587,10.4,256.1,256.1,MV Pacific Star,Container,under way using engine
419008765,2021-05-19T00:00:00Z,7.23276,79.58131,14.1,55.6,55.6,MV Mumbai Trader,Bulk Carrier,under way using engine
419008765,2021-05-19T00:10:00Z,7.22566,79.5892,12.9,62.7,62.7,MV Mumbai Trader,Bulk Carrier,under way using engine
419008765,2021-05-19T00:20:00Z,7.21857,79.59709,14.0,247.9,247.9,MV Mumbai Trader,Bulk Carrier,under way using engine
419008765,2021-05-19T00:30:00Z,7.21147,79.60498,13.1,198.9,198.9,MV Mumbai Trader,Bulk Carrier,under way using engine
419008765,2021-05-19T00:40:00Z,7.20437,79.61287,13.1,356.0,356.0,MV Mumbai Trader,Bulk Carrier,under way using engine
419008765,2021-05-19T00:50:00Z,7.19728,79.62076,9.5,273.3,273.3,MV Mumbai Trader,Bulk Carrier,under way using engine
419008765,2021-05-19T01:00:00Z,7.19018,79.62865,10.3,316.3,316.3,MV Mumbai Trader,Bulk Carrier,under way using engine
419008765,2021-05-19T01:10:00Z,7.18308,79.63654,10.7,221.3,221.3,MV Mumbai Trader,Bulk Carrier,under way using engine
419008765,2021-05-19T01:20:00Z,7.17599,79.64443,12.1,349.7,349.7,MV Mumbai Trader,Bulk Carrier,under way using engine
419008765,2021-05-19T01:30:00Z,7.16889,79.65232,9.2,59.1,59.1,MV Mumbai Trader,Bulk Carrier,under way using engine
419008765,2021-05-19T01:40:00Z,7.1618,79.6602,11.3,112.0,112.0,MV Mumbai Trader,Bulk Carrier,under way using engine
419008765,2021-05-19T01:50:00Z,7.1547,79.66809,8.0,89.3,89.3,MV Mumbai Trader,Bulk Carrier,under way using engine
419008765,2021-05-19T02:00:00Z,7.1476,79.67598,8.5,341.6,341.6,MV Mumbai Trader,Bulk Carrier,under way using engine
419008765,2021-05-19T02:10:00Z,7.14051,79.68387,8.4,86.8,86.8,MV Mumbai Trader,Bulk Carrier,under way using engine
419008765,2021-05-19T02:20:00Z,7.13341,79.69176,8.6,352.8,352.8,MV Mumbai Trader,Bulk Carrier,under way using engine
419008765,2021-05-19T02:30:00Z,7.12631,79.69965,8.5,95.2,95.2,MV Mumbai Trader,Bulk Carrier,under way using engine
419008765,2021-05-19T02:40:00Z,7.11922,79.70754,8.8,231.8,231.8,MV Mumbai Trader,Bulk Carrier,under way using engine
419008765,2021-05-19T02:50:00Z,7.11212,79.71543,14.2,2.0,2.0,MV Mumbai Trader,Bulk Carrier,under way using engine
419008765,2021-05-19T03:00:00Z,7.10503,79.72332,13.1,332.6,332.6,MV Mumbai Trader,Bulk Carrier,under way using engine
419008765,2021-05-19T03:10:00Z,7.09793,79.73121,8.4,340.7,340.7,MV Mumbai Trader,Bulk Carrier,under way using engine
419008765,2021-05-19T03:20:00Z,7.09083,79.7391,14.8,69.1,69.1,MV Mumbai Trader,Bulk Carrier,under way using engine
419008765,2021-05-19T03:30:00Z,7.08374,79.74699,14.2,217.4,217.4,MV Mumbai Trader,Bulk Carrier,under way using engine
419008765,2021-05-19T03:40:00Z,7.07664,79.75488,10.3,220.9,220.9,MV Mumbai Trader,Bulk Carrier,under way using engine
419008765,2021-05-19T03:50:00Z,7.06954,79.76277,9.6,67.4,67.4,MV Mumbai Trader,Bulk Carrier,under way using engine
419008765,2021-05-19T04:00:00Z,7.06245,79.77066,12.6,69.9,69.9,MV Mumbai Trader,Bulk Carrier,under way using engine
419008765,2021-05-19T04:10:00Z,7.05535,79.77855,14.0,284.9,284.9,MV Mumbai Trader,Bulk Carrier,under way using engine
419008765,2021-05-19T04:20:00Z,7.04826,79.78644,11.9,241.4,241.4,MV Mumbai Trader,Bulk Carrier,under way using engine
419008765,2021-05-19T04:30:00Z,7.04116,79.79433,12.7,66.6,66.6,MV Mumbai Trader,Bulk Carrier,under way using engine
419008765,2021-05-19T04:40:00Z,7.03406,79.80222,12.2,159.6,159.6,MV Mumbai Trader,Bulk Carrier,under way using engine
419008765,2021-05-19T04:50:00Z,7.02697,79.81011,14.8,19.2,19.2,MV Mumbai Trader,Bulk Carrier,under way using engine
419008765,2021-05-19T05:00:00Z,7.01987,79.818,11.3,318.3,318.3,MV Mumbai Trader,Bulk Carrier,under way using engine
419008765,2021-05-19T05:10:00Z,7.01278,79.82589,10.0,343.2,343.2,MV Mumbai Trader,Bulk Carrier,under way using engine
419008765,2021-05-19T05:20:00Z,7.00568,79.83378,10.9,171.1,171.1,MV Mumbai Trader,Bulk Carrier,under way using engine
419008765,2021-05-19T05:30:00Z,6.99858,79.84167,10.4,132.1,132.1,MV Mumbai Trader,Bulk Carrier,under way using engine
419008765,2021-05-19T05:40:00Z,6.99149,79.84956,10.2,117.1,117.1,MV Mumbai Trader,Bulk Carrier,under way using engine
419008765,2021-05-19T05:50:00Z,6.98439,79.85745,14.6,120.3,120.3,MV Mumbai Trader,Bulk Carrier,under way using engine
419008765,2021-05-19T06:00:00Z,6.97729,79.86534,12.3,130.6,130.6,MV Mumbai Trader,Bulk Carrier,under way using engine
419008765,2021-05-19T06:10:00Z,6.9702,79.87323,9.5,174.6,174.6,MV Mumbai Trader,Bulk Carrier,under way using engine
419008765,2021-05-19T06:20:00Z,6.9631,79.88112,10.8,97.3,97.3,MV Mumbai Trader,Bulk Carrier,under way using engine
419008765,2021-05-19T06:30:00Z,6.95601,79.889,14.2,177.2,177.2,MV Mumbai Trader,Bulk Carrier,under way using engine
419008765,2021-05-19T06:40:00Z,6.94891,79.89689,14.1,321.0,321.0,MV Mumbai Trader,Bulk Carrier,under way using engine
419008765,2021-05-19T06:50:00Z,6.94181,79.90478,12.9,189.5,189.5,MV Mumbai Trader,Bulk Carrier,under way using engine
419008765,2021-05-19T07:00:00Z,6.93472,79.91267,12.5,254.6,254.6,MV Mumbai Trader,Bulk Carrier,under way using engine
419008765,2021-05-19T07:10:00Z,6.92762,79.92056,13.3,99.6,99.6,MV Mumbai Trader,Bulk Carrier,under way using engine
419008765,2021-05-19T07:20:00Z,6.92052,79.92845,10.5,80.0,80.0,MV Mumbai Trader,Bulk Carrier,under way using engine
419008765,2021-05-19T07:30:00Z,6.91343,79.93634,8.4,3.6,3.6,MV Mumbai Trader,Bulk Carrier,under way using engine
419008765,2021-05-19T07:40:00Z,6.90633,79.94423,11.5,216.7,216.7,MV Mumbai Trader,Bulk Carrier,under way using engine
419008765,2021-05-19T07:50:00Z,6.89924,79.95212,9.3,7.9,7.9,MV Mumbai Trader,Bulk Carrier,under way using engine
419008765,2021-05-19T08:00:00Z,6.89214,79.96001,11.7,84.4,84.4,MV Mumbai Trader,Bulk Carrier,under way using engine
419008765,2021-05-19T08:10:00Z,6.88504,79.9679,10.9,73.1,73.1,MV Mumbai Trader,Bulk Carrier,under way using engine
419008765,2021-05-19T08:20:00Z,6.87795,79.97579,8.4,247.3,247.3,MV Mumbai Trader,Bulk Carrier,under way using engine
419008765,2021-05-19T08:30:00Z,6.87085,79.98368,14.1,102.1,102.1,MV Mumbai Trader,Bulk Carrier,under way using engine
419008765,2021-05-19T08:40:00Z,6.86375,79.99157,14.8,89.1,89.1,MV Mumbai Trader,Bulk Carrier,under way using engine
419008765,2021-05-19T08:50:00Z,6.85666,79.99946,12.3,316.7,316.7,MV Mumbai Trader,Bulk Carrier,under way using engine
419008765,2021-05-19T09:00:00Z,6.84956,80.00735,14.8,136.3,136.3,MV Mumbai Trader,Bulk Carrier,under way using engine
419008765,2021-05-19T09:10:00Z,6.84247,80.01524,13.9,207.3,207.3,MV Mumbai Trader,Bulk Carrier,under way using engine
419008765,2021-05-19T09:20:00Z,6.83537,80.02313,9.1,242.9,242.9,MV Mumbai Trader,Bulk Carrier,under way using engine
419008765,2021-05-19T09:30:00Z,6.82827,80.03102,12.6,90.8,90.8,MV Mumbai Trader,Bulk Carrier,under way using engine
419008765,2021-05-19T09:40:00Z,6.82118,80.03891,8.1,84.7,84.7,MV Mumbai Trader,Bulk Carrier,under way using engine
419008765,2021-05-19T09:50:00Z,6.81408,80.0468,13.7,92.6,92.6,MV Mumbai Trader,Bulk Carrier,under way using engine
419008765,2021-05-19T10:00:00Z,6.80698,80.05469,13.5,357.5,357.5,MV Mumbai Trader,Bulk Carrier,under way using engine
419008765,2021-05-19T10:10:00Z,6.79989,80.06258,14.6,32.9,32.9,MV Mumbai Trader,Bulk Carrier,under way using engine
419008765,2021-05-19T10:20:00Z,6.79279,80.07047,11.5,125.1,125.1,MV Mumbai Trader,Bulk Carrier,under way using engine
419008765,2021-05-19T10:30:00Z,6.7857,80.07836,12.0,36.5,36.5,MV Mumbai Trader,Bulk Carrier,under way using engine
419008765,2021-05-19T10:40:00Z,6.7786,80.08625,12.0,348.1,348.1,MV Mumbai Trader,Bulk Carrier,under way using engine
419008765,2021-05-19T10:50:00Z,6.7715,80.09414,13.0,354.1,354.1,MV Mumbai Trader,Bulk Carrier,under way using engine
419008765,2021-05-19T11:00:00Z,6.76441,80.10203,14.8,164.0,164.0,MV Mumbai Trader,Bulk Carrier,under way using engine
419008765,2021-05-19T11:10:00Z,6.75731,80.10992,14.0,56.4,56.4,MV Mumbai Trader,Bulk Carrier,under way using engine
419008765,2021-05-19T11:20:00Z,6.75022,80.1178,13.6,261.6,261.6,MV Mumbai Trader,Bulk Carrier,under way using engine
419008765,2021-05-19T11:30:00Z,6.74312,80.12569,14.8,103.8,103.8,MV Mumbai Trader,Bulk Carrier,under way using engine
419008765,2021-05-19T11:40:00Z,6.73602,80.13358,12.9,223.4,223.4,MV Mumbai Trader,Bulk Carrier,under way using engine
419008765,2021-05-19T11:50:00Z,6.72893,80.14147,14.8,247.4,247.4,MV Mumbai Trader,Bulk Carrier,under way using engine
419008765,2021-05-19T12:00:00Z,6.72183,80.14936,8.6,29.4,29.4,MV Mumbai Trader,Bulk Carrier,under way using engine
419008765,2021-05-19T12:10:00Z,6.71473,80.15725,9.4,328.5,328.5,MV Mumbai Trader,Bulk Carrier,under way using engine
419008765,2021-05-19T12:20:00Z,6.70764,80.16514,12.5,333.6,333.6,MV Mumbai Trader,Bulk Carrier,under way using engine
419008765,2021-05-19T12:30:00Z,6.70054,80.17303,14.3,96.6,96.6,MV Mumbai Trader,Bulk Carrier,under way using engine
419008765,2021-05-19T12:40:00Z,6.69345,80.18092,11.7,210.8,210.8,MV Mumbai Trader,Bulk Carrier,under way using engine
419008765,2021-05-19T12:50:00Z,6.68635,80.18881,11.5,58.4,58.4,MV Mumbai Trader,Bulk Carrier,under way using engine
419008765,2021-05-19T13:00:00Z,6.67925,80.1967,12.6,27.5,27.5,MV Mumbai Trader,Bulk Carrier,under way using engine
419008765,2021-05-19T13:10:00Z,6.67216,80.20459,9.6,170.7,170.7,MV Mumbai Trader,Bulk Carrier,under way using engine
419008765,2021-05-19T13:20:00Z,6.66506,80.21248,9.8,91.6,91.6,MV Mumbai Trader,Bulk Carrier,under way using engine
419008765,2021-05-19T13:30:00Z,6.65796,80.22037,13.4,214.6,214.6,MV Mumbai Trader,Bulk Carrier,under way using engine
419008765,2021-05-19T13:40:00Z,6.65087,80.22826,10.6,239.9,239.9,MV Mumbai Trader,Bulk Carrier,under way using engine
419008765,2021-05-19T13:50:00Z,6.64377,80.23615,8.0,117.0,117.0,MV Mumbai Trader,Bulk Carrier,under way using engine
419008765,2021-05-19T14:00:00Z,6.63668,80.24404,8.3,334.8,334.8,MV Mumbai Trader,Bulk Carrier,under way using engine
419008765,2021-05-19T14:10:00Z,6.62958,80.25193,8.6,142.9,142.9,MV Mumbai Trader,Bulk Carrier,under way using engine
419008765,2021-05-19T14:20:00Z,6.62248,80.25982,13.3,336.5,336.5,MV Mumbai Trader,Bulk Carrier,under way using engine
419008765,2021-05-19T14:30:00Z,6.61539,80.26771,10.4,169.2,169.2,MV Mumbai Trader,Bulk Carrier,under way using engine
419008765,2021-05-19T14:40:00Z,6.60829,80.2756,12.2,323.5,323.5,MV Mumbai Trader,Bulk Carrier,under way using engine
419008765,2021-05-19T14:50:00Z,6.60119,80.28349,8.6,56.0,56.0,MV Mumbai Trader,Bulk Carrier,under way using engine
419008765,2021-05-19T15:00:00Z,6.5941,80.29138,10.0,350.3,350.3,MV Mumbai Trader,Bulk Carrier,under way using engine
419008765,2021-05-19T15:10:00Z,6.587,80.29927,14.4,14.1,14.1,MV Mumbai Trader,Bulk Carrier,under way using engine
419008765,2021-05-19T15:20:00Z,6.57991,80.30716,11.4,218.1,218.1,MV Mumbai Trader,Bulk Carrier,under way using engine
419008765,2021-05-19T15:30:00Z,6.57281,80.31505,8.7,292.0,292.0,MV Mumbai Trader,Bulk Carrier,under way using engine
419008765,2021-05-19T15:40:00Z,6.56571,80.32294,13.0,69.0,69.0,MV Mumbai Trader,Bulk Carrier,under way using engine
419008765,2021-05-19T15:50:00Z,6.55862,80.33083,10.0,316.9,316.9,MV Mumbai Trader,Bulk Carrier,under way using engine
419008765,2021-05-19T16:00:00Z,6.55152,80.33872,13.0,155.6,155.6,MV Mumbai Trader,Bulk Carrier,under way using engine
419008765,2021-05-19T16:10:00Z,6.54442,80.3466,9.3,224.5,224.5,MV Mumbai Trader,Bulk Carrier,under way using engine
419008765,2021-05-19T16:20:00Z,6.53733,80.35449,14.4,136.2,136.2,MV Mumbai Trader,Bulk Carrier,under way using engine
419008765,2021-05-19T16:30:00Z,6.53023,80.36238,10.3,235.7,235.7,MV Mumbai Trader,Bulk Carrier,under way using engine
419008765,2021-05-19T16:40:00Z,6.52314,80.37027,10.3,335.2,335.2,MV Mumbai Trader,Bulk Carrier,under way using engine
419008765,2021-05-19T16:50:00Z,6.51604,80.37816,12.7,68.9,68.9,MV Mumbai Trader,Bulk Carrier,under way using engine
419008765,2021-05-19T17:00:00Z,6.50894,80.38605,12.1,227.3,227.3,MV Mumbai Trader,Bulk Carrier,under way using engine
419008765,2021-05-19T17:10:00Z,6.50185,80.39394,10.9,260.1,260.1,MV Mumbai Trader,Bulk Carrier,under way using engine
419008765,2021-05-19T17:20:00Z,6.49475,80.40183,12.6,212.2,212.2,MV Mumbai Trader,Bulk Carrier,under way using engine
419008765,2021-05-19T17:30:00Z,6.48766,80.40972,14.4,86.8,86.8,MV Mumbai Trader,Bulk Carrier,under way using engine
419008765,2021-05-19T17:40:00Z,6.48056,80.41761,11.2,83.0,83.0,MV Mumbai Trader,Bulk Carrier,under way using engine
419008765,2021-05-19T17:50:00Z,6.47346,80.4255,14.9,346.3,346.3,MV Mumbai Trader,Bulk Carrier,under way using engine
419008765,2021-05-19T18:00:00Z,6.46637,80.43339,10.9,258.5,258.5,MV Mumbai Trader,Bulk Carrier,under way using engine
419008765,2021-05-19T18:10:00Z,6.45927,80.44128,13.2,214.4,214.4,MV Mumbai Trader,Bulk Carrier,under way using engine
419008765,2021-05-19T18:20:00Z,6.45217,80.44917,10.7,264.1,264.1,MV Mumbai Trader,Bulk Carrier,under way using engine
419008765,2021-05-19T18:30:00Z,6.44508,80.45706,12.5,320.3,320.3,MV Mumbai Trader,Bulk Carrier,under way using engine
419008765,2021-05-19T18:40:00Z,6.43798,80.46495,10.3,105.4,105.4,MV Mumbai Trader,Bulk Carrier,under way using engine
419008765,2021-05-19T18:50:00Z,6.43089,80.47284,12.7,209.0,209.0,MV Mumbai Trader,Bulk Carrier,under way using engine
419008765,2021-05-19T19:00:00Z,6.42379,80.48073,12.1,153.2,153.2,MV Mumbai Trader,Bulk Carrier,under way using engine
419008765,2021-05-19T19:10:00Z,6.41669,80.48862,14.0,2.6,2.6,MV Mumbai Trader,Bulk Carrier,under way using engine
419008765,2021-05-19T19:20:00Z,6.4096,80.49651,10.6,115.4,115.4,MV Mumbai Trader,Bulk Carrier,under way using engine
419008765,2021-05-19T19:30:00Z,6.4025,80.5044,8.3,227.7,227.7,MV Mumbai Trader,Bulk Carrier,under way using engine
419008765,2021-05-19T19:40:00Z,6.3954,80.51229,12.5,330.8,330.8,MV Mumbai Trader,Bulk Carrier,under way using engine
419008765,2021-05-19T19:50:00Z,6.38831,80.52018,12.7,306.1,306.1,MV Mumbai Trader,Bulk Carrier,under way using engine
419008765,2021-05-19T20:00:00Z,6.38121,80.52807,14.8,57.7,57.7,MV Mumbai Trader,Bulk Carrier,under way using engine
419008765,2021-05-19T20:10:00Z,6.37412,80.53596,9.5,239.5,239.5,MV Mumbai Trader,Bulk Carrier,under way using engine
419008765,2021-05-19T20:20:00Z,6.36702,80.54385,8.8,339.6,339.6,MV Mumbai Trader,Bulk Carrier,under way using engine
419008765,2021-05-19T20:30:00Z,6.35992,80.55174,10.1,26.0,26.0,MV Mumbai Trader,Bulk Carrier,under way using engine
419008765,2021-05-19T20:40:00Z,6.35283,80.55963,13.8,283.0,283.0,MV Mumbai Trader,Bulk Carrier,under way using engine
419008765,2021-05-19T20:50:00Z,6.34573,80.56752,12.8,105.8,105.8,MV Mumbai Trader,Bulk Carrier,under way using engine
419008765,2021-05-19T21:00:00Z,6.33863,80.5754,8.7,84.6,84.6,MV Mumbai Trader,Bulk Carrier,under way using engine
419008765,2021-05-19T21:10:00Z,6.33154,80.58329,11.1,259.9,259.9,MV Mumbai Trader,Bulk Carrier,under way using engine
419008765,2021-05-19T21:20:00Z,6.32444,80.59118,12.1,290.9,290.9,MV Mumbai Trader,Bulk Carrier,under way using engine
419008765,2021-05-19T21:30:00Z,6.31735,80.59907,14.7,79.2,79.2,MV Mumbai Trader,Bulk Carrier,under way using engine
419008765,2021-05-19T21:40:00Z,6.31025,80.60696,13.5,336.8,336.8,MV Mumbai Trader,Bulk Carrier,under way using engine
419008765,2021-05-19T21:50:00Z,6.30315,80.61485,8.7,85.3,85.3,MV Mumbai Trader,Bulk Carrier,under way using engine
419008765,2021-05-19T22:00:00Z,6.29606,80.62274,9.6,245.8,245.8,MV Mumbai Trader,Bulk Carrier,under way using engine
419008765,2021-05-19T22:10:00Z,6.28896,80.63063,10.3,83.9,83.9,MV Mumbai Trader,Bulk Carrier,under way using engine
419008765,2021-05-19T22:20:00Z,6.28187,80.63852,13.7,242.1,242.1,MV Mumbai Trader,Bulk Carrier,under way using engine
419008765,2021-05-19T22:30:00Z,6.27477,80.64641,9.1,173.7,173.7,MV Mumbai Trader,Bulk Carrier,under way using engine
419008765,2021-05-19T22:40:00Z,6.26767,80.6543,10.5,89.0,89.0,MV Mumbai Trader,Bulk Carrier,under way using engine
419008765,2021-05-19T22:50:00Z,6.26058,80.66219,12.4,310.1,310.1,MV Mumbai Trader,Bulk Carrier,under way using engine
419008765,2021-05-19T23:00:00Z,6.25348,80.67008,12.6,283.5,283.5,MV Mumbai Trader,Bulk Carrier,under way using engine
419008765,2021-05-19T23:10:00Z,6.24638,80.67797,14.9,244.1,244.1,MV Mumbai Trader,Bulk Carrier,under way using engine
419008765,2021-05-19T23:20:00Z,6.23929,80.68586,14.3,211.1,211.1,MV Mumbai Trader,Bulk Carrier,under way using engine
419008765,2021-05-19T23:30:00Z,6.23219,80.69375,11.9,304.7,304.7,MV Mumbai Trader,Bulk Carrier,under way using engine
419008765,2021-05-19T23:40:00Z,6.2251,80.70164,14.5,45.5,45.5,MV Mumbai Trader,Bulk Carrier,under way using engine
419008765,2021-05-19T23:50:00Z,6.218,80.70953,13.6,226.0,226.0,MV Mumbai Trader,Bulk Carrier,under way using engine
419008765,2021-05-20T00:00:00Z,6.2109,80.71742,9.7,271.5,271.5,MV Mumbai Trader,Bulk Carrier,under way using engine
419008765,2021-05-20T00:10:00Z,6.20381,80.72531,14.8,254.2,254.2,MV Mumbai Trader,Bulk Carrier,under way using engine
419008765,2021-05-20T00:20:00Z,6.19671,80.7332,12.2,288.9,288.9,MV Mumbai Trader,Bulk Carrier,under way using engine
419008765,2021-05-20T00:30:00Z,6.18961,80.74109,13.4,106.5,106.5,MV Mumbai Trader,Bulk Carrier,under way using engine
419008765,2021-05-20T00:40:00Z,6.18252,80.74898,11.4,31.2,31.2,MV Mumbai Trader,Bulk Carrier,under way using engine
419008765,2021-05-20T00:50:00Z,6.17542,80.75687,12.3,330.4,330.4,MV Mumbai Trader,Bulk Carrier,under way using engine
419008765,2021-05-20T01:00:00Z,6.16833,80.76476,14.6,353.4,353.4,MV Mumbai Trader,Bulk Carrier,under way using engine
419008765,2021-05-20T01:10:00Z,6.16123,80.77265,9.0,336.9,336.9,MV Mumbai Trader,Bulk Carrier,under way using engine
419008765,2021-05-20T01:20:00Z,6.15413,80.78054,14.4,352.6,352.6,MV Mumbai Trader,Bulk Carrier,under way using engine
419008765,2021-05-20T01:30:00Z,6.14704,80.78843,10.3,204.9,204.9,MV Mumbai Trader,Bulk Carrier,under way using engine
419008765,2021-05-20T01:40:00Z,6.13994,80.79632,11.0,244.8,244.8,MV Mumbai Trader,Bulk Carrier,under way using engine
419008765,2021-05-20T01:50:00Z,6.13284,80.8042,11.6,228.1,228.1,MV Mumbai Trader,Bulk Carrier,under way using engine
419008765,2021-05-20T02:00:00Z,6.12575,80.81209,11.0,74.7,74.7,MV Mumbai Trader,Bulk Carrier,under way using engine
419008765,2021-05-20T02:10:00Z,6.11865,80.81998,11.2,105.1,105.1,MV Mumbai Trader,Bulk Carrier,under way using engine
419008765,2021-05-20T02:20:00Z,6.11156,80.82787,9.6,194.7,194.7,MV Mumbai Trader,Bulk Carrier,under way using engine
419008765,2021-05-20T02:30:00Z,6.10446,80.83576,10.7,246.6,246.6,MV Mumbai Trader,Bulk Carrier,under way using engine
419008765,2021-05-20T02:40:00Z,6.09736,80.84365,11.5,166.6,166.6,MV Mumbai Trader,Bulk Carrier,under way using engine
419008765,2021-05-20T02:50:00Z,6.09027,80.85154,12.9,227.8,227.8,MV Mumbai Trader,Bulk Carrier,under way using engine
419008765,2021-05-20T03:00:00Z,6.08317,80.85943,10.1,255.4,255.4,MV Mumbai Trader,Bulk Carrier,under way using engine
419008765,2021-05-20T03:10:00Z,6.07607,80.86732,13.3,230.9,230.9,MV Mumbai Trader,Bulk Carrier,under way using engine
419008765,2021-05-20T03:20:00Z,6.06898,80.87521,12.6,182.1,182.1,MV Mumbai Trader,Bulk Carrier,under way using engine
419008765,2021-05-20T03:30:00Z,6.06188,80.8831,13.7,94.6,94.6,MV Mumbai Trader,Bulk Carrier,under way using engine
419008765,2021-05-20T03:40:00Z,6.05479,80.89099,9.3,131.5,131.5,MV Mumbai Trader,Bulk Carrier,under way using engine
419008765,2021-05-20T03:50:00Z,6.04769,80.89888,8.6,347.7,347.7,MV Mumbai Trader,Bulk Carrier,under way using engine
419008765,2021-05-20T04:00:00Z,6.04059,80.90677,11.5,61.1,61.1,MV Mumbai Trader,Bulk Carrier,under way using engine
419008765,2021-05-20T04:10:00Z,6.0335,80.91466,10.7,222.0,222.0,MV Mumbai Trader,Bulk Carrier,under way using engine
419008765,2021-05-20T04:20:00Z,6.0264,80.92255,10.9,9.5,9.5,MV Mumbai Trader,Bulk Carrier,under way using engine
419008765,2021-05-20T04:30:00Z,6.01931,80.93044,14.8,118.9,118.9,MV Mumbai Trader,Bulk Carrier,under way using engine
419008765,2021-05-20T04:40:00Z,6.01221,80.93833,14.3,350.7,350.7,MV Mumbai Trader,Bulk Carrier,under way using engine
419008765,2021-05-20T04:50:00Z,6.00511,80.94622,10.9,109.4,109.4,MV Mumbai Trader,Bulk Carrier,under way using engine
419008765,2021-05-20T05:00:00Z,5.99802,80.95411,8.2,323.7,323.7,MV Mumbai Trader,Bulk Carrier,under way using engine
419008765,2021-05-20T05:10:00Z,5.99092,80.962,11.2,307.4,307.4,MV Mumbai Trader,Bulk Carrier,under way using engine
419008765,2021-05-20T05:20:00Z,5.98382,80.96989,10.4,62.0,62.0,MV Mumbai Trader,Bulk Carrier,under way using engine
419008765,2021-05-20T05:30:00Z,5.97673,80.97778,13.7,296.4,296.4,MV Mumbai Trader,Bulk Carrier,under way using engine
419008765,2021-05-20T05:40:00Z,5.96963,80.98567,15.0,195.0,195.0,MV Mumbai Trader,Bulk Carrier,under way using engine
419008765,2021-05-20T05:50:00Z,5.96254,80.99356,8.0,126.9,126.9,MV Mumbai Trader,Bulk Carrier,under way using engine
419008765,2021-05-20T06:00:00Z,5.95544,81.00145,11.8,195.1,195.1,MV Mumbai Trader,Bulk Carrier,under way using engine
419008765,2021-05-20T06:10:00Z,5.94834,81.00934,9.9,289.4,289.4,MV Mumbai Trader,Bulk Carrier,under way using engine
419008765,2021-05-20T06:20:00Z,5.94125,81.01723,10.6,211.8,211.8,MV Mumbai Trader,Bulk Carrier,under way using engine
419008765,2021-05-20T06:30:00Z,5.93415,81.02512,11.5,104.1,104.1,MV Mumbai Trader,Bulk Carrier,under way using engine
419008765,2021-05-20T06:40:00Z,5.92705,81.033,15.0,179.1,179.1,MV Mumbai Trader,Bulk Carrier,under way using engine
419008765,2021-05-20T06:50:00Z,5.91996,81.04089,14.0,313.5,313.5,MV Mumbai Trader,Bulk Carrier,under way using engine
419008765,2021-05-20T07:00:00Z,5.91286,81.04878,12.2,168.4,168.4,MV Mumbai Trader,Bulk Carrier,under way using engine
419008765,2021-05-20T07:10:00Z,5.90577,81.05667,8.2,339.5,339.5,MV Mumbai Trader,Bulk Carrier,under way using engine
419008765,2021-05-20T07:20:00Z,5.89867,81.06456,13.5,148.7,148.7,MV Mumbai Trader,Bulk Carrier,under way using engine
419008765,2021-05-20T07:30:00Z,5.89157,81.07245,14.0,229.5,229.5,MV Mumbai Trader,Bulk Carrier,under way using engine
419008765,2021-05-20T07:40:00Z,5.88448,81.08034,9.1,114.2,114.2,MV Mumbai Trader,Bulk Carrier,under way using engine
419008765,2021-05-20T07:50:00Z,5.87738,81.08823,13.0,343.2,343.2,MV Mumbai Trader,Bulk Carrier,under way using engine
419008765,2021-05-20T08:00:00Z,5.87028,81.09612,11.5,223.0,223.0,MV Mumbai Trader,Bulk Carrier,under way using engine
419008765,2021-05-20T08:10:00Z,5.86319,81.10401,8.3,311.1,311.1,MV Mumbai Trader,Bulk Carrier,under way using engine
419008765,2021-05-20T08:20:00Z,5.85609,81.1119,8.9,101.8,101.8,MV Mumbai Trader,Bulk Carrier,under way using engine
419008765,2021-05-20T08:30:00Z,5.849,81.11979,10.6,280.4,280.4,MV Mumbai Trader,Bulk Carrier,under way using engine
419008765,2021-05-20T08:40:00Z,5.8419,81.12768,14.8,292.2,292.2,MV Mumbai Trader,Bulk Carrier,under way using engine
419008765,2021-05-20T08:50:00Z,5.8348,81.13557,9.6,123.2,123.2,MV Mumbai Trader,Bulk Carrier,under way using engine
419008765,2021-05-20T09:00:00Z,5.82771,81.14346,13.2,108.5,108.5,MV Mumbai Trader,Bulk Carrier,under way using engine
419008765,2021-05-20T09:10:00Z,5.82061,81.15135,11.5,146.1,146.1,MV Mumbai Trader,Bulk Carrier,under way using engine
419008765,2021-05-20T09:20:00Z,5.81351,81.15924,8.3,31.8,31.8,MV Mumbai Trader,Bulk Carrier,under way using engine
419008765,2021-05-20T09:30:00Z,5.80642,81.16713,8.5,45.7,45.7,MV Mumbai Trader,Bulk Carrier,under way using engine
419008765,2021-05-20T09:40:00Z,5.79932,81.17502,11.7,12.9,12.9,MV Mumbai Trader,Bulk Carrier,under way using engine
419008765,2021-05-20T09:50:00Z,5.79223,81.18291,10.9,17.6,17.6,MV Mumbai Trader,Bulk Carrier,under way using engine
419008765,2021-05-20T10:00:00Z,5.78513,81.1908,9.9,223.7,223.7,MV Mumbai Trader,Bulk Carrier,under way using engine
419008765,2021-05-20T10:10:00Z,5.77803,81.19869,12.6,15.5,15.5,MV Mumbai Trader,Bulk Carrier,under way using engine
419008765,2021-05-20T10:20:00Z,5.77094,81.20658,10.1,228.0,228.0,MV Mumbai Trader,Bulk Carrier,under way using engine
419008765,2021-05-20T10:30:00Z,5.76384,81.21447,8.3,293.4,293.4,MV Mumbai Trader,Bulk Carrier,under way using engine
419008765,2021-05-20T10:40:00Z,5.75675,81.22236,10.5,271.1,271.1,MV Mumbai Trader,Bulk Carrier,under way using engine
419008765,2021-05-20T10:50:00Z,5.74965,81.23025,11.1,341.3,341.3,MV Mumbai Trader,Bulk Carrier,under way using engine
419008765,2021-05-20T11:00:00Z,5.74255,81.23814,8.9,247.5,247.5,MV Mumbai Trader,Bulk Carrier,under way using engine
419008765,2021-05-20T11:10:00Z,5.73546,81.24603,12.1,319.4,319.4,MV Mumbai Trader,Bulk Carrier,under way using engine
419008765,2021-05-20T11:20:00Z,5.72836,81.25392,9.6,154.8,154.8,MV Mumbai Trader,Bulk Carrier,under way using engine
419008765,2021-05-20T11:30:00Z,5.72126,81.2618,10.3,214.7,214.7,MV Mumbai Trader,Bulk Carrier,under way using engine
419008765,2021-05-20T11:40:00Z,5.71417,81.26969,14.5,124.1,124.1,MV Mumbai Trader,Bulk Carrier,under way using engine
419008765,2021-05-20T11:50:00Z,5.70707,81.27758,14.8,81.9,81.9,MV Mumbai Trader,Bulk Carrier,under way using engine
419008765,2021-05-20T12:00:00Z,5.69998,81.28547,8.3,39.5,39.5,MV Mumbai Trader,Bulk Carrier,under way using engine
419008765,2021-05-20T12:10:00Z,5.69288,81.29336,8.6,294.7,294.7,MV Mumbai Trader,Bulk Carrier,under way using engine
419008765,2021-05-20T12:20:00Z,5.68578,81.30125,14.8,9.7,9.7,MV Mumbai Trader,Bulk Carrier,under way using engine
419008765,2021-05-20T12:30:00Z,5.67869,81.30914,10.0,226.8,226.8,MV Mumbai Trader,Bulk Carrier,under way using engine
419008765,2021-05-20T12:40:00Z,5.67159,81.31703,9.1,254.7,254.7,MV Mumbai Trader,Bulk Carrier,under way using engine
419008765,2021-05-20T12:50:00Z,5.66449,81.32492,9.4,121.4,121.4,MV Mumbai Trader,Bulk Carrier,under way using engine
419008765,2021-05-20T13:00:00Z,5.6574,81.33281,11.7,332.7,332.7,MV Mumbai Trader,Bulk Carrier,under way using engine
419008765,2021-05-20T13:10:00Z,5.6503,81.3407,8.7,5.8,5.8,MV Mumbai Trader,Bulk Carrier,under way using engine
419008765,2021-05-20T13:20:00Z,5.64321,81.34859,10.8,280.4,280.4,MV Mumbai Trader,Bulk Carrier,under way using engine
419008765,2021-05-20T13:30:00Z,5.63611,81.35648,12.5,291.6,291.6,MV Mumbai Trader,Bulk Carrier,under way using engine
419008765,2021-05-20T13:40:00Z,5.62901,81.36437,14.2,105.8,105.8,MV Mumbai Trader,Bulk Carrier,under way using engine
419008765,2021-05-20T13:50:00Z,5.62192,81.37226,13.1,18.2,18.2,MV Mumbai Trader,Bulk Carrier,under way using engine
419008765,2021-05-20T14:00:00Z,5.61482,81.38015,9.0,5.2,5.2,MV Mumbai Trader,Bulk Carrier,under way using engine
419008765,2021-05-20T14:10:00Z,5.60772,81.38804,14.8,164.0,164.0,MV Mumbai Trader,Bulk Carrier,under way using engine
419008765,2021-05-20T14:20:00Z,5.60063,81.39593,13.2,355.5,355.5,MV Mumbai Trader,Bulk Carrier,under way using engine
419008765,2021-05-20T14:30:00Z,5.59353,81.40382,8.3,55.9,55.9,MV Mumbai Trader,Bulk Carrier,under way using engine
419008765,2021-05-20T14:40:00Z,5.58644,81.41171,14.1,101.5,101.5,MV Mumbai Trader,Bulk Carrier,under way using engine
419008765,2021-05-20T14:50:00Z,5.57934,81.4196,9.2,284.6,284.6,MV Mumbai Trader,Bulk Carrier,under way using engine
419008765,2021-05-20T15:00:00Z,5.57224,81.42749,12.9,343.1,343.1,MV Mumbai Trader,Bulk Carrier,under way using engine
419008765,2021-05-20T15:10:00Z,5.56515,81.43538,10.4,329.6,329.6,MV Mumbai Trader,Bulk Carrier,under way using engine
419008765,2021-05-20T15:20:00Z,5.55805,81.44327,8.5,293.6,293.6,MV Mumbai Trader,Bulk Carrier,under way using engine
419008765,2021-05-20T15:30:00Z,5.55096,81.45116,12.0,52.4,52.4,MV Mumbai Trader,Bulk Carrier,under way using engine
419008765,2021-05-20T15:40:00Z,5.54386,81.45905,9.3,253.7,253.7,MV Mumbai Trader,Bulk Carrier,under way using engine
419008765,2021-05-20T15:50:00Z,5.53676,81.46694,13.9,323.6,323.6,MV Mumbai Trader,Bulk Carrier,under way using engine
419008765,2021-05-20T16:00:00Z,5.52967,81.47483,12.1,26.4,26.4,MV Mumbai Trader,Bulk Carrier,under way using engine
419008765,2021-05-20T16:10:00Z,5.52257,81.48272,14.9,9.3,9.3,MV Mumbai Trader,Bulk Carrier,under way using engine
419008765,2021-05-20T16:20:00Z,5.51547,81.4906,9.6,224.4,224.4,MV Mumbai Trader,Bulk Carrier,under way using engine
419008765,2021-05-20T16:30:00Z,5.50838,81.49849,12.6,188.8,188.8,MV Mumbai Trader,Bulk Carrier,under way using engine
419008765,2021-05-20T16:40:00Z,5.50128,81.50638,13.2,152.2,152.2,MV Mumbai Trader,Bulk Carrier,under way using engine
419008765,2021-05-20T16:50:00Z,5.49419,81.51427,9.0,126.3,126.3,MV Mumbai Trader,Bulk Carrier,under way using engine
419008765,2021-05-20T17:00:00Z,5.48709,81.52216,8.0,38.6,38.6,MV Mumbai Trader,Bulk Carrier,under way using engine
419008765,2021-05-20T17:10:00Z,5.47999,81.53005,14.4,13.7,13.7,MV Mumbai Trader,Bulk Carrier,under way using engine
419008765,2021-05-20T17:20:00Z,5.4729,81.53794,14.6,84.5,84.5,MV Mumbai Trader,Bulk Carrier,under way using engine
419008765,2021-05-20T17:30:00Z,5.4658,81.54583,14.0,291.6,291.6,MV Mumbai Trader,Bulk Carrier,under way using engine
419008765,2021-05-20T17:40:00Z,5.4587,81.55372,11.4,183.8,183.8,MV Mumbai Trader,Bulk Carrier,under way using engine
419008765,2021-05-20T17:50:00Z,5.45161,81.56161,8.4,324.3,324.3,MV Mumbai Trader,Bulk Carrier,under way using engine
419008765,2021-05-20T18:00:00Z,5.44451,81.5695,13.2,120.1,120.1,MV Mumbai Trader,Bulk Carrier,under way using engine
419008765,2021-05-20T18:10:00Z,5.43742,81.57739,10.4,35.5,35.5,MV Mumbai Trader,Bulk Carrier,under way using engine
419008765,2021-05-20T18:20:00Z,5.43032,81.58528,13.6,102.5,102.5,MV Mumbai Trader,Bulk Carrier,under way using engine
419008765,2021-05-20T18:30:00Z,5.42322,81.59317,12.0,252.2,252.2,MV Mumbai Trader,Bulk Carrier,under way using engine
419008765,2021-05-20T18:40:00Z,5.41613,81.60106,13.3,249.5,249.5,MV Mumbai Trader,Bulk Carrier,under way using engine
419008765,2021-05-20T18:50:00Z,5.40903,81.60895,13.8,6.3,6.3,MV Mumbai Trader,Bulk Carrier,under way using engine
419008765,2021-05-20T19:00:00Z,5.40193,81.61684,13.1,197.1,197.1,MV Mumbai Trader,Bulk Carrier,under way using engine
419008765,2021-05-20T19:10:00Z,5.39484,81.62473,8.5,168.1,168.1,MV Mumbai Trader,Bulk Carrier,under way using engine
419008765,2021-05-20T19:20:00Z,5.38774,81.63262,10.3,340.0,340.0,MV Mumbai Trader,Bulk Carrier,under way using engine
419008765,2021-05-20T19:30:00Z,5.38065,81.64051,11.0,261.9,261.9,MV Mumbai Trader,Bulk Carrier,under way using engine
419008765,2021-05-20T19:40:00Z,5.37355,81.6484,12.1,313.9,313.9,MV Mumbai Trader,Bulk Carrier,under way using engine
419008765,2021-05-20T19:50:00Z,5.36645,81.65629,14.2,320.5,320.5,MV Mumbai Trader,Bulk Carrier,under way using engine
419008765,2021-05-20T20:00:00Z,5.35936,81.66418,12.5,196.5,196.5,MV Mumbai Trader,Bulk Carrier,under way using engine
419008765,2021-05-20T20:10:00Z,5.35226,81.67207,9.6,162.6,162.6,MV Mumbai Trader,Bulk Carrier,under way using engine
419008765,2021-05-20T20:20:00Z,5.34516,81.67996,14.4,270.6,270.6,MV Mumbai Trader,Bulk Carrier,under way using engine
419008765,2021-05-20T20:30:00Z,5.33807,81.68785,9.1,353.6,353.6,MV Mumbai Trader,Bulk Carrier,under way using engine
419008765,2021-05-20T20:40:00Z,5.33097,81.69574,11.9,44.1,44.1,MV Mumbai Trader,Bulk Carrier,under way using engine
419008765,2021-05-20T20:50:00Z,5.32388,81.70363,14.4,24.8,24.8,MV Mumbai Trader,Bulk Carrier,under way using engine
419008765,2021-05-20T21:00:00Z,5.31678,81.71152,9.7,346.5,346.5,MV Mumbai Trader,Bulk Carrier,under way using engine
419008765,2021-05-20T21:10:00Z,5.30968,81.7194,9.7,30.5,30.5,MV Mumbai Trader,Bulk Carrier,under way using engine
419008765,2021-05-20T21:20:00Z,5.30259,81.72729,12.3,245.2,245.2,MV Mumbai Trader,Bulk Carrier,under way using engine
419008765,2021-05-20T21:30:00Z,5.29549,81.73518,8.2,213.6,213.6,MV Mumbai Trader,Bulk Carrier,under way using engine
419008765,2021-05-20T21:40:00Z,5.2884,81.74307,13.2,180.6,180.6,MV Mumbai Trader,Bulk Carrier,under way using engine
419008765,2021-05-20T21:50:00Z,5.2813,81.75096,8.8,178.4,178.4,MV Mumbai Trader,Bulk Carrier,under way using engine
419008765,2021-05-20T22:00:00Z,5.2742,81.75885,12.1,153.9,153.9,MV Mumbai Trader,Bulk Carrier,under way using engine
419008765,2021-05-20T22:10:00Z,5.26711,81.76674,13.9,147.5,147.5,MV Mumbai Trader,Bulk Carrier,under way using engine
419008765,2021-05-20T22:20:00Z,5.26001,81.77463,13.3,307.0,307.0,MV Mumbai Trader,Bulk Carrier,under way using engine
419008765,2021-05-20T22:30:00Z,5.25291,81.78252,11.8,107.8,107.8,MV Mumbai Trader,Bulk Carrier,under way using engine
419008765,2021-05-20T22:40:00Z,5.24582,81.79041,13.0,332.3,332.3,MV Mumbai Trader,Bulk Carrier,under way using engine
419008765,2021-05-20T22:50:00Z,5.23872,81.7983,13.4,47.8,47.8,MV Mumbai Trader,Bulk Carrier,under way using engine
419008765,2021-05-20T23:00:00Z,5.23163,81.80619,11.2,323.8,323.8,MV Mumbai Trader,Bulk Carrier,under way using engine
419008765,2021-05-20T23:10:00Z,5.22453,81.81408,14.9,320.4,320.4,MV Mumbai Trader,Bulk Carrier,under way using engine
419008765,2021-05-20T23:20:00Z,5.21743,81.82197,14.7,49.3,49.3,MV Mumbai Trader,Bulk Carrier,under way using engine
419008765,2021-05-20T23:30:00Z,5.21034,81.82986,10.7,242.3,242.3,MV Mumbai Trader,Bulk Carrier,under way using engine
419008765,2021-05-20T23:40:00Z,5.20324,81.83775,9.1,283.3,283.3,MV Mumbai Trader,Bulk Carrier,under way using engine
419008765,2021-05-20T23:50:00Z,5.19614,81.84564,8.9,102.1,102.1,MV Mumbai Trader,Bulk Carrier,under way using engine
419008765,2021-05-21T00:00:00Z,5.18905,81.85353,12.3,307.0,307.0,MV Mumbai Trader,Bulk Carrier,under way using engine
419008765,2021-05-21T00:10:00Z,5.18195,81.86142,9.5,179.7,179.7,MV Mumbai Trader,Bulk Carrier,under way using engine
419008765,2021-05-21T00:20:00Z,5.17486,81.86931,10.8,89.5,89.5,MV Mumbai Trader,Bulk Carrier,under way using engine
419008765,2021-05-21T00:30:00Z,5.16776,81.8772,11.9,150.0,150.0,MV Mumbai Trader,Bulk Carrier,under way using engine
419008765,2021-05-21T00:40:00Z,5.16066,81.88509,13.3,58.1,58.1,MV Mumbai Trader,Bulk Carrier,under way using engine
419008765,2021-05-21T00:50:00Z,5.15357,81.89298,9.9,120.8,120.8,MV Mumbai Trader,Bulk Carrier,under way using engine
419008765,2021-05-21T01:00:00Z,5.14647,81.90087,10.1,109.5,109.5,MV Mumbai Trader,Bulk Carrier,under way using engine
419008765,2021-05-21T01:10:00Z,5.13937,81.90876,8.1,313.1,313.1,MV Mumbai Trader,Bulk Carrier,under way using engine
419008765,2021-05-21T01:20:00Z,5.13228,81.91665,14.9,30.4,30.4,MV Mumbai Trader,Bulk Carrier,under way using engine
419008765,2021-05-21T01:30:00Z,5.12518,81.92454,11.0,114.0,114.0,MV Mumbai Trader,Bulk Carrier,under way using engine
419008765,2021-05-21T01:40:00Z,5.11809,81.93243,11.3,240.2,240.2,MV Mumbai Trader,Bulk Carrier,under way using engine
419008765,2021-05-21T01:50:00Z,5.11099,81.94032,10.3,307.7,307.7,MV Mumbai Trader,Bulk Carrier,under way using engine
419008765,2021-05-21T02:00:00Z,5.10389,81.9482,11.3,155.7,155.7,MV Mumbai Trader,Bulk Carrier,under way using engine
419008765,2021-05-21T02:10:00Z,5.0968,81.95609,11.0,203.8,203.8,MV Mumbai Trader,Bulk Carrier,under way using engine
419008765,2021-05-21T02:20:00Z,5.0897,81.96398,11.2,232.5,232.5,MV Mumbai Trader,Bulk Carrier,under way using engine
419008765,2021-05-21T02:30:00Z,5.0826,81.97187,8.8,314.1,314.1,MV Mumbai Trader,Bulk Carrier,under way using engine
419008765,2021-05-21T02:40:00Z,5.07551,81.97976,8.0,229.4,229.4,MV Mumbai Trader,Bulk Carrier,under way using engine
419008765,2021-05-21T02:50:00Z,5.06841,81.98765,13.4,68.3,68.3,MV Mumbai Trader,Bulk Carrier,under way using engine
419008765,2021-05-21T03:00:00Z,5.06132,81.99554,9.6,162.3,162.3,MV Mumbai Trader,Bulk Carrier,under way using engine
419008765,2021-05-21T03:10:00Z,5.05422,82.00343,14.4,281.4,281.4,MV Mumbai Trader,Bulk Carrier,under way using engine
419008765,2021-05-21T03:20:00Z,5.04712,82.01132,9.3,356.4,356.4,MV Mumbai Trader,Bulk Carrier,under way using engine
419008765,2021-05-21T03:30:00Z,5.04003,82.01921,11.8,1.0,1.0,MV Mumbai Trader,Bulk Carrier,under way using engine
419008765,2021-05-21T03:40:00Z,5.03293,82.0271,12.3,192.1,192.1,MV Mumbai Trader,Bulk Carrier,under way using engine
419008765,2021-05-21T03:50:00Z,5.02584,82.03499,14.3,50.2,50.2,MV Mumbai Trader,Bulk Carrier,under way using engine
419008765,2021-05-21T04:00:00Z,5.01874,82.04288,10.5,344.5,344.5,MV Mumbai Trader,Bulk Carrier,under way using engine
419008765,2021-05-21T04:10:00Z,5.01164,82.05077,14.4,261.4,261.4,MV Mumbai Trader,Bulk Carrier,under way using engine
419008765,2021-05-21T04:20:00Z,5.00455,82.05866,10.5,219.8,219.8,MV Mumbai Trader,Bulk Carrier,under way using engine
419008765,2021-05-21T04:30:00Z,4.99745,82.06655,8.5,331.4,331.4,MV Mumbai Trader,Bulk Carrier,under way using engine
419008765,2021-05-21T04:40:00Z,4.99035,82.07444,14.4,89.4,89.4,MV Mumbai Trader,Bulk Carrier,under way using engine
419008765,2021-05-21T04:50:00Z,4.98326,82.08233,11.6,275.9,275.9,MV Mumbai Trader,Bulk Carrier,under way using engine
419008765,2021-05-21T05:00:00Z,4.97616,82.09022,12.1,204.6,204.6,MV Mumbai Trader,Bulk Carrier,under way using engine
419008765,2021-05-21T05:10:00Z,4.96907,82.09811,9.5,144.3,144.3,MV Mumbai Trader,Bulk Carrier,under way using engine
419008765,2021-05-21T05:20:00Z,4.96197,82.106,11.6,164.1,164.1,MV Mumbai Trader,Bulk Carrier,under way using engine
419008765,2021-05-21T05:30:00Z,4.95487,82.11389,14.9,42.2,42.2,MV Mumbai Trader,Bulk Carrier,under way using engine
419008765,2021-05-21T05:40:00Z,4.94778,82.12178,13.5,37.6,37.6,MV Mumbai Trader,Bulk Carrier,under way using engine
419008765,2021-05-21T05:50:00Z,4.94068,82.12967,8.8,83.4,83.4,MV Mumbai Trader,Bulk Carrier,under way using engine
419008765,2021-05-21T06:00:00Z,4.93358,82.13756,10.2,143.7,143.7,MV Mumbai Trader,Bulk Carrier,under way using engine
419008765,2021-05-21T06:10:00Z,4.92649,82.14545,12.8,305.7,305.7,MV Mumbai Trader,Bulk Carrier,under way using engine
419008765,2021-05-21T06:20:00Z,4.91939,82.15334,8.0,315.7,315.7,MV Mumbai Trader,Bulk Carrier,under way using engine
419008765,2021-05-21T06:30:00Z,4.9123,82.16123,13.2,98.4,98.4,MV Mumbai Trader,Bulk Carrier,under way using engine
419008765,2021-05-21T06:40:00Z,4.9052,82.16912,9.0,129.5,129.5,MV Mumbai Trader,Bulk Carrier,under way using engine
419008765,2021-05-21T06:50:00Z,4.8981,82.177,14.6,177.2,177.2,MV Mumbai Trader,Bulk Carrier,under way using engine
419008765,2021-05-21T07:00:00Z,4.89101,82.18489,14.1,298.8,298.8,MV Mumbai Trader,Bulk Carrier,under way using engine
419008765,2021-05-21T07:10:00Z,4.88391,82.19278,10.2,216.0,216.0,MV Mumbai Trader,Bulk Carrier,under way using engine
419008765,2021-05-21T07:20:00Z,4.87681,82.20067,8.8,77.4,77.4,MV Mumbai Trader,Bulk Carrier,under way using engine
419008765,2021-05-21T07:30:00Z,4.86972,82.20856,11.1,33.0,33.0,MV Mumbai Trader,Bulk Carrier,under way using engine
419008765,2021-05-21T07:40:00Z,4.86262,82.21645,14.5,137.8,137.8,MV Mumbai Trader,Bulk Carrier,under way using engine
419008765,2021-05-21T07:50:00Z,4.85553,82.22434,11.1,200.3,200.3,MV Mumbai Trader,Bulk Carrier,under way using engine
419008765,2021-05-21T08:00:00Z,4.84843,82.23223,13.3,227.6,227.6,MV Mumbai Trader,Bulk Carrier,under way using engine
419008765,2021-05-21T08:10:00Z,4.84133,82.24012,11.4,209.7,209.7,MV Mumbai Trader,Bulk Carrier,under way using engine
419008765,2021-05-21T08:20:00Z,4.83424,82.24801,9.6,2.9,2.9,MV Mumbai Trader,Bulk Carrier,under way using engine
419008765,2021-05-21T08:30:00Z,4.82714,82.2559,8.2,103.8,103.8,MV Mumbai Trader,Bulk Carrier,under way using engine
419008765,2021-05-21T08:40:00Z,4.82005,82.26379,13.3,306.3,306.3,MV Mumbai Trader,Bulk Carrier,under way using engine
419008765,2021-05-21T08:50:00Z,4.81295,82.27168,8.2,239.9,239.9,MV Mumbai Trader,Bulk Carrier,under way using engine
419008765,2021-05-21T09:00:00Z,4.80585,82.27957,10.3,218.2,218.2,MV Mumbai Trader,Bulk Carrier,under way using engine
419008765,2021-05-21T09:10:00Z,4.79876,82.28746,14.7,108.5,108.5,MV Mumbai Trader,Bulk Carrier,under way using engine
419008765,2021-05-21T09:20:00Z,4.79166,82.29535,10.9,67.8,67.8,MV Mumbai Trader,Bulk Carrier,under way using engine
419008765,2021-05-21T09:30:00Z,4.78456,82.30324,11.3,272.8,272.8,MV Mumbai Trader,Bulk Carrier,under way using engine
419008765,2021-05-21T09:40:00Z,4.77747,82.31113,12.4,192.1,192.1,MV Mumbai Trader,Bulk Carrier,under way using engine
419008765,2021-05-21T09:50:00Z,4.77037,82.31902,13.4,185.4,185.4,MV Mumbai Trader,Bulk Carrier,under way using engine
419008765,2021-05-21T10:00:00Z,4.76328,82.32691,13.1,270.3,270.3,MV Mumbai Trader,Bulk Carrier,under way using engine
419008765,2021-05-21T10:10:00Z,4.75618,82.3348,12.3,177.0,177.0,MV Mumbai Trader,Bulk Carrier,under way using engine
419008765,2021-05-21T10:20:00Z,4.74908,82.34269,10.3,89.3,89.3,MV Mumbai Trader,Bulk Carrier,under way using engine
419008765,2021-05-21T10:30:00Z,4.74199,82.35058,13.5,60.0,60.0,MV Mumbai Trader,Bulk Carrier,under way using engine
419008765,2021-05-21T10:40:00Z,4.73489,82.35847,9.2,217.1,217.1,MV Mumbai Trader,Bulk Carrier,under way using engine
419008765,2021-05-21T10:50:00Z,4.72779,82.36636,13.1,216.7,216.7,MV Mumbai Trader,Bulk Carrier,under way using engine
419008765,2021-05-21T11:00:00Z,4.7207,82.37425,10.2,98.8,98.8,MV Mumbai Trader,Bulk Carrier,under way using engine
419008765,2021-05-21T11:10:00Z,4.7136,82.38214,12.3,300.6,300.6,MV Mumbai Trader,Bulk Carrier,under way using engine
419008765,2021-05-21T11:20:00Z,4.70651,82.39003,13.8,277.6,277.6,MV Mumbai Trader,Bulk Carrier,under way using engine
419008765,2021-05-21T11:30:00Z,4.69941,82.39792,13.9,148.0,148.0,MV Mumbai Trader,Bulk Carrier,under way using engine
419008765,2021-05-21T11:40:00Z,4.69231,82.4058,9.5,233.5,233.5,MV Mumbai Trader,Bulk Carrier,under way using engine
419008765,2021-05-21T11:50:00Z,4.68522,82.41369,13.3,237.9,237.9,MV Mumbai Trader,Bulk Carrier,under way using engine
419008765,2021-05-21T12:00:00Z,4.67812,82.42158,13.3,316.5,316.5,MV Mumbai Trader,Bulk Carrier,under way using engine
419008765,2021-05-21T12:10:00Z,4.67102,82.42947,11.0,31.5,31.5,MV Mumbai Trader,Bulk Carrier,under way using engine
419008765,2021-05-21T12:20:00Z,4.66393,82.43736,10.0,292.1,292.1,MV Mumbai Trader,Bulk Carrier,under way using engine
419008765,2021-05-21T12:30:00Z,4.65683,82.44525,14.8,295.3,295.3,MV Mumbai Trader,Bulk Carrier,under way using engine
419008765,2021-05-21T12:40:00Z,4.64974,82.45314,11.7,195.2,195.2,MV Mumbai Trader,Bulk Carrier,under way using engine
419008765,2021-05-21T12:50:00Z,4.64264,82.46103,14.3,167.3,167.3,MV Mumbai Trader,Bulk Carrier,under way using engine
419008765,2021-05-21T13:00:00Z,4.63554,82.46892,14.7,4.1,4.1,MV Mumbai Trader,Bulk Carrier,under way using engine
419008765,2021-05-21T13:10:00Z,4.62845,82.47681,13.1,235.3,235.3,MV Mumbai Trader,Bulk Carrier,under way using engine
419008765,2021-05-21T13:20:00Z,4.62135,82.4847,13.4,351.1,351.1,MV Mumbai Trader,Bulk Carrier,under way using engine
419008765,2021-05-21T13:30:00Z,4.61425,82.49259,14.0,136.0,136.0,MV Mumbai Trader,Bulk Carrier,under way using engine
419008765,2021-05-21T13:40:00Z,4.60716,82.50048,12.6,19.3,19.3,MV Mumbai Trader,Bulk Carrier,under way using engine
419008765,2021-05-21T13:50:00Z,4.60006,82.50837,13.0,65.4,65.4,MV Mumbai Trader,Bulk Carrier,under way using engine
419008765,2021-05-21T14:00:00Z,4.59297,82.51626,12.4,88.3,88.3,MV Mumbai Trader,Bulk Carrier,under way using engine
419008765,2021-05-21T14:10:00Z,4.58587,82.52415,13.2,264.9,264.9,MV Mumbai Trader,Bulk Carrier,under way using engine
419008765,2021-05-21T14:20:00Z,4.57877,82.53204,12.8,232.9,232.9,MV Mumbai Trader,Bulk Carrier,under way using engine
419008765,2021-05-21T14:30:00Z,4.57168,82.53993,9.2,331.3,331.3,MV Mumbai Trader,Bulk Carrier,under way using engine
419008765,2021-05-21T14:40:00Z,4.56458,82.54782,10.6,123.6,123.6,MV Mumbai Trader,Bulk Carrier,under way using engine
419008765,2021-05-21T14:50:00Z,4.55749,82.55571,8.3,244.0,244.0,MV Mumbai Trader,Bulk Carrier,under way using engine
419008765,2021-05-21T15:00:00Z,4.55039,82.5636,13.8,313.3,313.3,MV Mumbai Trader,Bulk Carrier,under way using engine
419008765,2021-05-21T15:10:00Z,4.54329,82.57149,10.1,260.1,260.1,MV Mumbai Trader,Bulk Carrier,under way using engine
419008765,2021-05-21T15:20:00Z,4.5362,82.57938,13.0,210.0,210.0,MV Mumbai Trader,Bulk Carrier,under way using engine
419008765,2021-05-21T15:30:00Z,4.5291,82.58727,11.0,33.2,33.2,MV Mumbai Trader,Bulk Carrier,under way using engine
419008765,2021-05-21T15:40:00Z,4.522,82.59516,13.2,354.6,354.6,MV Mumbai Trader,Bulk Carrier,under way using engine
419008765,2021-05-21T15:50:00Z,4.51491,82.60305,8.8,201.3,201.3,MV Mumbai Trader,Bulk Carrier,under way using engine
419008765,2021-05-21T16:00:00Z,4.50781,82.61094,10.1,143.3,143.3,MV Mumbai Trader,Bulk Carrier,under way using engine
419008765,2021-05-21T16:10:00Z,4.50072,82.61883,10.7,116.1,116.1,MV Mumbai Trader,Bulk Carrier,under way using engine
419008765,2021-05-21T16:20:00Z,4.49362,82.62672,10.2,85.0,85.0,MV Mumbai Trader,Bulk Carrier,under way using engine
419008765,2021-05-21T16:30:00Z,4.48652,82.6346,11.5,45.8,45.8,MV Mumbai Trader,Bulk Carrier,under way using engine
419008765,2021-05-21T16:40:00Z,4.47943,82.64249,13.8,270.1,270.1,MV Mumbai Trader,Bulk Carrier,under way using engine
419008765,2021-05-21T16:50:00Z,4.47233,82.65038,14.8,212.7,212.7,MV Mumbai Trader,Bulk Carrier,under way using engine
419008765,2021-05-21T17:00:00Z,4.46523,82.65827,12.6,248.6,248.6,MV Mumbai Trader,Bulk Carrier,under way using engine
419008765,2021-05-21T17:10:00Z,4.45814,82.66616,9.5,10.0,10.0,MV Mumbai Trader,Bulk Carrier,under way using engine
419008765,2021-05-21T17:20:00Z,4.45104,82.67405,10.7,6.4,6.4,MV Mumbai Trader,Bulk Carrier,under way using engine
419008765,2021-05-21T17:30:00Z,4.44395,82.68194,9.3,137.0,137.0,MV Mumbai Trader,Bulk Carrier,under way using engine
419008765,2021-05-21T17:40:00Z,4.43685,82.68983,10.9,89.3,89.3,MV Mumbai Trader,Bulk Carrier,under way using engine
419008765,2021-05-21T17:50:00Z,4.42975,82.69772,12.6,175.4,175.4,MV Mumbai Trader,Bulk Carrier,under way using engine
419008765,2021-05-21T18:00:00Z,4.42266,82.70561,8.1,48.5,48.5,MV Mumbai Trader,Bulk Carrier,under way using engine
419008765,2021-05-21T18:10:00Z,4.41556,82.7135,12.8,84.9,84.9,MV Mumbai Trader,Bulk Carrier,under way using engine
419008765,2021-05-21T18:20:00Z,4.40846,82.72139,10.9,104.6,104.6,MV Mumbai Trader,Bulk Carrier,under way using engine
419008765,2021-05-21T18:30:00Z,4.40137,82.72928,8.7,341.9,341.9,MV Mumbai Trader,Bulk Carrier,under way using engine
419008765,2021-05-21T18:40:00Z,4.39427,82.73717,12.6,197.3,197.3,MV Mumbai Trader,Bulk Carrier,under way using engine
419008765,2021-05-21T18:50:00Z,4.38718,82.74506,14.1,100.4,100.4,MV Mumbai Trader,Bulk Carrier,under way using engine
419008765,2021-05-21T19:00:00Z,4.38008,82.75295,10.3,60.3,60.3,MV Mumbai Trader,Bulk Carrier,under way using engine
419008765,2021-05-21T19:10:00Z,4.37298,82.76084,12.4,298.7,298.7,MV Mumbai Trader,Bulk Carrier,under way using engine
419008765,2021-05-21T19:20:00Z,4.36589,82.76873,8.0,225.7,225.7,MV Mumbai Trader,Bulk Carrier,under way using engine
419008765,2021-05-21T19:30:00Z,4.35879,82.77662,9.7,122.2,122.2,MV Mumbai Trader,Bulk Carrier,under way using engine
419008765,2021-05-21T19:40:00Z,4.35169,82.78451,14.1,264.8,264.8,MV Mumbai Trader,Bulk Carrier,under way using engine
419008765,2021-05-21T19:50:00Z,4.3446,82.7924,11.5,74.3,74.3,MV Mumbai Trader,Bulk Carrier,under way using engine
419008765,2021-05-21T20:00:00Z,4.3375,82.80029,8.6,164.2,164.2,MV Mumbai Trader,Bulk Carrier,under way using engine
419008765,2021-05-21T20:10:00Z,4.33041,82.80818,8.2,165.3,165.3,MV Mumbai Trader,Bulk Carrier,under way using engine
419008765,2021-05-21T20:20:00Z,4.32331,82.81607,13.8,65.8,65.8,MV Mumbai Trader,Bulk Carrier,under way using engine
419008765,2021-05-21T20:30:00Z,4.31621,82.82396,11.8,84.9,84.9,MV Mumbai Trader,Bulk Carrier,under way using engine
419008765,2021-05-21T20:40:00Z,4.30912,82.83185,13.7,316.9,316.9,MV Mumbai Trader,Bulk Carrier,under way using engine
419008765,2021-05-21T20:50:00Z,4.30202,82.83974,10.1,282.9,282.9,MV Mumbai Trader,Bulk Carrier,under way using engine
419008765,2021-05-21T21:00:00Z,4.29493,82.84763,12.2,27.2,27.2,MV Mumbai Trader,Bulk Carrier,under way using engine
419008765,2021-05-21T21:10:00Z,4.28783,82.85552,12.8,117.5,117.5,MV Mumbai Trader,Bulk Carrier,under way using engine
419008765,2021-05-21T21:20:00Z,4.28073,82.8634,8.3,114.2,114.2,MV Mumbai Trader,Bulk Carrier,under way using engine
419008765,2021-05-21T21:30:00Z,4.27364,82.87129,8.3,193.6,193.6,MV Mumbai Trader,Bulk Carrier,under way using engine
419008765,2021-05-21T21:40:00Z,4.26654,82.87918,10.5,185.8,185.8,MV Mumbai Trader,Bulk Carrier,under way using engine
419008765,2021-05-21T21:50:00Z,4.25944,82.88707,13.9,48.5,48.5,MV Mumbai Trader,Bulk Carrier,under way using engine
419008765,2021-05-21T22:00:00Z,4.25235,82.89496,14.5,131.1,131.1,MV Mumbai Trader,Bulk Carrier,under way using engine
419008765,2021-05-21T22:10:00Z,4.24525,82.90285,12.8,182.0,182.0,MV Mumbai Trader,Bulk Carrier,under way using engine
419008765,2021-05-21T22:20:00Z,4.23816,82.91074,13.0,27.8,27.8,MV Mumbai Trader,Bulk Carrier,under way using engine
419008765,2021-05-21T22:30:00Z,4.23106,82.91863,15.0,235.0,235.0,MV Mumbai Trader,Bulk Carrier,under way using engine
419008765,2021-05-21T22:40:00Z,4.22396,82.92652,14.0,171.0,171.0,MV Mumbai Trader,Bulk Carrier,under way using engine
419008765,2021-05-21T22:50:00Z,4.21687,82.93441,8.5,207.5,207.5,MV Mumbai Trader,Bulk Carrier,under way using engine
419008765,2021-05-21T23:00:00Z,4.20977,82.9423,9.3,114.2,114.2,MV Mumbai Trader,Bulk Carrier,under way using engine
419008765,2021-05-21T23:10:00Z,4.20267,82.95019,11.3,126.9,126.9,MV Mumbai Trader,Bulk Carrier,under way using engine
419008765,2021-05-21T23:20:00Z,4.19558,82.95808,9.8,55.7,55.7,MV Mumbai Trader,Bulk Carrier,under way using engine
419008765,2021-05-21T23:30:00Z,4.18848,82.96597,14.6,84.1,84.1,MV Mumbai Trader,Bulk Carrier,under way using engine
419008765,2021-05-21T23:40:00Z,4.18139,82.97386,12.0,82.6,82.6,MV Mumbai Trader,Bulk Carrier,under way using engine
419008765,2021-05-21T23:50:00Z,4.17429,82.98175,8.5,192.3,192.3,MV Mumbai Trader,Bulk Carrier,under way using engine
419008765,2021-05-22T00:00:00Z,4.16719,82.98964,9.6,289.8,289.8,MV Mumbai Trader,Bulk Carrier,under way using engine
416002345,2021-05-19T00:00:00Z,6.92113,79.5779,13.3,213.6,213.6,MV Lanka Pride,Cargo,under way using engine
416002345,2021-05-19T00:10:00Z,6.92247,79.58193,12.5,24.7,24.7,MV Lanka Pride,Cargo,under way using engine
416002345,2021-05-19T00:20:00Z,6.92381,79.58596,9.1,114.5,114.5,MV Lanka Pride,Cargo,under way using engine
416002345,2021-05-19T00:30:00Z,6.92515,79.58999,8.5,6.0,6.0,MV Lanka Pride,Cargo,under way using engine
416002345,2021-05-19T00:40:00Z,6.92649,79.59403,11.4,8.8,8.8,MV Lanka Pride,Cargo,under way using engine
416002345,2021-05-19T00:50:00Z,6.92784,79.59806,8.4,349.9,349.9,MV Lanka Pride,Cargo,under way using engine
416002345,2021-05-19T01:00:00Z,6.92918,79.60209,12.0,122.4,122.4,MV Lanka Pride,Cargo,under way using engine
416002345,2021-05-19T01:10:00Z,6.93052,79.60612,12.3,238.9,238.9,MV Lanka Pride,Cargo,under way using engine
416002345,2021-05-19T01:20:00Z,6.93186,79.61015,10.9,297.0,297.0,MV Lanka Pride,Cargo,under way using engine
416002345,2021-05-19T01:30:00Z,6.9332,79.61418,11.7,175.9,175.9,MV Lanka Pride,Cargo,under way using engine
416002345,2021-05-19T01:40:00Z,6.93455,79.61822,12.7,106.8,106.8,MV Lanka Pride,Cargo,under way using engine
416002345,2021-05-19T01:50:00Z,6.93589,79.62225,14.8,210.0,210.0,MV Lanka Pride,Cargo,under way using engine
416002345,2021-05-19T02:00:00Z,6.93723,79.62628,8.8,351.3,351.3,MV Lanka Pride,Cargo,under way using engine
416002345,2021-05-19T02:10:00Z,6.93857,79.63031,13.1,198.5,198.5,MV Lanka Pride,Cargo,under way using engine
416002345,2021-05-19T02:20:00Z,6.93991,79.63434,13.5,342.5,342.5,MV Lanka Pride,Cargo,under way using engine
416002345,2021-05-19T02:30:00Z,6.94125,79.63838,13.4,55.9,55.9,MV Lanka Pride,Cargo,under way using engine
416002345,2021-05-19T02:40:00Z,6.9426,79.64241,13.2,292.5,292.5,MV Lanka Pride,Cargo,under way using engine
416002345,2021-05-19T02:50:00Z,6.94394,79.64644,14.9,282.3,282.3,MV Lanka Pride,Cargo,under way using engine
416002345,2021-05-19T03:00:00Z,6.94528,79.65047,9.3,2.1,2.1,MV Lanka Pride,Cargo,under way using engine
416002345,2021-05-19T03:10:00Z,6.94662,79.6545,9.6,173.7,173.7,MV Lanka Pride,Cargo,under way using engine
416002345,2021-05-19T03:20:00Z,6.94796,79.65853,8.5,234.0,234.0,MV Lanka Pride,Cargo,under way using engine
416002345,2021-05-19T03:30:00Z,6.9493,79.66257,9.1,52.5,52.5,MV Lanka Pride,Cargo,under way using engine
416002345,2021-05-19T03:40:00Z,6.95065,79.6666,12.5,321.4,321.4,MV Lanka Pride,Cargo,under way using engine
416002345,2021-05-19T03:50:00Z,6.95199,79.67063,12.4,7.8,7.8,MV Lanka Pride,Cargo,under way using engine
416002345,2021-05-19T04:00:00Z,6.95333,79.67466,9.7,88.1,88.1,MV Lanka Pride,Cargo,under way using engine
416002345,2021-05-19T04:10:00Z,6.95467,79.67869,9.3,201.5,201.5,MV Lanka Pride,Cargo,under way using engine
416002345,2021-05-19T04:20:00Z,6.95601,79.68272,13.0,306.2,306.2,MV Lanka Pride,Cargo,under way using engine
416002345,2021-05-19T04:30:00Z,6.95735,79.68676,11.6,303.1,303.1,MV Lanka Pride,Cargo,under way using engine
416002345,2021-05-19T04:40:00Z,6.9587,79.69079,10.2,328.8,328.8,MV Lanka Pride,Cargo,under way using engine
416002345,2021-05-19T04:50:00Z,6.96004,79.69482,8.5,190.5,190.5,MV Lanka Pride,Cargo,under way using engine
416002345,2021-05-19T05:00:00Z,6.96138,79.69885,8.2,253.9,253.9,MV Lanka Pride,Cargo,under way using engine
416002345,2021-05-19T05:10:00Z,6.96272,79.70288,8.2,240.4,240.4,MV Lanka Pride,Cargo,under way using engine
416002345,2021-05-19T05:20:00Z,6.96406,79.70691,13.0,259.1,259.1,MV Lanka Pride,Cargo,under way using engine
416002345,2021-05-19T05:30:00Z,6.9654,79.71095,8.3,263.6,263.6,MV Lanka Pride,Cargo,under way using engine
416002345,2021-05-19T05:40:00Z,6.96675,79.71498,14.6,90.4,90.4,MV Lanka Pride,Cargo,under way using engine
416002345,2021-05-19T05:50:00Z,6.96809,79.71901,14.6,314.7,314.7,MV Lanka Pride,Cargo,under way using engine
416002345,2021-05-19T06:00:00Z,6.96943,79.72304,11.0,199.7,199.7,MV Lanka Pride,Cargo,under way using engine
416002345,2021-05-19T06:10:00Z,6.97077,79.72707,9.3,175.2,175.2,MV Lanka Pride,Cargo,under way using engine
416002345,2021-05-19T06:20:00Z,6.97211,79.73111,11.6,303.9,303.9,MV Lanka Pride,Cargo,under way using engine
416002345,2021-05-19T06:30:00Z,6.97345,79.73514,11.5,327.2,327.2,MV Lanka Pride,Cargo,under way using engine
416002345,2021-05-19T06:40:00Z,6.9748,79.73917,12.8,180.8,180.8,MV Lanka Pride,Cargo,under way using engine
416002345,2021-05-19T06:50:00Z,6.97614,79.7432,8.2,271.9,271.9,MV Lanka Pride,Cargo,under way using engine
416002345,2021-05-19T07:00:00Z,6.97748,79.74723,14.3,337.2,337.2,MV Lanka Pride,Cargo,under way using engine
416002345,2021-05-19T07:10:00Z,6.97882,79.75126,13.9,224.7,224.7,MV Lanka Pride,Cargo,under way using engine
416002345,2021-05-19T07:20:00Z,6.98016,79.7553,11.9,71.2,71.2,MV Lanka Pride,Cargo,under way using engine
416002345,2021-05-19T07:30:00Z,6.9815,79.75933,8.6,280.8,280.8,MV Lanka Pride,Cargo,under way using engine
416002345,2021-05-19T07:40:00Z,6.98285,79.76336,10.9,328.2,328.2,MV Lanka Pride,Cargo,under way using engine
416002345,2021-05-19T07:50:00Z,6.98419,79.76739,12.2,57.5,57.5,MV Lanka Pride,Cargo,under way using engine
416002345,2021-05-19T08:00:00Z,6.98553,79.77142,14.6,267.8,267.8,MV Lanka Pride,Cargo,under way using engine
416002345,2021-05-19T08:10:00Z,6.98687,79.77545,9.7,181.2,181.2,MV Lanka Pride,Cargo,under way using engine
416002345,2021-05-19T08:20:00Z,6.98821,79.77949,10.0,54.2,54.2,MV Lanka Pride,Cargo,under way using engine
416002345,2021-05-19T08:30:00Z,6.98955,79.78352,14.2,176.7,176.7,MV Lanka Pride,Cargo,under way using engine
416002345,2021-05-19T08:40:00Z,6.9909,79.78755,9.0,317.2,317.2,MV Lanka Pride,Cargo,under way using engine
416002345,2021-05-19T08:50:00Z,6.99224,79.79158,13.1,312.5,312.5,MV Lanka Pride,Cargo,under way using engine
416002345,2021-05-19T09:00:00Z,6.99358,79.79561,13.8,35.7,35.7,MV Lanka Pride,Cargo,under way using engine
416002345,2021-05-19T09:10:00Z,6.99492,79.79964,9.4,292.1,292.1,MV Lanka Pride,Cargo,under way using engine
416002345,2021-05-19T09:20:00Z,6.99626,79.80368,14.6,164.9,164.9,MV Lanka Pride,Cargo,under way using engine
416002345,2021-05-19T09:30:00Z,6.9976,79.80771,13.8,289.4,289.4,MV Lanka Pride,Cargo,under way using engine
416002345,2021-05-19T09:40:00Z,6.99895,79.81174,14.9,63.2,63.2,MV Lanka Pride,Cargo,under way using engine
416002345,2021-05-19T09:50:00Z,7.00029,79.81577,10.1,63.7,63.7,MV Lanka Pride,Cargo,under way using engine
416002345,2021-05-19T10:00:00Z,7.00163,79.8198,12.4,337.7,337.7,MV Lanka Pride,Cargo,under way using engine
416002345,2021-05-19T10:10:00Z,7.00297,79.82384,9.6,51.2,51.2,MV Lanka Pride,Cargo,under way using engine
416002345,2021-05-19T10:20:00Z,7.00431,79.82787,13.3,162.8,162.8,MV Lanka Pride,Cargo,under way using engine
416002345,2021-05-19T10:30:00Z,7.00565,79.8319,14.1,303.2,303.2,MV Lanka Pride,Cargo,under way using engine
416002345,2021-05-19T10:40:00Z,7.007,79.83593,13.9,59.4,59.4,MV Lanka Pride,Cargo,under way using engine
416002345,2021-05-19T10:50:00Z,7.00834,79.83996,14.7,319.2,319.2,MV Lanka Pride,Cargo,under way using engine
416002345,2021-05-19T11:00:00Z,7.00968,79.84399,8.5,201.3,201.3,MV Lanka Pride,Cargo,under way using engine
416002345,2021-05-19T11:10:00Z,7.01102,79.84803,9.2,45.6,45.6,MV Lanka Pride,Cargo,under way using engine
416002345,2021-05-19T11:20:00Z,7.01236,79.85206,14.0,27.7,27.7,MV Lanka Pride,Cargo,under way using engine
416002345,2021-05-19T11:30:00Z,7.0137,79.85609,14.2,21.0,21.0,MV Lanka Pride,Cargo,under way using engine
416002345,2021-05-19T11:40:00Z,7.01505,79.86012,10.3,214.5,214.5,MV Lanka Pride,Cargo,under way using engine
416002345,2021-05-19T11:50:00Z,7.01639,79.86415,15.0,236.8,236.8,MV Lanka Pride,Cargo,under way using engine
416002345,2021-05-19T12:00:00Z,7.01773,79.86818,9.4,104.2,104.2,MV Lanka Pride,Cargo,under way using engine
416002345,2021-05-19T12:10:00Z,7.01907,79.87222,14.2,229.3,229.3,MV Lanka Pride,Cargo,under way using engine
416002345,2021-05-19T12:20:00Z,7.02041,79.87625,14.0,0.6,0.6,MV Lanka Pride,Cargo,under way using engine
416002345,2021-05-19T12:30:00Z,7.02175,79.88028,10.8,36.5,36.5,MV Lanka Pride,Cargo,under way using engine
416002345,2021-05-19T12:40:00Z,7.0231,79.88431,9.4,181.0,181.0,MV Lanka Pride,Cargo,under way using engine
416002345,2021-05-19T12:50:00Z,7.02444,79.88834,10.1,234.9,234.9,MV Lanka Pride,Cargo,under way using engine
416002345,2021-05-19T13:00:00Z,7.02578,79.89237,12.0,212.4,212.4,MV Lanka Pride,Cargo,under way using engine
416002345,2021-05-19T13:10:00Z,7.02712,79.89641,12.3,31.7,31.7,MV Lanka Pride,Cargo,under way using engine
416002345,2021-05-19T13:20:00Z,7.02846,79.90044,10.4,252.2,252.2,MV Lanka Pride,Cargo,under way using engine
416002345,2021-05-19T13:30:00Z,7.0298,79.90447,10.5,231.2,231.2,MV Lanka Pride,Cargo,under way using engine
416002345,2021-05-19T13:40:00Z,7.03115,79.9085,10.3,229.7,229.7,MV Lanka Pride,Cargo,under way using engine
416002345,2021-05-19T13:50:00Z,7.03249,79.91253,9.3,64.4,64.4,MV Lanka Pride,Cargo,under way using engine
416002345,2021-05-19T14:00:00Z,7.03383,79.91657,9.6,172.5,172.5,MV Lanka Pride,Cargo,under way using engine
416002345,2021-05-19T14:10:00Z,7.03517,79.9206,10.0,49.1,49.1,MV Lanka Pride,Cargo,under way using engine
416002345,2021-05-19T14:20:00Z,7.03651,79.92463,9.1,48.8,48.8,MV Lanka Pride,Cargo,under way using engine
416002345,2021-05-19T14:30:00Z,7.03785,79.92866,14.2,19.2,19.2,MV Lanka Pride,Cargo,under way using engine
416002345,2021-05-19T14:40:00Z,7.0392,79.93269,9.9,138.3,138.3,MV Lanka Pride,Cargo,under way using engine
416002345,2021-05-19T14:50:00Z,7.04054,79.93672,8.6,47.1,47.1,MV Lanka Pride,Cargo,under way using engine
416002345,2021-05-19T15:00:00Z,7.04188,79.94076,11.1,281.0,281.0,MV Lanka Pride,Cargo,under way using engine
416002345,2021-05-19T15:10:00Z,7.04322,79.94479,10.8,76.8,76.8,MV Lanka Pride,Cargo,under way using engine
416002345,2021-05-19T15:20:00Z,7.04456,79.94882,8.3,13.9,13.9,MV Lanka Pride,Cargo,under way using engine
416002345,2021-05-19T15:30:00Z,7.0459,79.95285,13.4,21.2,21.2,MV Lanka Pride,Cargo,under way using engine
416002345,2021-05-19T15:40:00Z,7.04725,79.95688,9.0,93.3,93.3,MV Lanka Pride,Cargo,under way using engine
416002345,2021-05-19T15:50:00Z,7.04859,79.96091,14.0,13.9,13.9,MV Lanka Pride,Cargo,under way using engine
416002345,2021-05-19T16:00:00Z,7.04993,79.96495,11.7,101.8,101.8,MV Lanka Pride,Cargo,under way using engine
416002345,2021-05-19T16:10:00Z,7.05127,79.96898,8.4,140.3,140.3,MV Lanka Pride,Cargo,under way using engine
416002345,2021-05-19T16:20:00Z,7.05261,79.97301,13.0,333.0,333.0,MV Lanka Pride,Cargo,under way using engine
416002345,2021-05-19T16:30:00Z,7.05395,79.97704,13.1,91.4,91.4,MV Lanka Pride,Cargo,under way using engine
416002345,2021-05-19T16:40:00Z,7.0553,79.98107,13.5,246.0,246.0,MV Lanka Pride,Cargo,under way using engine
416002345,2021-05-19T16:50:00Z,7.05664,79.9851,14.5,130.8,130.8,MV Lanka Pride,Cargo,under way using engine
416002345,2021-05-19T17:00:00Z,7.05798,79.98914,13.4,65.6,65.6,MV Lanka Pride,Cargo,under way using engine
416002345,2021-05-19T17:10:00Z,7.05932,79.99317,8.0,56.4,56.4,MV Lanka Pride,Cargo,under way using engine
416002345,2021-05-19T17:20:00Z,7.06066,79.9972,10.5,275.9,275.9,MV Lanka Pride,Cargo,under way using engine
416002345,2021-05-19T17:30:00Z,7.062,80.00123,9.6,74.4,74.4,MV Lanka Pride,Cargo,under way using engine
416002345,2021-05-19T17:40:00Z,7.06335,80.00526,10.7,292.8,292.8,MV Lanka Pride,Cargo,under way using engine
416002345,2021-05-19T17:50:00Z,7.06469,80.0093,8.1,139.7,139.7,MV Lanka Pride,Cargo,under way using engine
416002345,2021-05-19T18:00:00Z,7.06603,80.01333,14.3,283.1,283.1,MV Lanka Pride,Cargo,under way using engine
416002345,2021-05-19T18:10:00Z,7.06737,80.01736,14.3,75.3,75.3,MV Lanka Pride,Cargo,under way using engine
416002345,2021-05-19T18:20:00Z,7.06871,80.02139,13.3,310.2,310.2,MV Lanka Pride,Cargo,under way using engine
416002345,2021-05-19T18:30:00Z,7.07005,80.02542,14.7,321.0,321.0,MV Lanka Pride,Cargo,under way using engine
416002345,2021-05-19T18:40:00Z,7.0714,80.02945,13.3,290.6,290.6,MV Lanka Pride,Cargo,under way using engine
416002345,2021-05-19T18:50:00Z,7.07274,80.03349,12.2,308.9,308.9,MV Lanka Pride,Cargo,under way using engine
416002345,2021-05-19T19:00:00Z,7.07408,80.03752,13.2,133.7,133.7,MV Lanka Pride,Cargo,under way using engine
416002345,2021-05-19T19:10:00Z,7.07542,80.04155,13.8,329.6,329.6,MV Lanka Pride,Cargo,under way using engine
416002345,2021-05-19T19:20:00Z,7.07676,80.04558,9.6,21.7,21.7,MV Lanka Pride,Cargo,under way using engine
416002345,2021-05-19T19:30:00Z,7.0781,80.04961,10.5,104.6,104.6,MV Lanka Pride,Cargo,under way using engine
416002345,2021-05-19T19:40:00Z,7.07945,80.05364,14.4,82.2,82.2,MV Lanka Pride,Cargo,under way using engine
416002345,2021-05-19T19:50:00Z,7.08079,80.05768,9.2,48.6,48.6,MV Lanka Pride,Cargo,under way using engine
416002345,2021-05-19T20:00:00Z,7.08213,80.06171,10.8,154.8,154.8,MV Lanka Pride,Cargo,under way using engine
416002345,2021-05-19T20:10:00Z,7.08347,80.06574,11.1,97.8,97.8,MV Lanka Pride,Cargo,under way using engine
416002345,2021-05-19T20:20:00Z,7.08481,80.06977,9.5,359.4,359.4,MV Lanka Pride,Cargo,under way using engine
416002345,2021-05-19T20:30:00Z,7.08615,80.0738,12.5,181.3,181.3,MV Lanka Pride,Cargo,under way using engine
416002345,2021-05-19T20:40:00Z,7.0875,80.07783,10.3,209.9,209.9,MV Lanka Pride,Cargo,under way using engine
416002345,2021-05-19T20:50:00Z,7.08884,80.08187,12.6,172.1,172.1,MV Lanka Pride,Cargo,under way using engine
416002345,2021-05-19T21:00:00Z,7.09018,80.0859,10.4,47.8,47.8,MV Lanka Pride,Cargo,under way using engine
416002345,2021-05-19T21:10:00Z,7.09152,80.08993,9.5,6.5,6.5,MV Lanka Pride,Cargo,under way using engine
416002345,2021-05-19T21:20:00Z,7.09286,80.09396,11.4,23.6,23.6,MV Lanka Pride,Cargo,under way using engine
416002345,2021-05-19T21:30:00Z,7.0942,80.09799,11.3,293.3,293.3,MV Lanka Pride,Cargo,under way using engine
416002345,2021-05-19T21:40:00Z,7.09555,80.10203,13.5,131.2,131.2,MV Lanka Pride,Cargo,under way using engine
416002345,2021-05-19T21:50:00Z,7.09689,80.10606,11.2,42.6,42.6,MV Lanka Pride,Cargo,under way using engine
416002345,2021-05-19T22:00:00Z,7.09823,80.11009,8.2,188.3,188.3,MV Lanka Pride,Cargo,under way using engine
416002345,2021-05-19T22:10:00Z,7.09957,80.11412,13.4,283.7,283.7,MV Lanka Pride,Cargo,under way using engine
416002345,2021-05-19T22:20:00Z,7.10091,80.11815,9.9,213.6,213.6,MV Lanka Pride,Cargo,under way using engine
416002345,2021-05-19T22:30:00Z,7.10225,80.12218,14.8,287.1,287.1,MV Lanka Pride,Cargo,under way using engine
416002345,2021-05-19T22:40:00Z,7.1036,80.12622,14.2,289.5,289.5,MV Lanka Pride,Cargo,under way using engine
416002345,2021-05-19T22:50:00Z,7.10494,80.13025,12.8,274.8,274.8,MV Lanka Pride,Cargo,under way using engine
416002345,2021-05-19T23:00:00Z,7.10628,80.13428,14.8,215.8,215.8,MV Lanka Pride,Cargo,under way using engine
416002345,2021-05-19T23:10:00Z,7.10762,80.13831,11.3,46.2,46.2,MV Lanka Pride,Cargo,under way using engine
416002345,2021-05-19T23:20:00Z,7.10896,80.14234,12.3,58.6,58.6,MV Lanka Pride,Cargo,under way using engine
416002345,2021-05-19T23:30:00Z,7.1103,80.14637,12.7,323.6,323.6,MV Lanka Pride,Cargo,under way using engine
416002345,2021-05-19T23:40:00Z,7.11165,80.15041,9.6,287.5,287.5,MV Lanka Pride,Cargo,under way using engine
416002345,2021-05-19T23:50:00Z,7.11299,80.15444,10.7,220.4,220.4,MV Lanka Pride,Cargo,under way using engine
416002345,2021-05-20T00:00:00Z,7.11433,80.15847,9.5,125.0,125.0,MV Lanka Pride,Cargo,under way using engine
416002345,2021-05-20T00:10:00Z,7.11567,80.1625,9.5,185.7,185.7,MV Lanka Pride,Cargo,under way using engine
416002345,2021-05-20T00:20:00Z,7.11701,80.16653,10.2,56.0,56.0,MV Lanka Pride,Cargo,under way using engine
416002345,2021-05-20T00:30:00Z,7.11835,80.17056,9.6,293.9,293.9,MV Lanka Pride,Cargo,under way using engine
416002345,2021-05-20T00:40:00Z,7.1197,80.1746,10.7,45.0,45.0,MV Lanka Pride,Cargo,under way using engine
416002345,2021-05-20T00:50:00Z,7.12104,80.17863,9.5,69.4,69.4,MV Lanka Pride,Cargo,under way using engine
416002345,2021-05-20T01:00:00Z,7.12238,80.18266,14.7,151.3,151.3,MV Lanka Pride,Cargo,under way using engine
416002345,2021-05-20T01:10:00Z,7.12372,80.18669,10.2,350.1,350.1,MV Lanka Pride,Cargo,under way using engine
416002345,2021-05-20T01:20:00Z,7.12506,80.19072,10.9,216.0,216.0,MV Lanka Pride,Cargo,under way using engine
416002345,2021-05-20T01:30:00Z,7.1264,80.19476,13.2,22.1,22.1,MV Lanka Pride,Cargo,under way using engine
416002345,2021-05-20T01:40:00Z,7.12775,80.19879,9.5,322.8,322.8,MV Lanka Pride,Cargo,under way using engine
416002345,2021-05-20T01:50:00Z,7.12909,80.20282,10.2,94.7,94.7,MV Lanka Pride,Cargo,under way using engine
416002345,2021-05-20T02:00:00Z,7.13043,80.20685,12.3,357.9,357.9,MV Lanka Pride,Cargo,under way using engine
416002345,2021-05-20T02:10:00Z,7.13177,80.21088,14.3,315.4,315.4,MV Lanka Pride,Cargo,under way using engine
416002345,2021-05-20T02:20:00Z,7.13311,80.21491,11.8,94.9,94.9,MV Lanka Pride,Cargo,under way using engine
416002345,2021-05-20T02:30:00Z,7.13445,80.21895,9.3,140.8,140.8,MV Lanka Pride,Cargo,under way using engine
416002345,2021-05-20T02:40:00Z,7.1358,80.22298,12.5,177.4,177.4,MV Lanka Pride,Cargo,under way using engine
416002345,2021-05-20T02:50:00Z,7.13714,80.22701,11.2,286.3,286.3,MV Lanka Pride,Cargo,under way using engine
416002345,2021-05-20T03:00:00Z,7.13848,80.23104,14.2,201.7,201.7,MV Lanka Pride,Cargo,under way using engine
416002345,2021-05-20T03:10:00Z,7.13982,80.23507,12.4,19.3,19.3,MV Lanka Pride,Cargo,under way using engine
416002345,2021-05-20T03:20:00Z,7.14116,80.2391,11.7,336.1,336.1,MV Lanka Pride,Cargo,under way using engine
416002345,2021-05-20T03:30:00Z,7.1425,80.24314,11.6,59.9,59.9,MV Lanka Pride,Cargo,under way using engine
416002345,2021-05-20T03:40:00Z,7.14385,80.24717,14.9,76.1,76.1,MV Lanka Pride,Cargo,under way using engine
416002345,2021-05-20T03:50:00Z,7.14519,80.2512,9.4,179.1,179.1,MV Lanka Pride,Cargo,under way using engine
416002345,2021-05-20T04:00:00Z,7.14653,80.25523,12.3,166.9,166.9,MV Lanka Pride,Cargo,under way using engine
416002345,2021-05-20T04:10:00Z,7.14787,80.25926,9.6,206.3,206.3,MV Lanka Pride,Cargo,under way using engine
416002345,2021-05-20T04:20:00Z,7.14921,80.26329,12.0,24.7,24.7,MV Lanka Pride,Cargo,under way using engine
416002345,2021-05-20T04:30:00Z,7.15055,80.26733,9.1,269.1,269.1,MV Lanka Pride,Cargo,under way using engine
416002345,2021-05-20T04:40:00Z,7.1519,80.27136,9.5,20.0,20.0,MV Lanka Pride,Cargo,under way using engine
416002345,2021-05-20T04:50:00Z,7.15324,80.27539,9.2,47.1,47.1,MV Lanka Pride,Cargo,under way using engine
416002345,2021-05-20T05:00:00Z,7.15458,80.27942,10.9,130.7,130.7,MV Lanka Pride,Cargo,under way using engine
416002345,2021-05-20T05:10:00Z,7.15592,80.28345,10.2,202.7,202.7,MV Lanka Pride,Cargo,under way using engine
416002345,2021-05-20T05:20:00Z,7.15726,80.28749,10.5,260.1,260.1,MV Lanka Pride,Cargo,under way using engine
416002345,2021-05-20T05:30:00Z,7.1586,80.29152,8.4,352.4,352.4,MV Lanka Pride,Cargo,under way using engine
416002345,2021-05-20T05:40:00Z,7.15995,80.29555,13.8,180.8,180.8,MV Lanka Pride,Cargo,under way using engine
416002345,2021-05-20T05:50:00Z,7.16129,80.29958,12.0,199.1,199.1,MV Lanka Pride,Cargo,under way using engine
416002345,2021-05-20T06:00:00Z,7.16263,80.30361,11.4,259.0,259.0,MV Lanka Pride,Cargo,under way using engine
416002345,2021-05-20T06:10:00Z,7.16397,80.30764,15.0,87.3,87.3,MV Lanka Pride,Cargo,under way using engine
416002345,2021-05-20T06:20:00Z,7.16531,80.31168,10.8,68.8,68.8,MV Lanka Pride,Cargo,under way using engine
416002345,2021-05-20T06:30:00Z,7.16665,80.31571,11.5,255.3,255.3,MV Lanka Pride,Cargo,under way using engine
416002345,2021-05-20T06:40:00Z,7.168,80.31974,14.7,185.2,185.2,MV Lanka Pride,Cargo,under way using engine
416002345,2021-05-20T06:50:00Z,7.16934,80.32377,8.7,224.3,224.3,MV Lanka Pride,Cargo,under way using engine
416002345,2021-05-20T07:00:00Z,7.17068,80.3278,12.9,276.9,276.9,MV Lanka Pride,Cargo,under way using engine
416002345,2021-05-20T07:10:00Z,7.17202,80.33183,10.3,204.4,204.4,MV Lanka Pride,Cargo,under way using engine
416002345,2021-05-20T07:20:00Z,7.17336,80.33587,10.1,181.0,181.0,MV Lanka Pride,Cargo,under way using engine
416002345,2021-05-20T07:30:00Z,7.1747,80.3399,12.3,113.2,113.2,MV Lanka Pride,Cargo,under way using engine
416002345,2021-05-20T07:40:00Z,7.17605,80.34393,9.1,347.9,347.9,MV Lanka Pride,Cargo,under way using engine
416002345,2021-05-20T07:50:00Z,7.17739,80.34796,10.0,228.7,228.7,MV Lanka Pride,Cargo,under way using engine
416002345,2021-05-20T08:00:00Z,7.17873,80.35199,14.1,275.3,275.3,MV Lanka Pride,Cargo,under way using engine
416002345,2021-05-20T08:10:00Z,7.18007,80.35602,11.1,181.9,181.9,MV Lanka Pride,Cargo,under way using engine
416002345,2021-05-20T08:20:00Z,7.18141,80.36006,14.3,358.1,358.1,MV Lanka Pride,Cargo,under way using engine
416002345,2021-05-20T08:30:00Z,7.18275,80.36409,9.0,271.1,271.1,MV Lanka Pride,Cargo,under way using engine
416002345,2021-05-20T08:40:00Z,7.1841,80.36812,9.4,317.9,317.9,MV Lanka Pride,Cargo,under way using engine
416002345,2021-05-20T08:50:00Z,7.18544,80.37215,14.6,324.1,324.1,MV Lanka Pride,Cargo,under way using engine
416002345,2021-05-20T09:00:00Z,7.18678,80.37618,14.8,198.6,198.6,MV Lanka Pride,Cargo,under way using engine
416002345,2021-05-20T09:10:00Z,7.18812,80.38022,11.3,239.6,239.6,MV Lanka Pride,Cargo,under way using engine
416002345,2021-05-20T09:20:00Z,7.18946,80.38425,12.7,127.3,127.3,MV Lanka Pride,Cargo,under way using engine
416002345,2021-05-20T09:30:00Z,7.19081,80.38828,15.0,294.5,294.5,MV Lanka Pride,Cargo,under way using engine
416002345,2021-05-20T09:40:00Z,7.19215,80.39231,12.2,197.8,197.8,MV Lanka Pride,Cargo,under way using engine
416002345,2021-05-20T09:50:00Z,7.19349,80.39634,10.6,322.2,322.2,MV Lanka Pride,Cargo,under way using engine
416002345,2021-05-20T10:00:00Z,7.19483,80.40037,12.6,22.0,22.0,MV Lanka Pride,Cargo,under way using engine
416002345,2021-05-20T10:10:00Z,7.19617,80.40441,9.9,272.6,272.6,MV Lanka Pride,Cargo,under way using engine
416002345,2021-05-20T10:20:00Z,7.19751,80.40844,11.7,152.8,152.8,MV Lanka Pride,Cargo,under way using engine
416002345,2021-05-20T10:30:00Z,7.19886,80.41247,14.4,300.3,300.3,MV Lanka Pride,Cargo,under way using engine
416002345,2021-05-20T10:40:00Z,7.2002,80.4165,9.7,45.5,45.5,MV Lanka Pride,Cargo,under way using engine
416002345,2021-05-20T10:50:00Z,7.20154,80.42053,14.2,315.0,315.0,MV Lanka Pride,Cargo,under way using engine
416002345,2021-05-20T11:00:00Z,7.20288,80.42456,13.8,241.2,241.2,MV Lanka Pride,Cargo,under way using engine
416002345,2021-05-20T11:10:00Z,7.20422,80.4286,10.8,43.7,43.7,MV Lanka Pride,Cargo,under way using engine
416002345,2021-05-20T11:20:00Z,7.20556,80.43263,8.5,69.6,69.6,MV Lanka Pride,Cargo,under way using engine
416002345,2021-05-20T11:30:00Z,7.20691,80.43666,14.5,48.4,48.4,MV Lanka Pride,Cargo,under way using engine
416002345,2021-05-20T11:40:00Z,7.20825,80.44069,14.2,284.8,284.8,MV Lanka Pride,Cargo,under way using engine
416002345,2021-05-20T11:50:00Z,7.20959,80.44472,13.0,131.2,131.2,MV Lanka Pride,Cargo,under way using engine
416002345,2021-05-20T12:00:00Z,7.21093,80.44875,10.6,332.6,332.6,MV Lanka Pride,Cargo,under way using engine
416002345,2021-05-20T12:10:00Z,7.21227,80.45279,8.5,108.4,108.4,MV Lanka Pride,Cargo,under way using engine
416002345,2021-05-20T12:20:00Z,7.21361,80.45682,13.6,53.9,53.9,MV Lanka Pride,Cargo,under way using engine
416002345,2021-05-20T12:30:00Z,7.21496,80.46085,11.7,223.9,223.9,MV Lanka Pride,Cargo,under way using engine
416002345,2021-05-20T12:40:00Z,7.2163,80.46488,10.4,47.6,47.6,MV Lanka Pride,Cargo,under way using engine
416002345,2021-05-20T12:50:00Z,7.21764,80.46891,12.4,18.8,18.8,MV Lanka Pride,Cargo,under way using engine
416002345,2021-05-20T13:00:00Z,7.21898,80.47295,11.9,82.3,82.3,MV Lanka Pride,Cargo,under way using engine
416002345,2021-05-20T13:10:00Z,7.22032,80.47698,12.0,217.2,217.2,MV Lanka Pride,Cargo,under way using engine
416002345,2021-05-20T13:20:00Z,7.22166,80.48101,13.3,309.3,309.3,MV Lanka Pride,Cargo,under way using engine
416002345,2021-05-20T13:30:00Z,7.22301,80.48504,11.4,68.6,68.6,MV Lanka Pride,Cargo,under way using engine
416002345,2021-05-20T13:40:00Z,7.22435,80.48907,11.3,101.2,101.2,MV Lanka Pride,Cargo,under way using engine
416002345,2021-05-20T13:50:00Z,7.22569,80.4931,11.8,40.1,40.1,MV Lanka Pride,Cargo,under way using engine
416002345,2021-05-20T14:00:00Z,7.22703,80.49714,13.2,184.0,184.0,MV Lanka Pride,Cargo,under way using engine
416002345,2021-05-20T14:10:00Z,7.22837,80.50117,14.4,187.2,187.2,MV Lanka Pride,Cargo,under way using engine
416002345,2021-05-20T14:20:00Z,7.22971,80.5052,14.6,206.3,206.3,MV Lanka Pride,Cargo,under way using engine
416002345,2021-05-20T14:30:00Z,7.23106,80.50923,10.1,9.1,9.1,MV Lanka Pride,Cargo,under way using engine
416002345,2021-05-20T14:40:00Z,7.2324,80.51326,12.8,155.2,155.2,MV Lanka Pride,Cargo,under way using engine
416002345,2021-05-20T14:50:00Z,7.23374,80.51729,9.0,57.1,57.1,MV Lanka Pride,Cargo,under way using engine
416002345,2021-05-20T15:00:00Z,7.23508,80.52133,13.6,243.5,243.5,MV Lanka Pride,Cargo,under way using engine
416002345,2021-05-20T15:10:00Z,7.23642,80.52536,8.2,326.3,326.3,MV Lanka Pride,Cargo,under way using engine
416002345,2021-05-20T15:20:00Z,7.23776,80.52939,10.3,209.7,209.7,MV Lanka Pride,Cargo,under way using engine
416002345,2021-05-20T15:30:00Z,7.23911,80.53342,12.5,151.4,151.4,MV Lanka Pride,Cargo,under way using engine
416002345,2021-05-20T15:40:00Z,7.24045,80.53745,12.1,213.1,213.1,MV Lanka Pride,Cargo,under way using engine
416002345,2021-05-20T15:50:00Z,7.24179,80.54148,12.9,127.2,127.2,MV Lanka Pride,Cargo,under way using engine
416002345,2021-05-20T16:00:00Z,7.24313,80.54552,11.6,149.9,149.9,MV Lanka Pride,Cargo,under way using engine
416002345,2021-05-20T16:10:00Z,7.24447,80.54955,12.9,165.3,165.3,MV Lanka Pride,Cargo,under way using engine
416002345,2021-05-20T16:20:00Z,7.24581,80.55358,13.4,20.9,20.9,MV Lanka Pride,Cargo,under way using engine
416002345,2021-05-20T16:30:00Z,7.24716,80.55761,12.8,105.5,105.5,MV Lanka Pride,Cargo,under way using engine
416002345,2021-05-20T16:40:00Z,7.2485,80.56164,11.0,156.4,156.4,MV Lanka Pride,Cargo,under way using engine
416002345,2021-05-20T16:50:00Z,7.24984,80.56568,11.7,356.2,356.2,MV Lanka Pride,Cargo,under way using engine
416002345,2021-05-20T17:00:00Z,7.25118,80.56971,13.0,294.2,294.2,MV Lanka Pride,Cargo,under way using engine
416002345,2021-05-20T17:10:00Z,7.25252,80.57374,9.2,216.9,216.9,MV Lanka Pride,Cargo,under way using engine
416002345,2021-05-20T17:20:00Z,7.25386,80.57777,12.1,164.3,164.3,MV Lanka Pride,Cargo,under way using engine
416002345,2021-05-20T17:30:00Z,7.25521,80.5818,10.1,209.8,209.8,MV Lanka Pride,Cargo,under way using engine
416002345,2021-05-20T17:40:00Z,7.25655,80.58583,9.0,317.2,317.2,MV Lanka Pride,Cargo,under way using engine
416002345,2021-05-20T17:50:00Z,7.25789,80.58987,14.7,43.0,43.0,MV Lanka Pride,Cargo,under way using engine
416002345,2021-05-20T18:00:00Z,7.25923,80.5939,12.2,5.7,5.7,MV Lanka Pride,Cargo,under way using engine
416002345,2021-05-20T18:10:00Z,7.26057,80.59793,13.2,235.4,235.4,MV Lanka Pride,Cargo,under way using engine
416002345,2021-05-20T18:20:00Z,7.26191,80.60196,8.8,80.8,80.8,MV Lanka Pride,Cargo,under way using engine
416002345,2021-05-20T18:30:00Z,7.26326,80.60599,8.1,25.2,25.2,MV Lanka Pride,Cargo,under way using engine
416002345,2021-05-20T18:40:00Z,7.2646,80.61002,12.1,17.0,17.0,MV Lanka Pride,Cargo,under way using engine
416002345,2021-05-20T18:50:00Z,7.26594,80.61406,11.8,67.7,67.7,MV Lanka Pride,Cargo,under way using engine
416002345,2021-05-20T19:00:00Z,7.26728,80.61809,13.0,170.0,170.0,MV Lanka Pride,Cargo,under way using engine
416002345,2021-05-20T19:10:00Z,7.26862,80.62212,14.4,249.3,249.3,MV Lanka Pride,Cargo,under way using engine
416002345,2021-05-20T19:20:00Z,7.26996,80.62615,12.8,63.5,63.5,MV Lanka Pride,Cargo,under way using engine
416002345,2021-05-20T19:30:00Z,7.27131,80.63018,11.1,18.3,18.3,MV Lanka Pride,Cargo,under way using engine
416002345,2021-05-20T19:40:00Z,7.27265,80.63421,14.9,184.8,184.8,MV Lanka Pride,Cargo,under way using engine
416002345,2021-05-20T19:50:00Z,7.27399,80.63825,11.9,136.5,136.5,MV Lanka Pride,Cargo,under way using engine
416002345,2021-05-20T20:00:00Z,7.27533,80.64228,12.0,195.1,195.1,MV Lanka Pride,Cargo,under way using engine
416002345,2021-05-20T20:10:00Z,7.27667,80.64631,12.1,307.3,307.3,MV Lanka Pride,Cargo,under way using engine
416002345,2021-05-20T20:20:00Z,7.27801,80.65034,14.8,161.3,161.3,MV Lanka Pride,Cargo,under way using engine
416002345,2021-05-20T20:30:00Z,7.27936,80.65437,12.6,45.2,45.2,MV Lanka Pride,Cargo,under way using engine
416002345,2021-05-20T20:40:00Z,7.2807,80.65841,14.6,215.1,215.1,MV Lanka Pride,Cargo,under way using engine
416002345,2021-05-20T20:50:00Z,7.28204,80.66244,11.3,145.2,145.2,MV Lanka Pride,Cargo,under way using engine
416002345,2021-05-20T21:00:00Z,7.28338,80.66647,9.8,5.4,5.4,MV Lanka Pride,Cargo,under way using engine
416002345,2021-05-20T21:10:00Z,7.28472,80.6705,13.4,310.0,310.0,MV Lanka Pride,Cargo,under way using engine
416002345,2021-05-20T21:20:00Z,7.28606,80.67453,14.6,323.7,323.7,MV Lanka Pride,Cargo,under way using engine
416002345,2021-05-20T21:30:00Z,7.28741,80.67856,13.2,134.5,134.5,MV Lanka Pride,Cargo,under way using engine
416002345,2021-05-20T21:40:00Z,7.28875,80.6826,13.7,144.4,144.4,MV Lanka Pride,Cargo,under way using engine
416002345,2021-05-20T21:50:00Z,7.29009,80.68663,11.1,355.3,355.3,MV Lanka Pride,Cargo,under way using engine
416002345,2021-05-20T22:00:00Z,7.29143,80.69066,11.7,123.8,123.8,MV Lanka Pride,Cargo,under way using engine
416002345,2021-05-20T22:10:00Z,7.29277,80.69469,9.0,139.4,139.4,MV Lanka Pride,Cargo,under way using engine
416002345,2021-05-20T22:20:00Z,7.29411,80.69872,13.7,218.7,218.7,MV Lanka Pride,Cargo,under way using engine
416002345,2021-05-20T22:30:00Z,7.29546,80.70275,13.4,293.6,293.6,MV Lanka Pride,Cargo,under way using engine
416002345,2021-05-20T22:40:00Z,7.2968,80.70679,13.0,264.7,264.7,MV Lanka Pride,Cargo,under way using engine
416002345,2021-05-20T22:50:00Z,7.29814,80.71082,11.8,172.5,172.5,MV Lanka Pride,Cargo,under way using engine
416002345,2021-05-20T23:00:00Z,7.29948,80.71485,11.0,119.4,119.4,MV Lanka Pride,Cargo,under way using engine
416002345,2021-05-20T23:10:00Z,7.30082,80.71888,14.1,13.4,13.4,MV Lanka Pride,Cargo,under way using engine
416002345,2021-05-20T23:20:00Z,7.30216,80.72291,11.9,222.4,222.4,MV Lanka Pride,Cargo,under way using engine
416002345,2021-05-20T23:30:00Z,7.30351,80.72694,10.1,187.1,187.1,MV Lanka Pride,Cargo,under way using engine
416002345,2021-05-20T23:40:00Z,7.30485,80.73098,11.8,150.1,150.1,MV Lanka Pride,Cargo,under way using engine
416002345,2021-05-20T23:50:00Z,7.30619,80.73501,12.7,266.4,266.4,MV Lanka Pride,Cargo,under way using engine
416002345,2021-05-21T00:00:00Z,7.30753,80.73904,11.7,219.1,219.1,MV Lanka Pride,Cargo,under way using engine
416002345,2021-05-21T00:10:00Z,7.30887,80.74307,11.6,97.2,97.2,MV Lanka Pride,Cargo,under way using engine
416002345,2021-05-21T00:20:00Z,7.31021,80.7471,9.0,64.1,64.1,MV Lanka Pride,Cargo,under way using engine
416002345,2021-05-21T00:30:00Z,7.31156,80.75114,13.5,85.3,85.3,MV Lanka Pride,Cargo,under way using engine
416002345,2021-05-21T00:40:00Z,7.3129,80.75517,8.7,162.0,162.0,MV Lanka Pride,Cargo,under way using engine
416002345,2021-05-21T00:50:00Z,7.31424,80.7592,8.2,293.5,293.5,MV Lanka Pride,Cargo,under way using engine
416002345,2021-05-21T01:00:00Z,7.31558,80.76323,9.7,214.3,214.3,MV Lanka Pride,Cargo,under way using engine
416002345,2021-05-21T01:10:00Z,7.31692,80.76726,11.3,141.5,141.5,MV Lanka Pride,Cargo,under way using engine
416002345,2021-05-21T01:20:00Z,7.31826,80.77129,14.2,320.3,320.3,MV Lanka Pride,Cargo,under way using engine
416002345,2021-05-21T01:30:00Z,7.31961,80.77533,14.3,85.4,85.4,MV Lanka Pride,Cargo,under way using engine
416002345,2021-05-21T01:40:00Z,7.32095,80.77936,9.4,98.2,98.2,MV Lanka Pride,Cargo,under way using engine
416002345,2021-05-21T01:50:00Z,7.32229,80.78339,10.7,114.4,114.4,MV Lanka Pride,Cargo,under way using engine
416002345,2021-05-21T02:00:00Z,7.32363,80.78742,8.1,12.5,12.5,MV Lanka Pride,Cargo,under way using engine
416002345,2021-05-21T02:10:00Z,7.32497,80.79145,10.0,206.3,206.3,MV Lanka Pride,Cargo,under way using engine
416002345,2021-05-21T02:20:00Z,7.32631,80.79548,11.4,141.0,141.0,MV Lanka Pride,Cargo,under way using engine
416002345,2021-05-21T02:30:00Z,7.32766,80.79952,9.2,272.8,272.8,MV Lanka Pride,Cargo,under way using engine
416002345,2021-05-21T02:40:00Z,7.329,80.80355,8.7,344.0,344.0,MV Lanka Pride,Cargo,under way using engine
416002345,2021-05-21T02:50:00Z,7.33034,80.80758,9.3,94.4,94.4,MV Lanka Pride,Cargo,under way using engine
416002345,2021-05-21T03:00:00Z,7.33168,80.81161,12.0,2.8,2.8,MV Lanka Pride,Cargo,under way using engine
416002345,2021-05-21T03:10:00Z,7.33302,80.81564,11.4,187.5,187.5,MV Lanka Pride,Cargo,under way using engine
416002345,2021-05-21T03:20:00Z,7.33436,80.81968,13.7,5.6,5.6,MV Lanka Pride,Cargo,under way using engine
416002345,2021-05-21T03:30:00Z,7.33571,80.82371,10.5,316.5,316.5,MV Lanka Pride,Cargo,under way using engine
416002345,2021-05-21T03:40:00Z,7.33705,80.82774,14.0,19.8,19.8,MV Lanka Pride,Cargo,under way using engine
416002345,2021-05-21T03:50:00Z,7.33839,80.83177,10.4,65.1,65.1,MV Lanka Pride,Cargo,under way using engine
416002345,2021-05-21T04:00:00Z,7.33973,80.8358,13.8,119.6,119.6,MV Lanka Pride,Cargo,under way using engine
416002345,2021-05-21T04:10:00Z,7.34107,80.83983,9.9,63.2,63.2,MV Lanka Pride,Cargo,under way using engine
416002345,2021-05-21T04:20:00Z,7.34241,80.84387,10.3,224.6,224.6,MV Lanka Pride,Cargo,under way using engine
416002345,2021-05-21T04:30:00Z,7.34376,80.8479,14.4,312.0,312.0,MV Lanka Pride,Cargo,under way using engine
416002345,2021-05-21T04:40:00Z,7.3451,80.85193,10.9,174.2,174.2,MV Lanka Pride,Cargo,under way using engine
416002345,2021-05-21T04:50:00Z,7.34644,80.85596,13.7,263.1,263.1,MV Lanka Pride,Cargo,under way using engine
416002345,2021-05-21T05:00:00Z,7.34778,80.85999,8.1,15.7,15.7,MV Lanka Pride,Cargo,under way using engine
416002345,2021-05-21T05:10:00Z,7.34912,80.86402,14.1,36.1,36.1,MV Lanka Pride,Cargo,under way using engine
416002345,2021-05-21T05:20:00Z,7.35046,80.86806,11.2,268.0,268.0,MV Lanka Pride,Cargo,under way using engine
416002345,2021-05-21T05:30:00Z,7.35181,80.87209,10.8,319.6,319.6,MV Lanka Pride,Cargo,under way using engine
416002345,2021-05-21T05:40:00Z,7.35315,80.87612,14.2,25.8,25.8,MV Lanka Pride,Cargo,under way using engine
416002345,2021-05-21T05:50:00Z,7.35449,80.88015,11.1,203.2,203.2,MV Lanka Pride,Cargo,under way using engine
416002345,2021-05-21T06:00:00Z,7.35583,80.88418,11.8,59.5,59.5,MV Lanka Pride,Cargo,under way using engine
416002345,2021-05-21T06:10:00Z,7.35717,80.88821,12.1,340.2,340.2,MV Lanka Pride,Cargo,under way using engine
416002345,2021-05-21T06:20:00Z,7.35851,80.89225,14.6,55.8,55.8,MV Lanka Pride,Cargo,under way using engine
416002345,2021-05-21T06:30:00Z,7.35986,80.89628,8.7,144.7,144.7,MV Lanka Pride,Cargo,under way using engine
416002345,2021-05-21T06:40:00Z,7.3612,80.90031,10.6,133.2,133.2,MV Lanka Pride,Cargo,under way using engine
416002345,2021-05-21T06:50:00Z,7.36254,80.90434,14.4,150.7,150.7,MV Lanka Pride,Cargo,under way using engine
416002345,2021-05-21T07:00:00Z,7.36388,80.90837,8.8,88.3,88.3,MV Lanka Pride,Cargo,under way using engine
416002345,2021-05-21T07:10:00Z,7.36522,80.91241,14.5,91.1,91.1,MV Lanka Pride,Cargo,under way using engine
416002345,2021-05-21T07:20:00Z,7.36656,80.91644,13.0,93.6,93.6,MV Lanka Pride,Cargo,under way using engine
416002345,2021-05-21T07:30:00Z,7.36791,80.92047,14.3,299.2,299.2,MV Lanka Pride,Cargo,under way using engine
416002345,2021-05-21T07:40:00Z,7.36925,80.9245,12.6,105.0,105.0,MV Lanka Pride,Cargo,under way using engine
416002345,2021-05-21T07:50:00Z,7.37059,80.92853,10.2,275.4,275.4,MV Lanka Pride,Cargo,under way using engine
416002345,2021-05-21T08:00:00Z,7.37193,80.93256,14.0,85.1,85.1,MV Lanka Pride,Cargo,under way using engine
416002345,2021-05-21T08:10:00Z,7.37327,80.9366,13.9,309.8,309.8,MV Lanka Pride,Cargo,under way using engine
416002345,2021-05-21T08:20:00Z,7.37461,80.94063,8.4,204.5,204.5,MV Lanka Pride,Cargo,under way using engine
416002345,2021-05-21T08:30:00Z,7.37596,80.94466,15.0,33.2,33.2,MV Lanka Pride,Cargo,under way using engine
416002345,2021-05-21T08:40:00Z,7.3773,80.94869,8.0,150.8,150.8,MV Lanka Pride,Cargo,under way using engine
416002345,2021-05-21T08:50:00Z,7.37864,80.95272,9.1,301.2,301.2,MV Lanka Pride,Cargo,under way using engine
416002345,2021-05-21T09:00:00Z,7.37998,80.95675,14.5,158.5,158.5,MV Lanka Pride,Cargo,under way using engine
416002345,2021-05-21T09:10:00Z,7.38132,80.96079,8.1,139.4,139.4,MV Lanka Pride,Cargo,under way using engine
416002345,2021-05-21T09:20:00Z,7.38266,80.96482,11.2,211.2,211.2,MV Lanka Pride,Cargo,under way using engine
416002345,2021-05-21T09:30:00Z,7.38401,80.96885,11.9,244.0,244.0,MV Lanka Pride,Cargo,under way using engine
416002345,2021-05-21T09:40:00Z,7.38535,80.97288,14.6,99.5,99.5,MV Lanka Pride,Cargo,under way using engine
416002345,2021-05-21T09:50:00Z,7.38669,80.97691,13.0,65.4,65.4,MV Lanka Pride,Cargo,under way using engine
416002345,2021-05-21T10:00:00Z,7.38803,80.98094,8.8,291.6,291.6,MV Lanka Pride,Cargo,under way using engine
416002345,2021-05-21T10:10:00Z,7.38937,80.98498,11.4,29.3,29.3,MV Lanka Pride,Cargo,under way using engine
416002345,2021-05-21T10:20:00Z,7.39071,80.98901,11.1,38.5,38.5,MV Lanka Pride,Cargo,under way using engine
416002345,2021-05-21T10:30:00Z,7.39206,80.99304,8.6,6.0,6.0,MV Lanka Pride,Cargo,under way using engine
416002345,2021-05-21T10:40:00Z,7.3934,80.99707,12.3,98.4,98.4,MV Lanka Pride,Cargo,under way using engine
416002345,2021-05-21T10:50:00Z,7.39474,81.0011,8.9,216.4,216.4,MV Lanka Pride,Cargo,under way using engine
416002345,2021-05-21T11:00:00Z,7.39608,81.00514,12.6,99.6,99.6,MV Lanka Pride,Cargo,under way using engine
416002345,2021-05-21T11:10:00Z,7.39742,81.00917,13.2,244.0,244.0,MV Lanka Pride,Cargo,under way using engine
416002345,2021-05-21T11:20:00Z,7.39876,81.0132,12.3,155.7,155.7,MV Lanka Pride,Cargo,under way using engine
416002345,2021-05-21T11:30:00Z,7.40011,81.01723,13.8,114.8,114.8,MV Lanka Pride,Cargo,under way using engine
416002345,2021-05-21T11:40:00Z,7.40145,81.02126,8.0,253.4,253.4,MV Lanka Pride,Cargo,under way using engine
416002345,2021-05-21T11:50:00Z,7.40279,81.02529,8.7,227.8,227.8,MV Lanka Pride,Cargo,under way using engine
416002345,2021-05-21T12:00:00Z,7.40413,81.02933,11.2,67.4,67.4,MV Lanka Pride,Cargo,under way using engine
416002345,2021-05-21T12:10:00Z,7.40547,81.03336,13.9,278.4,278.4,MV Lanka Pride,Cargo,under way using engine
416002345,2021-05-21T12:20:00Z,7.40681,81.03739,12.0,197.5,197.5,MV Lanka Pride,Cargo,under way using engine
416002345,2021-05-21T12:30:00Z,7.40816,81.04142,13.5,236.1,236.1,MV Lanka Pride,Cargo,under way using engine
416002345,2021-05-21T12:40:00Z,7.4095,81.04545,9.1,328.4,328.4,MV Lanka Pride,Cargo,under way using engine
416002345,2021-05-21T12:50:00Z,7.41084,81.04948,12.1,324.6,324.6,MV Lanka Pride,Cargo,under way using engine
416002345,2021-05-21T13:00:00Z,7.41218,81.05352,9.0,299.4,299.4,MV Lanka Pride,Cargo,under way using engine
416002345,2021-05-21T13:10:00Z,7.41352,81.05755,10.0,81.5,81.5,MV Lanka Pride,Cargo,under way using engine
416002345,2021-05-21T13:20:00Z,7.41486,81.06158,12.5,248.7,248.7,MV Lanka Pride,Cargo,under way using engine
416002345,2021-05-21T13:30:00Z,7.41621,81.06561,12.9,53.4,53.4,MV Lanka Pride,Cargo,under way using engine
416002345,2021-05-21T13:40:00Z,7.41755,81.06964,11.0,221.4,221.4,MV Lanka Pride,Cargo,under way using engine
416002345,2021-05-21T13:50:00Z,7.41889,81.07367,10.0,220.4,220.4,MV Lanka Pride,Cargo,under way using engine
416002345,2021-05-21T14:00:00Z,7.42023,81.07771,9.2,119.2,119.2,MV Lanka Pride,Cargo,under way using engine
416002345,2021-05-21T14:10:00Z,7.42157,81.08174,9.0,77.9,77.9,MV Lanka Pride,Cargo,under way using engine
416002345,2021-05-21T14:20:00Z,7.42291,81.08577,13.6,99.3,99.3,MV Lanka Pride,Cargo,under way using engine
416002345,2021-05-21T14:30:00Z,7.42426,81.0898,12.7,37.7,37.7,MV Lanka Pride,Cargo,under way using engine
416002345,2021-05-21T14:40:00Z,7.4256,81.09383,9.8,326.2,326.2,MV Lanka Pride,Cargo,under way using engine
416002345,2021-05-21T14:50:00Z,7.42694,81.09787,8.2,299.0,299.0,MV Lanka Pride,Cargo,under way using engine
416002345,2021-05-21T15:00:00Z,7.42828,81.1019,8.6,170.7,170.7,MV Lanka Pride,Cargo,under way using engine
416002345,2021-05-21T15:10:00Z,7.42962,81.10593,10.4,156.9,156.9,MV Lanka Pride,Cargo,under way using engine
416002345,2021-05-21T15:20:00Z,7.43096,81.10996,13.7,283.1,283.1,MV Lanka Pride,Cargo,under way using engine
416002345,2021-05-21T15:30:00Z,7.43231,81.11399,12.2,355.7,355.7,MV Lanka Pride,Cargo,under way using engine
416002345,2021-05-21T15:40:00Z,7.43365,81.11802,8.3,223.8,223.8,MV Lanka Pride,Cargo,under way using engine
416002345,2021-05-21T15:50:00Z,7.43499,81.12206,12.6,356.7,356.7,MV Lanka Pride,Cargo,under way using engine
416002345,2021-05-21T16:00:00Z,7.43633,81.12609,13.5,189.5,189.5,MV Lanka Pride,Cargo,under way using engine
416002345,2021-05-21T16:10:00Z,7.43767,81.13012,11.9,125.2,125.2,MV Lanka Pride,Cargo,under way using engine
416002345,2021-05-21T16:20:00Z,7.43901,81.13415,13.4,34.8,34.8,MV Lanka Pride,Cargo,under way using engine
416002345,2021-05-21T16:30:00Z,7.44036,81.13818,10.5,79.9,79.9,MV Lanka Pride,Cargo,under way using engine
416002345,2021-05-21T16:40:00Z,7.4417,81.14221,13.5,117.8,117.8,MV Lanka Pride,Cargo,under way using engine
416002345,2021-05-21T16:50:00Z,7.44304,81.14625,9.0,291.3,291.3,MV Lanka Pride,Cargo,under way using engine
416002345,2021-05-21T17:00:00Z,7.44438,81.15028,9.8,291.6,291.6,MV Lanka Pride,Cargo,under way using engine
416002345,2021-05-21T17:10:00Z,7.44572,81.15431,14.7,225.7,225.7,MV Lanka Pride,Cargo,under way using engine
416002345,2021-05-21T17:20:00Z,7.44707,81.15834,9.5,169.8,169.8,MV Lanka Pride,Cargo,under way using engine
416002345,2021-05-21T17:30:00Z,7.44841,81.16237,12.7,49.5,49.5,MV Lanka Pride,Cargo,under way using engine
416002345,2021-05-21T17:40:00Z,7.44975,81.1664,9.9,19.3,19.3,MV Lanka Pride,Cargo,under way using engine
416002345,2021-05-21T17:50:00Z,7.45109,81.17044,8.8,265.5,265.5,MV Lanka Pride,Cargo,under way using engine
416002345,2021-05-21T18:00:00Z,7.45243,81.17447,13.9,208.2,208.2,MV Lanka Pride,Cargo,under way using engine
416002345,2021-05-21T18:10:00Z,7.45377,81.1785,11.0,293.5,293.5,MV Lanka Pride,Cargo,under way using engine
416002345,2021-05-21T18:20:00Z,7.45512,81.18253,11.2,327.6,327.6,MV Lanka Pride,Cargo,under way using engine
416002345,2021-05-21T18:30:00Z,7.45646,81.18656,14.9,342.7,342.7,MV Lanka Pride,Cargo,under way using engine
416002345,2021-05-21T18:40:00Z,7.4578,81.1906,11.8,285.8,285.8,MV Lanka Pride,Cargo,under way using engine
416002345,2021-05-21T18:50:00Z,7.45914,81.19463,13.1,293.2,293.2,MV Lanka Pride,Cargo,under way using engine
416002345,2021-05-21T19:00:00Z,7.46048,81.19866,8.9,354.6,354.6,MV Lanka Pride,Cargo,under way using engine
416002345,2021-05-21T19:10:00Z,7.46182,81.20269,8.4,71.2,71.2,MV Lanka Pride,Cargo,under way using engine
416002345,2021-05-21T19:20:00Z,7.46317,81.20672,11.7,193.8,193.8,MV Lanka Pride,Cargo,under way using engine
416002345,2021-05-21T19:30:00Z,7.46451,81.21075,14.3,179.5,179.5,MV Lanka Pride,Cargo,under way using engine
416002345,2021-05-21T19:40:00Z,7.46585,81.21479,9.8,180.8,180.8,MV Lanka Pride,Cargo,under way using engine
416002345,2021-05-21T19:50:00Z,7.46719,81.21882,14.1,53.0,53.0,MV Lanka Pride,Cargo,under way using engine
416002345,2021-05-21T20:00:00Z,7.46853,81.22285,12.3,305.9,305.9,MV Lanka Pride,Cargo,under way using engine
416002345,2021-05-21T20:10:00Z,7.46987,81.22688,11.8,85.5,85.5,MV Lanka Pride,Cargo,under way using engine
416002345,2021-05-21T20:20:00Z,7.47122,81.23091,12.7,69.9,69.9,MV Lanka Pride,Cargo,under way using engine
416002345,2021-05-21T20:30:00Z,7.47256,81.23494,10.7,257.4,257.4,MV Lanka Pride,Cargo,under way using engine
416002345,2021-05-21T20:40:00Z,7.4739,81.23898,12.0,57.6,57.6,MV Lanka Pride,Cargo,under way using engine
416002345,2021-05-21T20:50:00Z,7.47524,81.24301,11.3,138.1,138.1,MV Lanka Pride,Cargo,under way using engine
416002345,2021-05-21T21:00:00Z,7.47658,81.24704,13.2,95.4,95.4,MV Lanka Pride,Cargo,under way using engine
416002345,2021-05-21T21:10:00Z,7.47792,81.25107,12.7,57.7,57.7,MV Lanka Pride,Cargo,under way using engine
416002345,2021-05-21T21:20:00Z,7.47927,81.2551,10.5,121.6,121.6,MV Lanka Pride,Cargo,under way using engine
416002345,2021-05-21T21:30:00Z,7.48061,81.25913,9.9,310.1,310.1,MV Lanka Pride,Cargo,under way using engine
416002345,2021-05-21T21:40:00Z,7.48195,81.26317,10.5,337.5,337.5,MV Lanka Pride,Cargo,under way using engine
416002345,2021-05-21T21:50:00Z,7.48329,81.2672,9.3,282.3,282.3,MV Lanka Pride,Cargo,under way using engine
416002345,2021-05-21T22:00:00Z,7.48463,81.27123,14.0,228.4,228.4,MV Lanka Pride,Cargo,under way using engine
416002345,2021-05-21T22:10:00Z,7.48597,81.27526,13.3,298.6,298.6,MV Lanka Pride,Cargo,under way using engine
416002345,2021-05-21T22:20:00Z,7.48732,81.27929,8.2,26.4,26.4,MV Lanka Pride,Cargo,under way using engine
416002345,2021-05-21T22:30:00Z,7.48866,81.28333,9.5,55.0,55.0,MV Lanka Pride,Cargo,under way using engine
416002345,2021-05-21T22:40:00Z,7.49,81.28736,13.1,94.5,94.5,MV Lanka Pride,Cargo,under way using engine
416002345,2021-05-21T22:50:00Z,7.49134,81.29139,8.2,252.7,252.7,MV Lanka Pride,Cargo,under way using engine
416002345,2021-05-21T23:00:00Z,7.49268,81.29542,9.4,108.1,108.1,MV Lanka Pride,Cargo,under way using engine
416002345,2021-05-21T23:10:00Z,7.49402,81.29945,12.4,182.5,182.5,MV Lanka Pride,Cargo,under way using engine
416002345,2021-05-21T23:20:00Z,7.49537,81.30348,9.2,105.4,105.4,MV Lanka Pride,Cargo,under way using engine
416002345,2021-05-21T23:30:00Z,7.49671,81.30752,14.4,357.3,357.3,MV Lanka Pride,Cargo,under way using engine
416002345,2021-05-21T23:40:00Z,7.49805,81.31155,13.0,93.8,93.8,MV Lanka Pride,Cargo,under way using engine
416002345,2021-05-21T23:50:00Z,7.49939,81.31558,11.4,295.1,295.1,MV Lanka Pride,Cargo,under way using engine
416002345,2021-05-22T00:00:00Z,7.50073,81.31961,10.8,52.9,52.9,MV Lanka Pride,Cargo,under way using engine
538009876,2021-05-19T00:00:00Z,7.1843,79.17294,9.8,255.9,255.9,MV Ocean Venture,Tanker,under way using engine
538009876,2021-05-19T00:10:00Z,7.17929,79.17649,9.0,319.4,319.4,MV Ocean Venture,Tanker,under way using engine
538009876,2021-05-19T00:20:00Z,7.17427,79.18005,9.6,185.1,185.1,MV Ocean Venture,Tanker,under way using engine
538009876,2021-05-19T00:30:00Z,7.16926,79.1836,9.9,49.8,49.8,MV Ocean Venture,Tanker,under way using engine
538009876,2021-05-19T00:40:00Z,7.16424,79.18715,11.7,179.9,179.9,MV Ocean Venture,Tanker,under way using engine
538009876,2021-05-19T00:50:00Z,7.15923,79.1907,12.5,265.6,265.6,MV Ocean Venture,Tanker,under way using engine
538009876,2021-05-19T01:00:00Z,7.15421,79.19425,13.3,146.5,146.5,MV Ocean Venture,Tanker,under way using engine
538009876,2021-05-19T01:10:00Z,7.1492,79.1978,11.8,144.2,144.2,MV Ocean Venture,Tanker,under way using engine
538009876,2021-05-19T01:20:00Z,7.14418,79.20135,13.1,195.4,195.4,MV Ocean Venture,Tanker,under way using engine
538009876,2021-05-19T01:30:00Z,7.13917,79.2049,10.8,292.4,292.4,MV Ocean Venture,Tanker,under way using engine
538009876,2021-05-19T01:40:00Z,7.13415,79.20845,9.3,42.2,42.2,MV Ocean Venture,Tanker,under way using engine
538009876,2021-05-19T01:50:00Z,7.12914,79.212,8.8,21.3,21.3,MV Ocean Venture,Tanker,under way using engine
538009876,2021-05-19T02:00:00Z,7.12412,79.21555,11.8,84.1,84.1,MV Ocean Venture,Tanker,under way using engine
538009876,2021-05-19T02:10:00Z,7.11911,79.2191,12.2,131.8,131.8,MV Ocean Venture,Tanker,under way using engine
538009876,2021-05-19T02:20:00Z,7.11409,79.22266,10.4,343.4,343.4,MV Ocean Venture,Tanker,under way using engine
538009876,2021-05-19T02:30:00Z,7.10908,79.22621,12.9,202.8,202.8,MV Ocean Venture,Tanker,under way using engine
538009876,2021-05-19T02:40:00Z,7.10406,79.22976,13.9,84.2,84.2,MV Ocean Venture,Tanker,under way using engine
538009876,2021-05-19T02:50:00Z,7.09905,79.23331,8.4,53.8,53.8,MV Ocean Venture,Tanker,under way using engine
538009876,2021-05-19T03:00:00Z,7.09403,79.23686,8.9,278.8,278.8,MV Ocean Venture,Tanker,under way using engine
538009876,2021-05-19T03:10:00Z,7.08902,79.24041,13.9,117.1,117.1,MV Ocean Venture,Tanker,under way using engine
538009876,2021-05-19T03:20:00Z,7.084,79.24396,13.6,240.7,240.7,MV Ocean Venture,Tanker,under way using engine
538009876,2021-05-19T03:30:00Z,7.07899,79.24751,12.7,18.7,18.7,MV Ocean Venture,Tanker,under way using engine
538009876,2021-05-19T03:40:00Z,7.07397,79.25106,11.7,340.9,340.9,MV Ocean Venture,Tanker,under way using engine
538009876,2021-05-19T03:50:00Z,7.06896,79.25461,10.1,27.0,27.0,MV Ocean Venture,Tanker,under way using engine
538009876,2021-05-19T04:00:00Z,7.06394,79.25816,14.7,117.9,117.9,MV Ocean Venture,Tanker,under way using engine
538009876,2021-05-19T04:10:00Z,7.05893,79.26171,10.7,201.0,201.0,MV Ocean Venture,Tanker,under way using engine
538009876,2021-05-19T04:20:00Z,7.05391,79.26527,12.2,15.6,15.6,MV Ocean Venture,Tanker,under way using engine
538009876,2021-05-19T04:30:00Z,7.0489,79.26882,11.6,129.1,129.1,MV Ocean Venture,Tanker,under way using engine
538009876,2021-05-19T04:40:00Z,7.04388,79.27237,8.3,61.3,61.3,MV Ocean Venture,Tanker,under way using engine
538009876,2021-05-19T04:50:00Z,7.03887,79.27592,9.7,133.8,133.8,MV Ocean Venture,Tanker,under way using engine
538009876,2021-05-19T05:00:00Z,7.03385,79.27947,13.2,7.4,7.4,MV Ocean Venture,Tanker,under way using engine
538009876,2021-05-19T05:10:00Z,7.02884,79.28302,8.4,230.7,230.7,MV Ocean Venture,Tanker,under way using engine
538009876,2021-05-19T05:20:00Z,7.02382,79.28657,12.6,262.4,262.4,MV Ocean Venture,Tanker,under way using engine
538009876,2021-05-19T05:30:00Z,7.01881,79.29012,13.1,206.0,206.0,MV Ocean Venture,Tanker,under way using engine
538009876,2021-05-19T05:40:00Z,7.01379,79.29367,12.3,271.5,271.5,MV Ocean Venture,Tanker,under way using engine
538009876,2021-05-19T05:50:00Z,7.00878,79.29722,13.9,19.1,19.1,MV Ocean Venture,Tanker,under way using engine
538009876,2021-05-19T06:00:00Z,7.00376,79.30077,10.4,170.6,170.6,MV Ocean Venture,Tanker,under way using engine
538009876,2021-05-19T06:10:00Z,6.99875,79.30432,10.8,14.8,14.8,MV Ocean Venture,Tanker,under way using engine
538009876,2021-05-19T06:20:00Z,6.99373,79.30788,12.4,350.2,350.2,MV Ocean Venture,Tanker,under way using engine
538009876,2021-05-19T06:30:00Z,6.98872,79.31143,11.3,321.3,321.3,MV Ocean Venture,Tanker,under way using engine
538009876,2021-05-19T06:40:00Z,6.9837,79.31498,9.5,86.1,86.1,MV Ocean Venture,Tanker,under way using engine
538009876,2021-05-19T06:50:00Z,6.97869,79.31853,9.1,134.0,134.0,MV Ocean Venture,Tanker,under way using engine
538009876,2021-05-19T07:00:00Z,6.97367,79.32208,12.0,225.2,225.2,MV Ocean Venture,Tanker,under way using engine
538009876,2021-05-19T07:10:00Z,6.96866,79.32563,14.9,252.2,252.2,MV Ocean Venture,Tanker,under way using engine
538009876,2021-05-19T07:20:00Z,6.96364,79.32918,13.5,278.8,278.8,MV Ocean Venture,Tanker,under way using engine
538009876,2021-05-19T07:30:00Z,6.95863,79.33273,12.4,320.0,320.0,MV Ocean Venture,Tanker,under way using engine
538009876,2021-05-19T07:40:00Z,6.95361,79.33628,11.4,75.1,75.1,MV Ocean Venture,Tanker,under way using engine
538009876,2021-05-19T07:50:00Z,6.9486,79.33983,11.1,306.1,306.1,MV Ocean Venture,Tanker,under way using engine
538009876,2021-05-19T08:00:00Z,6.94358,79.34338,13.6,45.2,45.2,MV Ocean Venture,Tanker,under way using engine
538009876,2021-05-19T08:10:00Z,6.93857,79.34693,14.4,176.8,176.8,MV Ocean Venture,Tanker,under way using engine
538009876,2021-05-19T08:20:00Z,6.93355,79.35049,11.5,164.0,164.0,MV Ocean Venture,Tanker,under way using engine
538009876,2021-05-19T08:30:00Z,6.92854,79.35404,12.6,221.2,221.2,MV Ocean Venture,Tanker,under way using engine
538009876,2021-05-19T08:40:00Z,6.92352,79.35759,10.8,319.9,319.9,MV Ocean Venture,Tanker,under way using engine
538009876,2021-05-19T08:50:00Z,6.91851,79.36114,9.0,251.3,251.3,MV Ocean Venture,Tanker,under way using engine
538009876,2021-05-19T09:00:00Z,6.91349,79.36469,14.6,178.3,178.3,MV Ocean Venture,Tanker,under way using engine
538009876,2021-05-19T09:10:00Z,6.90848,79.36824,12.5,27.7,27.7,MV Ocean Venture,Tanker,under way using engine
538009876,2021-05-19T09:20:00Z,6.90346,79.37179,10.7,164.9,164.9,MV Ocean Venture,Tanker,under way using engine
538009876,2021-05-19T09:30:00Z,6.89845,79.37534,14.8,107.6,107.6,MV Ocean Venture,Tanker,under way using engine
538009876,2021-05-19T09:40:00Z,6.89343,79.37889,14.0,174.0,174.0,MV Ocean Venture,Tanker,under way using engine
538009876,2021-05-19T09:50:00Z,6.88842,79.38244,10.4,130.3,130.3,MV Ocean Venture,Tanker,under way using engine
538009876,2021-05-19T10:00:00Z,6.8834,79.38599,11.6,311.6,311.6,MV Ocean Venture,Tanker,under way using engine
538009876,2021-05-19T10:10:00Z,6.87839,79.38955,12.0,241.5,241.5,MV Ocean Venture,Tanker,under way using engine
538009876,2021-05-19T10:20:00Z,6.87337,79.3931,8.5,154.4,154.4,MV Ocean Venture,Tanker,under way using engine
538009876,2021-05-19T10:30:00Z,6.86836,79.39665,12.2,192.4,192.4,MV Ocean Venture,Tanker,under way using engine
538009876,2021-05-19T10:40:00Z,6.86334,79.4002,8.6,251.0,251.0,MV Ocean Venture,Tanker,under way using engine
538009876,2021-05-19T10:50:00Z,6.85833,79.40375,9.7,250.1,250.1,MV Ocean Venture,Tanker,under way using engine
538009876,2021-05-19T11:00:00Z,6.85331,79.4073,10.6,206.3,206.3,MV Ocean Venture,Tanker,under way using engine
538009876,2021-05-19T11:10:00Z,6.8483,79.41085,13.1,199.4,199.4,MV Ocean Venture,Tanker,under way using engine
538009876,2021-05-19T11:20:00Z,6.84328,79.4144,10.2,263.1,263.1,MV Ocean Venture,Tanker,under way using engine
538009876,2021-05-19T11:30:00Z,6.83827,79.41795,9.9,304.0,304.0,MV Ocean Venture,Tanker,under way using engine
538009876,2021-05-19T11:40:00Z,6.83325,79.4215,11.9,258.0,258.0,MV Ocean Venture,Tanker,under way using engine
538009876,2021-05-19T11:50:00Z,6.82824,79.42505,8.0,43.0,43.0,MV Ocean Venture,Tanker,under way using engine
538009876,2021-05-19T12:00:00Z,6.82322,79.4286,13.5,239.9,239.9,MV Ocean Venture,Tanker,under way using engine
538009876,2021-05-19T12:10:00Z,6.81821,79.43216,8.7,343.3,343.3,MV Ocean Venture,Tanker,under way using engine
538009876,2021-05-19T12:20:00Z,6.81319,79.43571,14.0,355.2,355.2,MV Ocean Venture,Tanker,under way using engine
538009876,2021-05-19T12:30:00Z,6.80818,79.43926,8.9,125.4,125.4,MV Ocean Venture,Tanker,under way using engine
538009876,2021-05-19T12:40:00Z,6.80316,79.44281,8.5,322.2,322.2,MV Ocean Venture,Tanker,under way using engine
538009876,2021-05-19T12:50:00Z,6.79815,79.44636,8.3,45.8,45.8,MV Ocean Venture,Tanker,under way using engine
538009876,2021-05-19T13:00:00Z,6.79313,79.44991,11.2,303.3,303.3,MV Ocean Venture,Tanker,under way using engine
538009876,2021-05-19T13:10:00Z,6.78812,79.45346,13.5,141.4,141.4,MV Ocean Venture,Tanker,under way using engine
538009876,2021-05-19T13:20:00Z,6.7831,79.45701,11.4,309.1,309.1,MV Ocean Venture,Tanker,under way using engine
538009876,2021-05-19T13:30:00Z,6.77809,79.46056,14.6,335.0,335.0,MV Ocean Venture,Tanker,under way using engine
538009876,2021-05-19T13:40:00Z,6.77307,79.46411,14.1,118.5,118.5,MV Ocean Venture,Tanker,under way using engine
538009876,2021-05-19T13:50:00Z,6.76806,79.46766,10.3,201.1,201.1,MV Ocean Venture,Tanker,under way using engine
538009876,2021-05-19T14:00:00Z,6.76304,79.47121,14.1,185.2,185.2,MV Ocean Venture,Tanker,under way using engine
538009876,2021-05-19T14:10:00Z,6.75803,79.47477,13.2,176.8,176.8,MV Ocean Venture,Tanker,under way using engine
538009876,2021-05-19T14:20:00Z,6.75301,79.47832,9.4,117.2,117.2,MV Ocean Venture,Tanker,under way using engine
538009876,2021-05-19T14:30:00Z,6.748,79.48187,9.9,240.7,240.7,MV Ocean Venture,Tanker,under way using engine
538009876,2021-05-19T14:40:00Z,6.74298,79.48542,14.3,301.5,301.5,MV Ocean Venture,Tanker,under way using engine
538009876,2021-05-19T14:50:00Z,6.73797,79.48897,9.5,162.2,162.2,MV Ocean Venture,Tanker,under way using engine
538009876,2021-05-19T15:00:00Z,6.73295,79.49252,14.0,139.4,139.4,MV Ocean Venture,Tanker,under way using engine
538009876,2021-05-19T15:10:00Z,6.72794,79.49607,14.6,244.8,244.8,MV Ocean Venture,Tanker,under way using engine
538009876,2021-05-19T15:20:00Z,6.72292,79.49962,13.3,345.0,345.0,MV Ocean Venture,Tanker,under way using engine
538009876,2021-05-19T15:30:00Z,6.71791,79.50317,13.4,61.3,61.3,MV Ocean Venture,Tanker,under way using engine
538009876,2021-05-19T15:40:00Z,6.71289,79.50672,12.2,26.2,26.2,MV Ocean Venture,Tanker,under way using engine
538009876,2021-05-19T15:50:00Z,6.70788,79.51027,10.0,300.3,300.3,MV Ocean Venture,Tanker,under way using engine
538009876,2021-05-19T16:00:00Z,6.70286,79.51382,12.8,46.5,46.5,MV Ocean Venture,Tanker,under way using engine
538009876,2021-05-19T16:10:00Z,6.69785,79.51738,10.9,139.7,139.7,MV Ocean Venture,Tanker,under way using engine
538009876,2021-05-19T16:20:00Z,6.69283,79.52093,10.5,231.1,231.1,MV Ocean Venture,Tanker,under way using engine
538009876,2021-05-19T16:30:00Z,6.68782,79.52448,8.6,74.5,74.5,MV Ocean Venture,Tanker,under way using engine
538009876,2021-05-19T16:40:00Z,6.6828,79.52803,14.8,269.2,269.2,MV Ocean Venture,Tanker,under way using engine
538009876,2021-05-19T16:50:00Z,6.67779,79.53158,8.8,164.5,164.5,MV Ocean Venture,Tanker,under way using engine
538009876,2021-05-19T17:00:00Z,6.67277,79.53513,11.1,55.5,55.5,MV Ocean Venture,Tanker,under way using engine
538009876,2021-05-19T17:10:00Z,6.66776,79.53868,13.0,328.2,328.2,MV Ocean Venture,Tanker,under way using engine
538009876,2021-05-19T17:20:00Z,6.66274,79.54223,14.6,335.5,335.5,MV Ocean Venture,Tanker,under way using engine
538009876,2021-05-19T17:30:00Z,6.65773,79.54578,14.9,345.0,345.0,MV Ocean Venture,Tanker,under way using engine
538009876,2021-05-19T17:40:00Z,6.65271,79.54933,10.6,147.7,147.7,MV Ocean Venture,Tanker,under way using engine
538009876,2021-05-19T17:50:00Z,6.6477,79.55288,10.4,223.6,223.6,MV Ocean Venture,Tanker,under way using engine
538009876,2021-05-19T18:00:00Z,6.64268,79.55643,14.6,329.0,329.0,MV Ocean Venture,Tanker,under way using engine
538009876,2021-05-19T18:10:00Z,6.63767,79.55999,13.1,189.4,189.4,MV Ocean Venture,Tanker,under way using engine
538009876,2021-05-19T18:20:00Z,6.63265,79.56354,13.5,44.1,44.1,MV Ocean Venture,Tanker,under way using engine
538009876,2021-05-19T18:30:00Z,6.62764,79.56709,12.5,60.9,60.9,MV Ocean Venture,Tanker,under way using engine
538009876,2021-05-19T18:40:00Z,6.62262,79.57064,9.4,83.2,83.2,MV Ocean Venture,Tanker,under way using engine
538009876,2021-05-19T18:50:00Z,6.6176,79.57419,11.5,346.4,346.4,MV Ocean Venture,Tanker,under way using engine
538009876,2021-05-19T19:00:00Z,6.61259,79.57774,14.8,307.4,307.4,MV Ocean Venture,Tanker,under way using engine
538009876,2021-05-19T19:10:00Z,6.60757,79.58129,9.4,34.5,34.5,MV Ocean Venture,Tanker,under way using engine
538009876,2021-05-19T19:20:00Z,6.60256,79.58484,14.8,199.2,199.2,MV Ocean Venture,Tanker,under way using engine
538009876,2021-05-19T19:30:00Z,6.59754,79.58839,14.6,77.4,77.4,MV Ocean Venture,Tanker,under way using engine
538009876,2021-05-19T19:40:00Z,6.59253,79.59194,13.9,192.8,192.8,MV Ocean Venture,Tanker,under way using engine
538009876,2021-05-19T19:50:00Z,6.58751,79.59549,8.8,52.0,52.0,MV Ocean Venture,Tanker,under way using engine
538009876,2021-05-19T20:00:00Z,6.5825,79.59905,14.9,190.9,190.9,MV Ocean Venture,Tanker,under way using engine
538009876,2021-05-19T20:10:00Z,6.57748,79.6026,13.9,18.7,18.7,MV Ocean Venture,Tanker,under way using engine
538009876,2021-05-19T20:20:00Z,6.57247,79.60615,11.6,308.6,308.6,MV Ocean Venture,Tanker,under way using engine
538009876,2021-05-19T20:30:00Z,6.56745,79.6097,8.3,40.8,40.8,MV Ocean Venture,Tanker,under way using engine
538009876,2021-05-19T20:40:00Z,6.56244,79.61325,13.1,168.3,168.3,MV Ocean Venture,Tanker,under way using engine
538009876,2021-05-19T20:50:00Z,6.55742,79.6168,8.8,224.9,224.9,MV Ocean Venture,Tanker,under way using engine
538009876,2021-05-19T21:00:00Z,6.55241,79.62035,10.1,192.6,192.6,MV Ocean Venture,Tanker,under way using engine
538009876,2021-05-19T21:10:00Z,6.54739,79.6239,10.4,304.2,304.2,MV Ocean Venture,Tanker,under way using engine
538009876,2021-05-19T21:20:00Z,6.54238,79.62745,12.4,19.2,19.2,MV Ocean Venture,Tanker,under way using engine
538009876,2021-05-19T21:30:00Z,6.53736,79.631,8.5,0.6,0.6,MV Ocean Venture,Tanker,under way using engine
538009876,2021-05-19T21:40:00Z,6.53235,79.63455,8.6,307.5,307.5,MV Ocean Venture,Tanker,under way using engine
538009876,2021-05-19T21:50:00Z,6.52733,79.6381,9.0,38.6,38.6,MV Ocean Venture,Tanker,under way using engine
538009876,2021-05-19T22:00:00Z,6.52232,79.64166,10.1,56.9,56.9,MV Ocean Venture,Tanker,under way using engine
538009876,2021-05-19T22:10:00Z,6.5173,79.64521,14.0,190.4,190.4,MV Ocean Venture,Tanker,under way using engine
538009876,2021-05-19T22:20:00Z,6.51229,79.64876,8.8,63.4,63.4,MV Ocean Venture,Tanker,under way using engine
538009876,2021-05-19T22:30:00Z,6.50727,79.65231,10.2,109.9,109.9,MV Ocean Venture,Tanker,under way using engine
538009876,2021-05-19T22:40:00Z,6.50226,79.65586,11.9,129.2,129.2,MV Ocean Venture,Tanker,under way using engine
538009876,2021-05-19T22:50:00Z,6.49724,79.65941,13.8,315.7,315.7,MV Ocean Venture,Tanker,under way using engine
538009876,2021-05-19T23:00:00Z,6.49223,79.66296,9.3,234.9,234.9,MV Ocean Venture,Tanker,under way using engine
538009876,2021-05-19T23:10:00Z,6.48721,79.66651,11.1,97.2,97.2,MV Ocean Venture,Tanker,under way using engine
538009876,2021-05-19T23:20:00Z,6.4822,79.67006,11.1,158.6,158.6,MV Ocean Venture,Tanker,under way using engine
538009876,2021-05-19T23:30:00Z,6.47718,79.67361,8.9,258.1,258.1,MV Ocean Venture,Tanker,under way using engine
538009876,2021-05-19T23:40:00Z,6.47217,79.67716,12.2,230.2,230.2,MV Ocean Venture,Tanker,under way using engine
538009876,2021-05-19T23:50:00Z,6.46715,79.68071,12.2,339.0,339.0,MV Ocean Venture,Tanker,under way using engine
538009876,2021-05-20T00:00:00Z,6.46214,79.68427,13.7,2.1,2.1,MV Ocean Venture,Tanker,under way using engine
538009876,2021-05-20T00:10:00Z,6.45712,79.68782,9.4,218.4,218.4,MV Ocean Venture,Tanker,under way using engine
538009876,2021-05-20T00:20:00Z,6.45211,79.69137,9.1,258.1,258.1,MV Ocean Venture,Tanker,under way using engine
538009876,2021-05-20T00:30:00Z,6.44709,79.69492,11.2,289.7,289.7,MV Ocean Venture,Tanker,under way using engine
538009876,2021-05-20T00:40:00Z,6.44208,79.69847,11.8,157.0,157.0,MV Ocean Venture,Tanker,under way using engine
538009876,2021-05-20T00:50:00Z,6.43706,79.70202,10.0,16.6,16.6,MV Ocean Venture,Tanker,under way using engine
538009876,2021-05-20T01:00:00Z,6.43205,79.70557,10.3,42.8,42.8,MV Ocean Venture,Tanker,under way using engine
538009876,2021-05-20T01:10:00Z,6.42703,79.70912,14.5,342.8,342.8,MV Ocean Venture,Tanker,under way using engine
538009876,2021-05-20T01:20:00Z,6.42202,79.71267,11.8,204.4,204.4,MV Ocean Venture,Tanker,under way using engine
538009876,2021-05-20T01:30:00Z,6.417,79.71622,10.7,88.2,88.2,MV Ocean Venture,Tanker,under way using engine
538009876,2021-05-20T01:40:00Z,6.41199,79.71977,9.3,303.7,303.7,MV Ocean Venture,Tanker,under way using engine
538009876,2021-05-20T01:50:00Z,6.40697,79.72332,13.4,180.7,180.7,MV Ocean Venture,Tanker,under way using engine
538009876,2021-05-20T02:00:00Z,6.40196,79.72688,9.9,78.8,78.8,MV Ocean Venture,Tanker,under way using engine
538009876,2021-05-20T02:10:00Z,6.39694,79.73043,9.4,319.7,319.7,MV Ocean Venture,Tanker,under way using engine
538009876,2021-05-20T02:20:00Z,6.39193,79.73398,11.9,128.4,128.4,MV Ocean Venture,Tanker,under way using engine
538009876,2021-05-20T02:30:00Z,6.38691,79.73753,10.2,215.1,215.1,MV Ocean Venture,Tanker,under way using engine
538009876,2021-05-20T02:40:00Z,6.3819,79.74108,14.0,199.0,199.0,MV Ocean Venture,Tanker,under way using engine
538009876,2021-05-20T02:50:00Z,6.37688,79.74463,14.0,250.2,250.2,MV Ocean Venture,Tanker,under way using engine
538009876,2021-05-20T03:00:00Z,6.37187,79.74818,13.1,153.1,153.1,MV Ocean Venture,Tanker,under way using engine
538009876,2021-05-20T03:10:00Z,6.36685,79.75173,8.2,60.6,60.6,MV Ocean Venture,Tanker,under way using engine
538009876,2021-05-20T03:20:00Z,6.36184,79.75528,12.6,305.0,305.0,MV Ocean Venture,Tanker,under way using engine
538009876,2021-05-20T03:30:00Z,6.35682,79.75883,12.1,47.7,47.7,MV Ocean Venture,Tanker,under way using engine
538009876,2021-05-20T03:40:00Z,6.35181,79.76238,9.3,319.5,319.5,MV Ocean Venture,Tanker,under way using engine
538009876,2021-05-20T03:50:00Z,6.34679,79.76593,9.7,217.3,217.3,MV Ocean Venture,Tanker,under way using engine
538009876,2021-05-20T04:00:00Z,6.34178,79.76949,13.4,5.2,5.2,MV Ocean Venture,Tanker,under way using engine
538009876,2021-05-20T04:10:00Z,6.33676,79.77304,10.8,287.3,287.3,MV Ocean Venture,Tanker,under way using engine
538009876,2021-05-20T04:20:00Z,6.33175,79.77659,13.0,36.8,36.8,MV Ocean Venture,Tanker,under way using engine
538009876,2021-05-20T04:30:00Z,6.32673,79.78014,8.4,30.7,30.7,MV Ocean Venture,Tanker,under way using engine
538009876,2021-05-20T04:40:00Z,6.32172,79.78369,12.6,302.2,302.2,MV Ocean Venture,Tanker,under way using engine
538009876,2021-05-20T04:50:00Z,6.3167,79.78724,10.9,335.2,335.2,MV Ocean Venture,Tanker,under way using engine
538009876,2021-05-20T05:00:00Z,6.31169,79.79079,14.1,251.1,251.1,MV Ocean Venture,Tanker,under way using engine
538009876,2021-05-20T05:10:00Z,6.30667,79.79434,9.5,356.2,356.2,MV Ocean Venture,Tanker,under way using engine
538009876,2021-05-20T05:20:00Z,6.30166,79.79789,8.7,222.7,222.7,MV Ocean Venture,Tanker,under way using engine
538009876,2021-05-20T05:30:00Z,6.29664,79.80144,9.3,348.4,348.4,MV Ocean Venture,Tanker,under way using engine
538009876,2021-05-20T05:40:00Z,6.29163,79.80499,13.4,247.4,247.4,MV Ocean Venture,Tanker,under way using engine
538009876,2021-05-20T05:50:00Z,6.28661,79.80855,9.9,88.2,88.2,MV Ocean Venture,Tanker,under way using engine
538009876,2021-05-20T06:00:00Z,6.2816,79.8121,8.8,313.3,313.3,MV Ocean Venture,Tanker,under way using engine
538009876,2021-05-20T06:10:00Z,6.27658,79.81565,12.2,341.1,341.1,MV Ocean Venture,Tanker,under way using engine
538009876,2021-05-20T06:20:00Z,6.27157,79.8192,10.7,285.0,285.0,MV Ocean Venture,Tanker,under way using engine
538009876,2021-05-20T06:30:00Z,6.26655,79.82275,14.7,236.8,236.8,MV Ocean Venture,Tanker,under way using engine
538009876,2021-05-20T06:40:00Z,6.26154,79.8263,10.6,172.4,172.4,MV Ocean Venture,Tanker,under way using engine
538009876,2021-05-20T06:50:00Z,6.25652,79.82985,8.1,54.1,54.1,MV Ocean Venture,Tanker,under way using engine
538009876,2021-05-20T07:00:00Z,6.25151,79.8334,12.8,72.9,72.9,MV Ocean Venture,Tanker,under way using engine
538009876,2021-05-20T07:10:00Z,6.24649,79.83695,14.1,5.5,5.5,MV Ocean Venture,Tanker,under way using engine
538009876,2021-05-20T07:20:00Z,6.24148,79.8405,13.4,324.4,324.4,MV Ocean Venture,Tanker,under way using engine
538009876,2021-05-20T07:30:00Z,6.23646,79.84405,12.4,218.8,218.8,MV Ocean Venture,Tanker,under way using engine
538009876,2021-05-20T07:40:00Z,6.23145,79.8476,13.1,45.5,45.5,MV Ocean Venture,Tanker,under way using engine
538009876,2021-05-20T07:50:00Z,6.22643,79.85116,11.7,245.9,245.9,MV Ocean Venture,Tanker,under way using engine
538009876,2021-05-20T08:00:00Z,6.22142,79.85471,10.6,71.9,71.9,MV Ocean Venture,Tanker,under way using engine
538009876,2021-05-20T08:10:00Z,6.2164,79.85826,8.5,187.4,187.4,MV Ocean Venture,Tanker,under way using engine
538009876,2021-05-20T08:20:00Z,6.21139,79.86181,12.0,256.2,256.2,MV Ocean Venture,Tanker,under way using engine
538009876,2021-05-20T08:30:00Z,6.20637,79.86536,9.0,12.6,12.6,MV Ocean Venture,Tanker,under way using engine
538009876,2021-05-20T08:40:00Z,6.20136,79.86891,11.9,148.8,148.8,MV Ocean Venture,Tanker,under way using engine
538009876,2021-05-20T08:50:00Z,6.19634,79.87246,9.0,144.8,144.8,MV Ocean Venture,Tanker,under way using engine
538009876,2021-05-20T09:00:00Z,6.19133,79.87601,10.5,228.9,228.9,MV Ocean Venture,Tanker,under way using engine
538009876,2021-05-20T09:10:00Z,6.18631,79.87956,8.8,232.3,232.3,MV Ocean Venture,Tanker,under way using engine
538009876,2021-05-20T09:20:00Z,6.1813,79.88311,12.4,54.0,54.0,MV Ocean Venture,Tanker,under way using engine
538009876,2021-05-20T09:30:00Z,6.17628,79.88666,11.4,214.4,214.4,MV Ocean Venture,Tanker,under way using engine
538009876,2021-05-20T09:40:00Z,6.17127,79.89021,8.9,338.3,338.3,MV Ocean Venture,Tanker,under way using engine
538009876,2021-05-20T09:50:00Z,6.16625,79.89377,14.9,26.2,26.2,MV Ocean Venture,Tanker,under way using engine
538009876,2021-05-20T10:00:00Z,6.16124,79.89732,9.3,272.6,272.6,MV Ocean Venture,Tanker,under way using engine
538009876,2021-05-20T10:10:00Z,6.15622,79.90087,9.8,57.4,57.4,MV Ocean Venture,Tanker,under way using engine
538009876,2021-05-20T10:20:00Z,6.15121,79.90442,12.0,352.3,352.3,MV Ocean Venture,Tanker,under way using engine
538009876,2021-05-20T10:30:00Z,6.14619,79.90797,8.2,330.0,330.0,MV Ocean Venture,Tanker,under way using engine
538009876,2021-05-20T10:40:00Z,6.14118,79.91152,9.0,50.3,50.3,MV Ocean Venture,Tanker,under way using engine
538009876,2021-05-20T10:50:00Z,6.13616,79.91507,12.5,71.1,71.1,MV Ocean Venture,Tanker,under way using engine
538009876,2021-05-20T11:00:00Z,6.13115,79.91862,13.0,333.3,333.3,MV Ocean Venture,Tanker,under way using engine
538009876,2021-05-20T11:10:00Z,6.12613,79.92217,11.1,106.7,106.7,MV Ocean Venture,Tanker,under way using engine
538009876,2021-05-20T11:20:00Z,6.12112,79.92572,12.0,156.1,156.1,MV Ocean Venture,Tanker,under way using engine
538009876,2021-05-20T11:30:00Z,6.1161,79.92927,14.4,164.7,164.7,MV Ocean Venture,Tanker,under way using engine
538009876,2021-05-20T11:40:00Z,6.11109,79.93282,10.6,320.4,320.4,MV Ocean Venture,Tanker,under way using engine
538009876,2021-05-20T11:50:00Z,6.10607,79.93638,9.5,315.8,315.8,MV Ocean Venture,Tanker,under way using engine
538009876,2021-05-20T12:00:00Z,6.10106,79.93993,11.9,359.0,359.0,MV Ocean Venture,Tanker,under way using engine
538009876,2021-05-20T12:10:00Z,6.09604,79.94348,12.6,99.2,99.2,MV Ocean Venture,Tanker,under way using engine
538009876,2021-05-20T12:20:00Z,6.09103,79.94703,9.8,115.1,115.1,MV Ocean Venture,Tanker,under way using engine
538009876,2021-05-20T12:30:00Z,6.08601,79.95058,12.1,182.6,182.6,MV Ocean Venture,Tanker,under way using engine
538009876,2021-05-20T12:40:00Z,6.081,79.95413,10.6,198.7,198.7,MV Ocean Venture,Tanker,under way using engine
538009876,2021-05-20T12:50:00Z,6.07598,79.95768,13.2,28.5,28.5,MV Ocean Venture,Tanker,under way using engine
538009876,2021-05-20T13:00:00Z,6.07097,79.96123,14.5,75.2,75.2,MV Ocean Venture,Tanker,under way using engine
538009876,2021-05-20T13:10:00Z,6.06595,79.96478,12.1,276.4,276.4,MV Ocean Venture,Tanker,under way using engine
538009876,2021-05-20T13:20:00Z,6.06094,79.96833,12.4,47.7,47.7,MV Ocean Venture,Tanker,under way using engine
538009876,2021-05-20T13:30:00Z,6.05592,79.97188,12.1,74.3,74.3,MV Ocean Venture,Tanker,under way using engine
538009876,2021-05-20T13:40:00Z,6.05091,79.97543,13.5,276.3,276.3,MV Ocean Venture,Tanker,under way using engine
538009876,2021-05-20T13:50:00Z,6.04589,79.97899,11.4,131.5,131.5,MV Ocean Venture,Tanker,under way using engine
538009876,2021-05-20T14:00:00Z,6.04088,79.98254,14.2,254.0,254.0,MV Ocean Venture,Tanker,under way using engine
538009876,2021-05-20T14:10:00Z,6.03586,79.98609,14.2,8.4,8.4,MV Ocean Venture,Tanker,under way using engine
538009876,2021-05-20T14:20:00Z,6.03085,79.98964,12.6,340.3,340.3,MV Ocean Venture,Tanker,under way using engine
538009876,2021-05-20T14:30:00Z,6.02583,79.99319,14.5,164.6,164.6,MV Ocean Venture,Tanker,under way using engine
538009876,2021-05-20T14:40:00Z,6.02081,79.99674,9.3,13.2,13.2,MV Ocean Venture,Tanker,under way using engine
538009876,2021-05-20T14:50:00Z,6.0158,80.00029,11.1,38.7,38.7,MV Ocean Venture,Tanker,under way using engine
538009876,2021-05-20T15:00:00Z,6.01078,80.00384,14.3,134.2,134.2,MV Ocean Venture,Tanker,under way using engine
538009876,2021-05-20T15:10:00Z,6.00577,80.00739,10.8,206.3,206.3,MV Ocean Venture,Tanker,under way using engine
538009876,2021-05-20T15:20:00Z,6.00075,80.01094,13.2,68.8,68.8,MV Ocean Venture,Tanker,under way using engine
538009876,2021-05-20T15:30:00Z,5.99574,80.01449,9.0,251.4,251.4,MV Ocean Venture,Tanker,under way using engine
538009876,2021-05-20T15:40:00Z,5.99072,80.01804,10.0,183.1,183.1,MV Ocean Venture,Tanker,under way using engine
538009876,2021-05-20T15:50:00Z,5.98571,80.0216,9.2,355.1,355.1,MV Ocean Venture,Tanker,under way using engine
538009876,2021-05-20T16:00:00Z,5.98069,80.02515,14.8,50.6,50.6,MV Ocean Venture,Tanker,under way using engine
538009876,2021-05-20T16:10:00Z,5.97568,80.0287,10.5,247.4,247.4,MV Ocean Venture,Tanker,under way using engine
538009876,2021-05-20T16:20:00Z,5.97066,80.03225,13.7,247.0,247.0,MV Ocean Venture,Tanker,under way using engine
538009876,2021-05-20T16:30:00Z,5.96565,80.0358,10.5,204.4,204.4,MV Ocean Venture,Tanker,under way using engine
538009876,2021-05-20T16:40:00Z,5.96063,80.03935,12.9,203.5,203.5,MV Ocean Venture,Tanker,under way using engine
538009876,2021-05-20T16:50:00Z,5.95562,80.0429,14.1,236.8,236.8,MV Ocean Venture,Tanker,under way using engine
538009876,2021-05-20T17:00:00Z,5.9506,80.04645,9.4,278.4,278.4,MV Ocean Venture,Tanker,under way using engine
538009876,2021-05-20T17:10:00Z,5.94559,80.05,11.3,209.7,209.7,MV Ocean Venture,Tanker,under way using engine
538009876,2021-05-20T17:20:00Z,5.94057,80.05355,11.4,133.2,133.2,MV Ocean Venture,Tanker,under way using engine
538009876,2021-05-20T17:30:00Z,5.93556,80.0571,12.8,289.4,289.4,MV Ocean Venture,Tanker,under way using engine
538009876,2021-05-20T17:40:00Z,5.93054,80.06066,14.7,287.6,287.6,MV Ocean Venture,Tanker,under way using engine
538009876,2021-05-20T17:50:00Z,5.92553,80.06421,11.3,32.4,32.4,MV Ocean Venture,Tanker,under way using engine
538009876,2021-05-20T18:00:00Z,5.92051,80.06776,11.3,293.7,293.7,MV Ocean Venture,Tanker,under way using engine
538009876,2021-05-20T18:10:00Z,5.9155,80.07131,13.3,302.1,302.1,MV Ocean Venture,Tanker,under way using engine
538009876,2021-05-20T18:20:00Z,5.91048,80.07486,12.0,12.2,12.2,MV Ocean Venture,Tanker,under way using engine
538009876,2021-05-20T18:30:00Z,5.90547,80.07841,12.0,199.7,199.7,MV Ocean Venture,Tanker,under way using engine
538009876,2021-05-20T18:40:00Z,5.90045,80.08196,8.9,64.3,64.3,MV Ocean Venture,Tanker,under way using engine
538009876,2021-05-20T18:50:00Z,5.89544,80.08551,11.6,46.8,46.8,MV Ocean Venture,Tanker,under way using engine
538009876,2021-05-20T19:00:00Z,5.89042,80.08906,14.6,16.8,16.8,MV Ocean Venture,Tanker,under way using engine
538009876,2021-05-20T19:10:00Z,5.88541,80.09261,9.1,285.1,285.1,MV Ocean Venture,Tanker,under way using engine
538009876,2021-05-20T19:20:00Z,5.88039,80.09616,9.6,302.6,302.6,MV Ocean Venture,Tanker,under way using engine
538009876,2021-05-20T19:30:00Z,5.87538,80.09971,14.5,26.7,26.7,MV Ocean Venture,Tanker,under way using engine
538009876,2021-05-20T19:40:00Z,5.87036,80.10327,10.1,259.1,259.1,MV Ocean Venture,Tanker,under way using engine
538009876,2021-05-20T19:50:00Z,5.86535,80.10682,14.6,350.1,350.1,MV Ocean Venture,Tanker,under way using engine
538009876,2021-05-20T20:00:00Z,5.86033,80.11037,14.7,62.2,62.2,MV Ocean Venture,Tanker,under way using engine
538009876,2021-05-20T20:10:00Z,5.85532,80.11392,14.6,240.1,240.1,MV Ocean Venture,Tanker,under way using engine
538009876,2021-05-20T20:20:00Z,5.8503,80.11747,14.5,258.2,258.2,MV Ocean Venture,Tanker,under way using engine
538009876,2021-05-20T20:30:00Z,5.84529,80.12102,13.5,167.4,167.4,MV Ocean Venture,Tanker,under way using engine
538009876,2021-05-20T20:40:00Z,5.84027,80.12457,13.3,247.1,247.1,MV Ocean Venture,Tanker,under way using engine
538009876,2021-05-20T20:50:00Z,5.83526,80.12812,8.4,12.1,12.1,MV Ocean Venture,Tanker,under way using engine
538009876,2021-05-20T21:00:00Z,5.83024,80.13167,12.8,134.7,134.7,MV Ocean Venture,Tanker,under way using engine
538009876,2021-05-20T21:10:00Z,5.82523,80.13522,8.5,315.9,315.9,MV Ocean Venture,Tanker,under way using engine
538009876,2021-05-20T21:20:00Z,5.82021,80.13877,13.7,240.4,240.4,MV Ocean Venture,Tanker,under way using engine
538009876,2021-05-20T21:30:00Z,5.8152,80.14232,8.0,333.6,333.6,MV Ocean Venture,Tanker,under way using engine
538009876,2021-05-20T21:40:00Z,5.81018,80.14588,11.3,65.1,65.1,MV Ocean Venture,Tanker,under way using engine
538009876,2021-05-20T21:50:00Z,5.80517,80.14943,9.5,316.5,316.5,MV Ocean Venture,Tanker,under way using engine
538009876,2021-05-20T22:00:00Z,5.80015,80.15298,9.8,63.5,63.5,MV Ocean Venture,Tanker,under way using engine
538009876,2021-05-20T22:10:00Z,5.79514,80.15653,9.7,268.3,268.3,MV Ocean Venture,Tanker,under way using engine
538009876,2021-05-20T22:20:00Z,5.79012,80.16008,13.2,101.6,101.6,MV Ocean Venture,Tanker,under way using engine
538009876,2021-05-20T22:30:00Z,5.78511,80.16363,14.3,285.8,285.8,MV Ocean Venture,Tanker,under way using engine
538009876,2021-05-20T22:40:00Z,5.78009,80.16718,13.1,340.5,340.5,MV Ocean Venture,Tanker,under way using engine
538009876,2021-05-20T22:50:00Z,5.77508,80.17073,14.8,125.5,125.5,MV Ocean Venture,Tanker,under way using engine
538009876,2021-05-20T23:00:00Z,5.77006,80.17428,8.6,12.6,12.6,MV Ocean Venture,Tanker,under way using engine
538009876,2021-05-20T23:10:00Z,5.76505,80.17783,13.1,147.4,147.4,MV Ocean Venture,Tanker,under way using engine
538009876,2021-05-20T23:20:00Z,5.76003,80.18138,10.6,157.0,157.0,MV Ocean Venture,Tanker,under way using engine
538009876,2021-05-20T23:30:00Z,5.75502,80.18493,9.4,109.6,109.6,MV Ocean Venture,Tanker,under way using engine
538009876,2021-05-20T23:40:00Z,5.75,80.18849,14.4,147.6,147.6,MV Ocean Venture,Tanker,under way using engine
538009876,2021-05-20T23:50:00Z,5.74499,80.19204,9.9,122.6,122.6,MV Ocean Venture,Tanker,under way using engine
538009876,2021-05-21T00:00:00Z,5.73997,80.19559,13.5,136.9,136.9,MV Ocean Venture,Tanker,under way using engine
538009876,2021-05-21T00:10:00Z,5.73496,80.19914,14.7,29.0,29.0,MV Ocean Venture,Tanker,under way using engine
538009876,2021-05-21T00:20:00Z,5.72994,80.20269,8.8,347.2,347.2,MV Ocean Venture,Tanker,under way using engine
538009876,2021-05-21T00:30:00Z,5.72493,80.20624,14.9,219.0,219.0,MV Ocean Venture,Tanker,under way using engine
538009876,2021-05-21T00:40:00Z,5.71991,80.20979,14.7,209.0,209.0,MV Ocean Venture,Tanker,under way using engine
538009876,2021-05-21T00:50:00Z,5.7149,80.21334,11.1,104.0,104.0,MV Ocean Venture,Tanker,under way using engine
538009876,2021-05-21T01:00:00Z,5.70988,80.21689,10.0,302.3,302.3,MV Ocean Venture,Tanker,under way using engine
538009876,2021-05-21T01:10:00Z,5.70487,80.22044,12.5,153.1,153.1,MV Ocean Venture,Tanker,under way using engine
538009876,2021-05-21T01:20:00Z,5.69985,80.22399,10.8,323.2,323.2,MV Ocean Venture,Tanker,under way using engine
538009876,2021-05-21T01:30:00Z,5.69484,80.22754,10.4,261.1,261.1,MV Ocean Venture,Tanker,under way using engine
538009876,2021-05-21T01:40:00Z,5.68982,80.2311,14.7,353.1,353.1,MV Ocean Venture,Tanker,under way using engine
538009876,2021-05-21T01:50:00Z,5.68481,80.23465,10.8,338.3,338.3,MV Ocean Venture,Tanker,under way using engine
538009876,2021-05-21T02:00:00Z,5.67979,80.2382,10.7,304.5,304.5,MV Ocean Venture,Tanker,under way using engine
538009876,2021-05-21T02:10:00Z,5.67478,80.24175,14.5,348.4,348.4,MV Ocean Venture,Tanker,under way using engine
538009876,2021-05-21T02:20:00Z,5.66976,80.2453,14.8,256.4,256.4,MV Ocean Venture,Tanker,under way using engine
538009876,2021-05-21T02:30:00Z,5.66475,80.24885,8.8,307.4,307.4,MV Ocean Venture,Tanker,under way using engine
538009876,2021-05-21T02:40:00Z,5.65973,80.2524,9.7,21.3,21.3,MV Ocean Venture,Tanker,under way using engine
538009876,2021-05-21T02:50:00Z,5.65472,80.25595,14.5,128.4,128.4,MV Ocean Venture,Tanker,under way using engine
538009876,2021-05-21T03:00:00Z,5.6497,80.2595,14.6,290.9,290.9,MV Ocean Venture,Tanker,under way using engine
538009876,2021-05-21T03:10:00Z,5.64469,80.26305,9.0,253.5,253.5,MV Ocean Venture,Tanker,under way using engine
538009876,2021-05-21T03:20:00Z,5.63967,80.2666,8.7,59.2,59.2,MV Ocean Venture,Tanker,under way using engine
538009876,2021-05-21T03:30:00Z,5.63466,80.27016,12.2,304.3,304.3,MV Ocean Venture,Tanker,under way using engine
538009876,2021-05-21T03:40:00Z,5.62964,80.27371,10.9,201.8,201.8,MV Ocean Venture,Tanker,under way using engine
538009876,2021-05-21T03:50:00Z,5.62463,80.27726,13.6,50.3,50.3,MV Ocean Venture,Tanker,under way using engine
538009876,2021-05-21T04:00:00Z,5.61961,80.28081,13.9,104.3,104.3,MV Ocean Venture,Tanker,under way using engine
538009876,2021-05-21T04:10:00Z,5.6146,80.28436,8.3,202.1,202.1,MV Ocean Venture,Tanker,under way using engine
538009876,2021-05-21T04:20:00Z,5.60958,80.28791,12.0,177.7,177.7,MV Ocean Venture,Tanker,under way using engine
538009876,2021-05-21T04:30:00Z,5.60457,80.29146,11.5,279.1,279.1,MV Ocean Venture,Tanker,under way using engine
538009876,2021-05-21T04:40:00Z,5.59955,80.29501,12.2,147.6,147.6,MV Ocean Venture,Tanker,under way using engine
538009876,2021-05-21T04:50:00Z,5.59454,80.29856,14.5,302.5,302.5,MV Ocean Venture,Tanker,under way using engine
538009876,2021-05-21T05:00:00Z,5.58952,80.30211,13.7,210.6,210.6,MV Ocean Venture,Tanker,under way using engine
538009876,2021-05-21T05:10:00Z,5.58451,80.30566,10.1,138.6,138.6,MV Ocean Venture,Tanker,under way using engine
538009876,2021-05-21T05:20:00Z,5.57949,80.30921,12.5,26.3,26.3,MV Ocean Venture,Tanker,under way using engine
538009876,2021-05-21T05:30:00Z,5.57448,80.31277,13.7,129.8,129.8,MV Ocean Venture,Tanker,under way using engine
538009876,2021-05-21T05:40:00Z,5.56946,80.31632,10.1,355.9,355.9,MV Ocean Venture,Tanker,under way using engine
538009876,2021-05-21T05:50:00Z,5.56445,80.31987,13.2,94.2,94.2,MV Ocean Venture,Tanker,under way using engine
538009876,2021-05-21T06:00:00Z,5.55943,80.32342,12.9,0.4,0.4,MV Ocean Venture,Tanker,under way using engine
538009876,2021-05-21T06:10:00Z,5.55442,80.32697,9.1,317.3,317.3,MV Ocean Venture,Tanker,under way using engine
538009876,2021-05-21T06:20:00Z,5.5494,80.33052,11.0,293.6,293.6,MV Ocean Venture,Tanker,under way using engine
538009876,2021-05-21T06:30:00Z,5.54439,80.33407,9.1,207.5,207.5,MV Ocean Venture,Tanker,under way using engine
538009876,2021-05-21T06:40:00Z,5.53937,80.33762,14.6,338.7,338.7,MV Ocean Venture,Tanker,under way using engine
538009876,2021-05-21T06:50:00Z,5.53436,80.34117,9.9,212.2,212.2,MV Ocean Venture,Tanker,under way using engine
538009876,2021-05-21T07:00:00Z,5.52934,80.34472,13.1,73.9,73.9,MV Ocean Venture,Tanker,under way using engine
538009876,2021-05-21T07:10:00Z,5.52433,80.34827,12.1,104.4,104.4,MV Ocean Venture,Tanker,under way using engine
538009876,2021-05-21T07:20:00Z,5.51931,80.35182,12.1,32.5,32.5,MV Ocean Venture,Tanker,under way using engine
538009876,2021-05-21T07:30:00Z,5.5143,80.35538,13.6,118.5,118.5,MV Ocean Venture,Tanker,under way using engine
538009876,2021-05-21T07:40:00Z,5.50928,80.35893,8.8,177.5,177.5,MV Ocean Venture,Tanker,under way using engine
538009876,2021-05-21T07:50:00Z,5.50427,80.36248,11.1,5.2,5.2,MV Ocean Venture,Tanker,under way using engine
538009876,2021-05-21T08:00:00Z,5.49925,80.36603,11.7,4.4,4.4,MV Ocean Venture,Tanker,under way using engine
538009876,2021-05-21T08:10:00Z,5.49424,80.36958,14.1,293.9,293.9,MV Ocean Venture,Tanker,under way using engine
538009876,2021-05-21T08:20:00Z,5.48922,80.37313,8.3,239.6,239.6,MV Ocean Venture,Tanker,under way using engine
538009876,2021-05-21T08:30:00Z,5.48421,80.37668,10.0,224.7,224.7,MV Ocean Venture,Tanker,under way using engine
538009876,2021-05-21T08:40:00Z,5.47919,80.38023,11.2,60.5,60.5,MV Ocean Venture,Tanker,under way using engine
538009876,2021-05-21T08:50:00Z,5.47418,80.38378,9.1,28.1,28.1,MV Ocean Venture,Tanker,under way using engine
538009876,2021-05-21T09:00:00Z,5.46916,80.38733,14.5,184.7,184.7,MV Ocean Venture,Tanker,under way using engine
538009876,2021-05-21T09:10:00Z,5.46415,80.39088,8.1,304.1,304.1,MV Ocean Venture,Tanker,under way using engine
538009876,2021-05-21T09:20:00Z,5.45913,80.39443,14.2,62.1,62.1,MV Ocean Venture,Tanker,under way using engine
538009876,2021-05-21T09:30:00Z,5.45412,80.39799,9.8,194.3,194.3,MV Ocean Venture,Tanker,under way using engine
538009876,2021-05-21T09:40:00Z,5.4491,80.40154,8.5,279.2,279.2,MV Ocean Venture,Tanker,under way using engine
538009876,2021-05-21T09:50:00Z,5.44409,80.40509,14.5,1.0,1.0,MV Ocean Venture,Tanker,under way using engine
538009876,2021-05-21T10:00:00Z,5.43907,80.40864,9.0,97.4,97.4,MV Ocean Venture,Tanker,under way using engine
538009876,2021-05-21T10:10:00Z,5.43406,80.41219,13.0,308.8,308.8,MV Ocean Venture,Tanker,under way using engine
538009876,2021-05-21T10:20:00Z,5.42904,80.41574,14.4,299.4,299.4,MV Ocean Venture,Tanker,under way using engine
538009876,2021-05-21T10:30:00Z,5.42402,80.41929,11.5,260.0,260.0,MV Ocean Venture,Tanker,under way using engine
538009876,2021-05-21T10:40:00Z,5.41901,80.42284,13.9,170.2,170.2,MV Ocean Venture,Tanker,under way using engine
538009876,2021-05-21T10:50:00Z,5.41399,80.42639,9.5,48.8,48.8,MV Ocean Venture,Tanker,under way using engine
538009876,2021-05-21T11:00:00Z,5.40898,80.42994,11.4,218.4,218.4,MV Ocean Venture,Tanker,under way using engine
538009876,2021-05-21T11:10:00Z,5.40396,80.43349,12.5,215.7,215.7,MV Ocean Venture,Tanker,under way using engine
538009876,2021-05-21T11:20:00Z,5.39895,80.43704,10.3,80.9,80.9,MV Ocean Venture,Tanker,under way using engine
538009876,2021-05-21T11:30:00Z,5.39393,80.4406,11.0,357.2,357.2,MV Ocean Venture,Tanker,under way using engine
538009876,2021-05-21T11:40:00Z,5.38892,80.44415,14.0,289.3,289.3,MV Ocean Venture,Tanker,under way using engine
538009876,2021-05-21T11:50:00Z,5.3839,80.4477,11.1,240.1,240.1,MV Ocean Venture,Tanker,under way using engine
538009876,2021-05-21T12:00:00Z,5.37889,80.45125,14.3,215.6,215.6,MV Ocean Venture,Tanker,under way using engine
538009876,2021-05-21T12:10:00Z,5.37387,80.4548,12.3,313.6,313.6,MV Ocean Venture,Tanker,under way using engine
538009876,2021-05-21T12:20:00Z,5.36886,80.45835,11.8,104.1,104.1,MV Ocean Venture,Tanker,under way using engine
538009876,2021-05-21T12:30:00Z,5.36384,80.4619,10.1,249.9,249.9,MV Ocean Venture,Tanker,under way using engine
538009876,2021-05-21T12:40:00Z,5.35883,80.46545,12.6,261.6,261.6,MV Ocean Venture,Tanker,under way using engine
538009876,2021-05-21T12:50:00Z,5.35381,80.469,14.6,322.0,322.0,MV Ocean Venture,Tanker,under way using engine
538009876,2021-05-21T13:00:00Z,5.3488,80.47255,13.7,98.1,98.1,MV Ocean Venture,Tanker,under way using engine
538009876,2021-05-21T13:10:00Z,5.34378,80.4761,11.6,210.9,210.9,MV Ocean Venture,Tanker,under way using engine
538009876,2021-05-21T13:20:00Z,5.33877,80.47966,13.1,166.6,166.6,MV Ocean Venture,Tanker,under way using engine
538009876,2021-05-21T13:30:00Z,5.33375,80.48321,14.9,278.6,278.6,MV Ocean Venture,Tanker,under way using engine
538009876,2021-05-21T13:40:00Z,5.32874,80.48676,9.6,101.8,101.8,MV Ocean Venture,Tanker,under way using engine
538009876,2021-05-21T13:50:00Z,5.32372,80.49031,13.3,269.6,269.6,MV Ocean Venture,Tanker,under way using engine
538009876,2021-05-21T14:00:00Z,5.31871,80.49386,10.6,200.9,200.9,MV Ocean Venture,Tanker,under way using engine
538009876,2021-05-21T14:10:00Z,5.31369,80.49741,14.7,258.4,258.4,MV Ocean Venture,Tanker,under way using engine
538009876,2021-05-21T14:20:00Z,5.30868,80.50096,13.8,287.5,287.5,MV Ocean Venture,Tanker,under way using engine
538009876,2021-05-21T14:30:00Z,5.30366,80.50451,14.2,274.2,274.2,MV Ocean Venture,Tanker,under way using engine
538009876,2021-05-21T14:40:00Z,5.29865,80.50806,14.9,161.4,161.4,MV Ocean Venture,Tanker,under way using engine
538009876,2021-05-21T14:50:00Z,5.29363,80.51161,13.8,129.3,129.3,MV Ocean Venture,Tanker,under way using engine
538009876,2021-05-21T15:00:00Z,5.28862,80.51516,14.3,34.4,34.4,MV Ocean Venture,Tanker,under way using engine
538009876,2021-05-21T15:10:00Z,5.2836,80.51871,12.3,331.1,331.1,MV Ocean Venture,Tanker,under way using engine
538009876,2021-05-21T15:20:00Z,5.27859,80.52227,14.7,81.0,81.0,MV Ocean Venture,Tanker,under way using engine
538009876,2021-05-21T15:30:00Z,5.27357,80.52582,10.9,34.4,34.4,MV Ocean Venture,Tanker,under way using engine
538009876,2021-05-21T15:40:00Z,5.26856,80.52937,14.9,64.7,64.7,MV Ocean Venture,Tanker,under way using engine
538009876,2021-05-21T15:50:00Z,5.26354,80.53292,10.1,208.0,208.0,MV Ocean Venture,Tanker,under way using engine
538009876,2021-05-21T16:00:00Z,5.25853,80.53647,11.9,303.5,303.5,MV Ocean Venture,Tanker,under way using engine
538009876,2021-05-21T16:10:00Z,5.25351,80.54002,13.7,198.3,198.3,MV Ocean Venture,Tanker,under way using engine
538009876,2021-05-21T16:20:00Z,5.2485,80.54357,8.2,173.0,173.0,MV Ocean Venture,Tanker,under way using engine
538009876,2021-05-21T16:30:00Z,5.24348,80.54712,10.6,202.2,202.2,MV Ocean Venture,Tanker,under way using engine
538009876,2021-05-21T16:40:00Z,5.23847,80.55067,15.0,295.4,295.4,MV Ocean Venture,Tanker,under way using engine
538009876,2021-05-21T16:50:00Z,5.23345,80.55422,12.2,139.8,139.8,MV Ocean Venture,Tanker,under way using engine
538009876,2021-05-21T17:00:00Z,5.22844,80.55777,10.7,310.4,310.4,MV Ocean Venture,Tanker,under way using engine
538009876,2021-05-21T17:10:00Z,5.22342,80.56132,13.3,130.3,130.3,MV Ocean Venture,Tanker,under way using engine
538009876,2021-05-21T17:20:00Z,5.21841,80.56488,11.0,109.5,109.5,MV Ocean Venture,Tanker,under way using engine
538009876,2021-05-21T17:30:00Z,5.21339,80.56843,11.4,24.6,24.6,MV Ocean Venture,Tanker,under way using engine
538009876,2021-05-21T17:40:00Z,5.20838,80.57198,9.5,145.8,145.8,MV Ocean Venture,Tanker,under way using engine
538009876,2021-05-21T17:50:00Z,5.20336,80.57553,14.8,123.6,123.6,MV Ocean Venture,Tanker,under way using engine
538009876,2021-05-21T18:00:00Z,5.19835,80.57908,8.4,200.4,200.4,MV Ocean Venture,Tanker,under way using engine
538009876,2021-05-21T18:10:00Z,5.19333,80.58263,9.9,0.3,0.3,MV Ocean Venture,Tanker,under way using engine
538009876,2021-05-21T18:20:00Z,5.18832,80.58618,9.4,336.1,336.1,MV Ocean Venture,Tanker,under way using engine
538009876,2021-05-21T18:30:00Z,5.1833,80.58973,11.6,124.4,124.4,MV Ocean Venture,Tanker,under way using engine
538009876,2021-05-21T18:40:00Z,5.17829,80.59328,13.6,65.7,65.7,MV Ocean Venture,Tanker,under way using engine
538009876,2021-05-21T18:50:00Z,5.17327,80.59683,8.7,126.9,126.9,MV Ocean Venture,Tanker,under way using engine
538009876,2021-05-21T19:00:00Z,5.16826,80.60038,11.5,117.5,117.5,MV Ocean Venture,Tanker,under way using engine
538009876,2021-05-21T19:10:00Z,5.16324,80.60393,10.9,248.3,248.3,MV Ocean Venture,Tanker,under way using engine
538009876,2021-05-21T19:20:00Z,5.15823,80.60749,13.4,252.1,252.1,MV Ocean Venture,Tanker,under way using engine
538009876,2021-05-21T19:30:00Z,5.15321,80.61104,11.7,171.4,171.4,MV Ocean Venture,Tanker,under way using engine
538009876,2021-05-21T19:40:00Z,5.1482,80.61459,11.3,213.5,213.5,MV Ocean Venture,Tanker,under way using engine
538009876,2021-05-21T19:50:00Z,5.14318,80.61814,11.3,328.3,328.3,MV Ocean Venture,Tanker,under way using engine
538009876,2021-05-21T20:00:00Z,5.13817,80.62169,11.7,29.7,29.7,MV Ocean Venture,Tanker,under way using engine
538009876,2021-05-21T20:10:00Z,5.13315,80.62524,8.5,219.3,219.3,MV Ocean Venture,Tanker,under way using engine
538009876,2021-05-21T20:20:00Z,5.12814,80.62879,10.6,252.4,252.4,MV Ocean Venture,Tanker,under way using engine
538009876,2021-05-21T20:30:00Z,5.12312,80.63234,12.7,98.4,98.4,MV Ocean Venture,Tanker,under way using engine
538009876,2021-05-21T20:40:00Z,5.11811,80.63589,12.7,117.2,117.2,MV Ocean Venture,Tanker,under way using engine
538009876,2021-05-21T20:50:00Z,5.11309,80.63944,9.5,207.7,207.7,MV Ocean Venture,Tanker,under way using engine
538009876,2021-05-21T21:00:00Z,5.10808,80.64299,8.8,252.4,252.4,MV Ocean Venture,Tanker,under way using engine
538009876,2021-05-21T21:10:00Z,5.10306,80.64654,12.3,27.3,27.3,MV Ocean Venture,Tanker,under way using engine
538009876,2021-05-21T21:20:00Z,5.09805,80.6501,8.7,284.3,284.3,MV Ocean Venture,Tanker,under way using engine
538009876,2021-05-21T21:30:00Z,5.09303,80.65365,10.0,142.8,142.8,MV Ocean Venture,Tanker,under way using engine
538009876,2021-05-21T21:40:00Z,5.08802,80.6572,12.2,150.9,150.9,MV Ocean Venture,Tanker,under way using engine
538009876,2021-05-21T21:50:00Z,5.083,80.66075,10.9,175.0,175.0,MV Ocean Venture,Tanker,under way using engine
538009876,2021-05-21T22:00:00Z,5.07799,80.6643,8.2,247.6,247.6,MV Ocean Venture,Tanker,under way using engine
538009876,2021-05-21T22:10:00Z,5.07297,80.66785,13.8,295.6,295.6,MV Ocean Venture,Tanker,under way using engine
538009876,2021-05-21T22:20:00Z,5.06796,80.6714,8.2,208.9,208.9,MV Ocean Venture,Tanker,under way using engine
538009876,2021-05-21T22:30:00Z,5.06294,80.67495,14.2,198.8,198.8,MV Ocean Venture,Tanker,under way using engine
538009876,2021-05-21T22:40:00Z,5.05793,80.6785,8.0,293.0,293.0,MV Ocean Venture,Tanker,under way using engine
538009876,2021-05-21T22:50:00Z,5.05291,80.68205,12.7,26.4,26.4,MV Ocean Venture,Tanker,under way using engine
538009876,2021-05-21T23:00:00Z,5.0479,80.6856,10.6,80.0,80.0,MV Ocean Venture,Tanker,under way using engine
538009876,2021-05-21T23:10:00Z,5.04288,80.68915,10.3,154.4,154.4,MV Ocean Venture,Tanker,under way using engine
538009876,2021-05-21T23:20:00Z,5.03787,80.69271,10.6,79.4,79.4,MV Ocean Venture,Tanker,under way using engine
538009876,2021-05-21T23:30:00Z,5.03285,80.69626,9.7,36.2,36.2,MV Ocean Venture,Tanker,under way using engine
538009876,2021-05-21T23:40:00Z,5.02784,80.69981,13.2,17.4,17.4,MV Ocean Venture,Tanker,under way using engine
538009876,2021-05-21T23:50:00Z,5.02282,80.70336,14.5,108.1,108.1,MV Ocean Venture,Tanker,under way using engine
538009876,2021-05-22T00:00:00Z,5.01781,80.70691,11.1,202.2,202.2,MV Ocean Venture,Tanker,under way using engine
477005678,2021-05-19T00:00:00Z,6.63082,79.69806,11.1,37.0,37.0,MV Eastern Dragon,Container,under way using engine
477005678,2021-05-19T00:10:00Z,6.62565,79.70085,11.5,24.0,24.0,MV Eastern Dragon,Container,under way using engine
477005678,2021-05-19T00:20:00Z,6.62048,79.70364,14.7,219.3,219.3,MV Eastern Dragon,Container,under way using engine
477005678,2021-05-19T00:30:00Z,6.61532,79.70643,12.0,229.3,229.3,MV Eastern Dragon,Container,under way using engine
477005678,2021-05-19T00:40:00Z,6.61015,79.70922,8.8,107.1,107.1,MV Eastern Dragon,Container,under way using engine
477005678,2021-05-19T00:50:00Z,6.60498,79.71201,11.0,315.6,315.6,MV Eastern Dragon,Container,under way using engine
477005678,2021-05-19T01:00:00Z,6.59982,79.7148,9.5,280.0,280.0,MV Eastern Dragon,Container,under way using engine
477005678,2021-05-19T01:10:00Z,6.59465,79.71759,9.6,308.6,308.6,MV Eastern Dragon,Container,under way using engine
477005678,2021-05-19T01:20:00Z,6.58948,79.72038,9.9,67.7,67.7,MV Eastern Dragon,Container,under way using engine
477005678,2021-05-19T01:30:00Z,6.58432,79.72317,14.7,303.9,303.9,MV Eastern Dragon,Container,under way using engine
477005678,2021-05-19T01:40:00Z,6.57915,79.72596,13.8,292.1,292.1,MV Eastern Dragon,Container,under way using engine
477005678,2021-05-19T01:50:00Z,6.57398,79.72875,10.4,294.5,294.5,MV Eastern Dragon,Container,under way using engine
477005678,2021-05-19T02:00:00Z,6.56882,79.73154,13.0,315.1,315.1,MV Eastern Dragon,Container,under way using engine
477005678,2021-05-19T02:10:00Z,6.56365,79.73433,11.5,252.3,252.3,MV Eastern Dragon,Container,under way using engine
477005678,2021-05-19T02:20:00Z,6.55848,79.73712,14.9,251.6,251.6,MV Eastern Dragon,Container,under way using engine
477005678,2021-05-19T02:30:00Z,6.55332,79.73991,14.8,350.0,350.0,MV Eastern Dragon,Container,under way using engine
477005678,2021-05-19T02:40:00Z,6.54815,79.74271,11.5,202.2,202.2,MV Eastern Dragon,Container,under way using engine
477005678,2021-05-19T02:50:00Z,6.54298,79.7455,12.8,26.4,26.4,MV Eastern Dragon,Container,under way using engine
477005678,2021-05-19T03:00:00Z,6.53781,79.74829,11.7,302.4,302.4,MV Eastern Dragon,Container,under way using engine
477005678,2021-05-19T03:10:00Z,6.53265,79.75108,13.6,102.1,102.1,MV Eastern Dragon,Container,under way using engine
477005678,2021-05-19T03:20:00Z,6.52748,79.75387,9.2,254.0,254.0,MV Eastern Dragon,Container,under way using engine
477005678,2021-05-19T03:30:00Z,6.52231,79.75666,12.8,123.5,123.5,MV Eastern Dragon,Container,under way using engine
477005678,2021-05-19T03:40:00Z,6.51715,79.75945,13.1,330.4,330.4,MV Eastern Dragon,Container,under way using engine
477005678,2021-05-19T03:50:00Z,6.51198,79.76224,8.4,104.2,104.2,MV Eastern Dragon,Container,under way using engine
477005678,2021-05-19T04:00:00Z,6.50681,79.76503,11.2,53.9,53.9,MV Eastern Dragon,Container,under way using engine
477005678,2021-05-19T04:10:00Z,6.50165,79.76782,10.1,125.4,125.4,MV Eastern Dragon,Container,under way using engine
477005678,2021-05-19T04:20:00Z,6.49648,79.77061,11.3,282.4,282.4,MV Eastern Dragon,Container,under way using engine
477005678,2021-05-19T04:30:00Z,6.49131,79.7734,12.9,303.7,303.7,MV Eastern Dragon,Container,under way using engine
477005678,2021-05-19T04:40:00Z,6.48615,79.77619,13.0,204.1,204.1,MV Eastern Dragon,Container,under way using engine
477005678,2021-05-19T04:50:00Z,6.48098,79.77898,11.7,334.6,334.6,MV Eastern Dragon,Container,under way using engine
477005678,2021-05-19T05:00:00Z,6.47581,79.78177,9.3,262.8,262.8,MV Eastern Dragon,Container,under way using engine
477005678,2021-05-19T05:10:00Z,6.47065,79.78456,13.0,318.1,318.1,MV Eastern Dragon,Container,under way using engine
477005678,2021-05-19T05:20:00Z,6.46548,79.78735,8.7,299.9,299.9,MV Eastern Dragon,Container,under way using engine
477005678,2021-05-19T05:30:00Z,6.46031,79.79014,13.4,291.5,291.5,MV Eastern Dragon,Container,under way using engine
477005678,2021-05-19T05:40:00Z,6.45515,79.79293,13.8,349.2,349.2,MV Eastern Dragon,Container,under way using engine
477005678,2021-05-19T05:50:00Z,6.44998,79.79572,13.0,7.1,7.1,MV Eastern Dragon,Container,under way using engine
477005678,2021-05-19T06:00:00Z,6.44481,79.79851,13.8,224.4,224.4,MV Eastern Dragon,Container,under way using engine
477005678,2021-05-19T06:10:00Z,6.43965,79.8013,14.1,283.0,283.0,MV Eastern Dragon,Container,under way using engine
477005678,2021-05-19T06:20:00Z,6.43448,79.80409,13.1,281.3,281.3,MV Eastern Dragon,Container,under way using engine
477005678,2021-05-19T06:30:00Z,6.42931,79.80688,12.0,189.4,189.4,MV Eastern Dragon,Container,under way using engine
477005678,2021-05-19T06:40:00Z,6.42415,79.80967,11.3,116.3,116.3,MV Eastern Dragon,Container,under way using engine
477005678,2021-05-19T06:50:00Z,6.41898,79.81246,9.9,108.7,108.7,MV Eastern Dragon,Container,under way using engine
477005678,2021-05-19T07:00:00Z,6.41381,79.81525,8.6,113.9,113.9,MV Eastern Dragon,Container,under way using engine
477005678,2021-05-19T07:10:00Z,6.40864,79.81805,9.8,259.1,259.1,MV Eastern Dragon,Container,under way using engine
477005678,2021-05-19T07:20:00Z,6.40348,79.82084,9.1,179.1,179.1,MV Eastern Dragon,Container,under way using engine
477005678,2021-05-19T07:30:00Z,6.39831,79.82363,14.6,85.1,85.1,MV Eastern Dragon,Container,under way using engine
477005678,2021-05-19T07:40:00Z,6.39314,79.82642,9.7,60.1,60.1,MV Eastern Dragon,Container,under way using engine
477005678,2021-05-19T07:50:00Z,6.38798,79.82921,8.6,338.6,338.6,MV Eastern Dragon,Container,under way using engine
477005678,2021-05-19T08:00:00Z,6.38281,79.832,9.7,242.2,242.2,MV Eastern Dragon,Container,under way using engine
477005678,2021-05-19T08:10:00Z,6.37764,79.83479,12.3,41.2,41.2,MV Eastern Dragon,Container,under way using engine
477005678,2021-05-19T08:20:00Z,6.37248,79.83758,13.3,157.3,157.3,MV Eastern Dragon,Container,under way using engine
477005678,2021-05-19T08:30:00Z,6.36731,79.84037,10.9,73.8,73.8,MV Eastern Dragon,Container,under way using engine
477005678,2021-05-19T08:40:00Z,6.36214,79.84316,12.2,0.2,0.2,MV Eastern Dragon,Container,under way using engine
477005678,2021-05-19T08:50:00Z,6.35698,79.84595,10.1,177.3,177.3,MV Eastern Dragon,Container,under way using engine
477005678,2021-05-19T09:00:00Z,6.35181,79.84874,12.8,32.4,32.4,MV Eastern Dragon,Container,under way using engine
477005678,2021-05-19T09:10:00Z,6.34664,79.85153,8.6,286.4,286.4,MV Eastern Dragon,Container,under way using engine
477005678,2021-05-19T09:20:00Z,6.34148,79.85432,13.1,255.8,255.8,MV Eastern Dragon,Container,under way using engine
477005678,2021-05-19T09:30:00Z,6.33631,79.85711,14.1,49.5,49.5,MV Eastern Dragon,Container,under way using engine
477005678,2021-05-19T09:40:00Z,6.33114,79.8599,9.3,82.7,82.7,MV Eastern Dragon,Container,under way using engine
477005678,2021-05-19T09:50:00Z,6.32598,79.86269,12.5,219.7,219.7,MV Eastern Dragon,Container,under way using engine
477005678,2021-05-19T10:00:00Z,6.32081,79.86548,9.9,188.4,188.4,MV Eastern Dragon,Container,under way using engine
477005678,2021-05-19T10:10:00Z,6.31564,79.86827,12.5,273.0,273.0,MV Eastern Dragon,Container,under way using engine
477005678,2021-05-19T10:20:00Z,6.31048,79.87106,13.8,226.5,226.5,MV Eastern Dragon,Container,under way using engine
477005678,2021-05-19T10:30:00Z,6.30531,79.87385,14.0,244.2,244.2,MV Eastern Dragon,Container,under way using engine
477005678,2021-05-19T10:40:00Z,6.30014,79.87664,9.1,36.4,36.4,MV Eastern Dragon,Container,under way using engine
477005678,2021-05-19T10:50:00Z,6.29497,79.87943,14.4,198.7,198.7,MV Eastern Dragon,Container,under way using engine
477005678,2021-05-19T11:00:00Z,6.28981,79.88222,13.6,61.5,61.5,MV Eastern Dragon,Container,under way using engine
477005678,2021-05-19T11:10:00Z,6.28464,79.88501,13.6,118.6,118.6,MV Eastern Dragon,Container,under way using engine
477005678,2021-05-19T11:20:00Z,6.27947,79.8878,12.3,46.7,46.7,MV Eastern Dragon,Container,under way using engine
477005678,2021-05-19T11:30:00Z,6.27431,79.89059,13.2,83.1,83.1,MV Eastern Dragon,Container,under way using engine
477005678,2021-05-19T11:40:00Z,6.26914,79.89339,9.6,46.4,46.4,MV Eastern Dragon,Container,under way using engine
477005678,2021-05-19T11:50:00Z,6.26397,79.89618,11.6,296.8,296.8,MV Eastern Dragon,Container,under way using engine
477005678,2021-05-19T12:00:00Z,6.25881,79.89897,9.3,24.9,24.9,MV Eastern Dragon,Container,under way using engine
477005678,2021-05-19T12:10:00Z,6.25364,79.90176,14.5,177.3,177.3,MV Eastern Dragon,Container,under way using engine
477005678,2021-05-19T12:20:00Z,6.24847,79.90455,9.2,42.8,42.8,MV Eastern Dragon,Container,under way using engine
477005678,2021-05-19T12:30:00Z,6.24331,79.90734,12.8,235.9,235.9,MV Eastern Dragon,Container,under way using engine
477005678,2021-05-19T12:40:00Z,6.23814,79.91013,13.8,202.5,202.5,MV Eastern Dragon,Container,under way using engine
477005678,2021-05-19T12:50:00Z,6.23297,79.91292,14.4,301.4,301.4,MV Eastern Dragon,Container,under way using engine
477005678,2021-05-19T13:00:00Z,6.22781,79.91571,14.4,121.3,121.3,MV Eastern Dragon,Container,under way using engine
477005678,2021-05-19T13:10:00Z,6.22264,79.9185,8.9,298.2,298.2,MV Eastern Dragon,Container,under way using engine
477005678,2021-05-19T13:20:00Z,6.21747,79.92129,11.4,304.4,304.4,MV Eastern Dragon,Container,under way using engine
477005678,2021-05-19T13:30:00Z,6.21231,79.92408,9.7,197.7,197.7,MV Eastern Dragon,Container,under way using engine
477005678,2021-05-19T13:40:00Z,6.20714,79.92687,13.4,142.0,142.0,MV Eastern Dragon,Container,under way using engine
477005678,2021-05-19T13:50:00Z,6.20197,79.92966,8.3,80.2,80.2,MV Eastern Dragon,Container,under way using engine
477005678,2021-05-19T14:00:00Z,6.19681,79.93245,12.2,103.9,103.9,MV Eastern Dragon,Container,under way using engine
477005678,2021-05-19T14:10:00Z,6.19164,79.93524,11.9,98.8,98.8,MV Eastern Dragon,Container,under way using engine
477005678,2021-05-19T14:20:00Z,6.18647,79.93803,11.5,177.6,177.6,MV Eastern Dragon,Container,under way using engine
477005678,2021-05-19T14:30:00Z,6.1813,79.94082,9.1,326.6,326.6,MV Eastern Dragon,Container,under way using engine
477005678,2021-05-19T14:40:00Z,6.17614,79.94361,9.8,219.7,219.7,MV Eastern Dragon,Container,under way using engine
477005678,2021-05-19T14:50:00Z,6.17097,79.9464,10.4,199.9,199.9,MV Eastern Dragon,Container,under way using engine
477005678,2021-05-19T15:00:00Z,6.1658,79.94919,9.1,188.1,188.1,MV Eastern Dragon,Container,under way using engine
477005678,2021-05-19T15:10:00Z,6.16064,79.95198,13.7,201.7,201.7,MV Eastern Dragon,Container,under way using engine
477005678,2021-05-19T15:20:00Z,6.15547,79.95477,8.7,160.9,160.9,MV Eastern Dragon,Container,under way using engine
477005678,2021-05-19T15:30:00Z,6.1503,79.95756,10.4,339.2,339.2,MV Eastern Dragon,Container,under way using engine
477005678,2021-05-19T15:40:00Z,6.14514,79.96035,13.0,15.2,15.2,MV Eastern Dragon,Container,under way using engine
477005678,2021-05-19T15:50:00Z,6.13997,79.96314,12.8,47.4,47.4,MV Eastern Dragon,Container,under way using engine
477005678,2021-05-19T16:00:00Z,6.1348,79.96593,8.0,103.5,103.5,MV Eastern Dragon,Container,under way using engine
477005678,2021-05-19T16:10:00Z,6.12964,79.96873,11.4,307.3,307.3,MV Eastern Dragon,Container,under way using engine
477005678,2021-05-19T16:20:00Z,6.12447,79.97152,10.5,45.4,45.4,MV Eastern Dragon,Container,under way using engine
477005678,2021-05-19T16:30:00Z,6.1193,79.97431,13.5,69.3,69.3,MV Eastern Dragon,Container,under way using engine
477005678,2021-05-19T16:40:00Z,6.11414,79.9771,14.7,308.4,308.4,MV Eastern Dragon,Container,under way using engine
477005678,2021-05-19T16:50:00Z,6.10897,79.97989,10.4,42.7,42.7,MV Eastern Dragon,Container,under way using engine
477005678,2021-05-19T17:00:00Z,6.1038,79.98268,12.0,216.8,216.8,MV Eastern Dragon,Container,under way using engine
477005678,2021-05-19T17:10:00Z,6.09864,79.98547,10.1,294.3,294.3,MV Eastern Dragon,Container,under way using engine
477005678,2021-05-19T17:20:00Z,6.09347,79.98826,13.3,89.6,89.6,MV Eastern Dragon,Container,under way using engine
477005678,2021-05-19T17:30:00Z,6.0883,79.99105,13.9,12.0,12.0,MV Eastern Dragon,Container,under way using engine
477005678,2021-05-19T17:40:00Z,6.08314,79.99384,11.2,143.9,143.9,MV Eastern Dragon,Container,under way using engine
477005678,2021-05-19T17:50:00Z,6.07797,79.99663,14.8,24.2,24.2,MV Eastern Dragon,Container,under way using engine
477005678,2021-05-19T18:00:00Z,6.0728,79.99942,12.8,225.0,225.0,MV Eastern Dragon,Container,under way using engine
477005678,2021-05-19T18:10:00Z,6.06764,80.00221,10.8,150.8,150.8,MV Eastern Dragon,Container,under way using engine
477005678,2021-05-19T18:20:00Z,6.06247,80.005,10.4,118.9,118.9,MV Eastern Dragon,Container,under way using engine
477005678,2021-05-19T18:30:00Z,6.0573,80.00779,13.1,343.6,343.6,MV Eastern Dragon,Container,under way using engine
477005678,2021-05-19T18:40:00Z,6.05213,80.01058,13.1,54.3,54.3,MV Eastern Dragon,Container,under way using engine
477005678,2021-05-19T18:50:00Z,6.04697,80.01337,8.6,294.6,294.6,MV Eastern Dragon,Container,under way using engine
477005678,2021-05-19T19:00:00Z,6.0418,80.01616,14.7,38.3,38.3,MV Eastern Dragon,Container,under way using engine
477005678,2021-05-19T19:10:00Z,6.03663,80.01895,9.2,101.8,101.8,MV Eastern Dragon,Container,under way using engine
477005678,2021-05-19T19:20:00Z,6.03147,80.02174,9.9,119.2,119.2,MV Eastern Dragon,Container,under way using engine
477005678,2021-05-19T19:30:00Z,6.0263,80.02453,11.2,252.0,252.0,MV Eastern Dragon,Container,under way using engine
477005678,2021-05-19T19:40:00Z,6.02113,80.02732,8.1,282.3,282.3,MV Eastern Dragon,Container,under way using engine
477005678,2021-05-19T19:50:00Z,6.01597,80.03011,10.3,60.5,60.5,MV Eastern Dragon,Container,under way using engine
477005678,2021-05-19T20:00:00Z,6.0108,80.0329,12.2,255.4,255.4,MV Eastern Dragon,Container,under way using engine
477005678,2021-05-19T20:10:00Z,6.00563,80.03569,14.2,114.8,114.8,MV Eastern Dragon,Container,under way using engine
477005678,2021-05-19T20:20:00Z,6.00047,80.03848,12.2,67.1,67.1,MV Eastern Dragon,Container,under way using engine
477005678,2021-05-19T20:30:00Z,5.9953,80.04127,12.0,211.6,211.6,MV Eastern Dragon,Container,under way using engine
477005678,2021-05-19T20:40:00Z,5.99013,80.04407,11.0,47.1,47.1,MV Eastern Dragon,Container,under way using engine
477005678,2021-05-19T20:50:00Z,5.98497,80.04686,12.4,165.7,165.7,MV Eastern Dragon,Container,under way using engine
477005678,2021-05-19T21:00:00Z,5.9798,80.04965,9.9,282.9,282.9,MV Eastern Dragon,Container,under way using engine
477005678,2021-05-19T21:10:00Z,5.97463,80.05244,9.7,263.7,263.7,MV Eastern Dragon,Container,under way using engine
477005678,2021-05-19T21:20:00Z,5.96947,80.05523,9.4,187.3,187.3,MV Eastern Dragon,Container,under way using engine
477005678,2021-05-19T21:30:00Z,5.9643,80.05802,10.5,269.3,269.3,MV Eastern Dragon,Container,under way using engine
477005678,2021-05-19T21:40:00Z,5.95913,80.06081,9.4,351.7,351.7,MV Eastern Dragon,Container,under way using engine
477005678,2021-05-19T21:50:00Z,5.95397,80.0636,9.8,259.6,259.6,MV Eastern Dragon,Container,under way using engine
477005678,2021-05-19T22:00:00Z,5.9488,80.06639,13.5,294.3,294.3,MV Eastern Dragon,Container,under way using engine
477005678,2021-05-19T22:10:00Z,5.94363,80.06918,11.1,8.6,8.6,MV Eastern Dragon,Container,under way using engine
477005678,2021-05-19T22:20:00Z,5.93846,80.07197,14.4,251.2,251.2,MV Eastern Dragon,Container,under way using engine
477005678,2021-05-19T22:30:00Z,5.9333,80.07476,10.3,176.0,176.0,MV Eastern Dragon,Container,under way using engine
477005678,2021-05-19T22:40:00Z,5.92813,80.07755,14.2,285.2,285.2,MV Eastern Dragon,Container,under way using engine
477005678,2021-05-19T22:50:00Z,5.92296,80.08034,14.5,4.5,4.5,MV Eastern Dragon,Container,under way using engine
477005678,2021-05-19T23:00:00Z,5.9178,80.08313,8.5,252.2,252.2,MV Eastern Dragon,Container,under way using engine
477005678,2021-05-19T23:10:00Z,5.91263,80.08592,10.7,235.8,235.8,MV Eastern Dragon,Container,under way using engine
477005678,2021-05-19T23:20:00Z,5.90746,80.08871,10.0,303.8,303.8,MV Eastern Dragon,Container,under way using engine
477005678,2021-05-19T23:30:00Z,5.9023,80.0915,10.9,7.5,7.5,MV Eastern Dragon,Container,under way using engine
477005678,2021-05-19T23:40:00Z,5.89713,80.09429,8.6,323.2,323.2,MV Eastern Dragon,Container,under way using engine
477005678,2021-05-19T23:50:00Z,5.89196,80.09708,9.4,88.9,88.9,MV Eastern Dragon,Container,under way using engine
477005678,2021-05-20T00:00:00Z,5.8868,80.09987,14.4,232.7,232.7,MV Eastern Dragon,Container,under way using engine
477005678,2021-05-20T00:10:00Z,5.88163,80.10266,14.8,358.7,358.7,MV Eastern Dragon,Container,under way using engine
477005678,2021-05-20T00:20:00Z,5.87646,80.10545,8.6,102.2,102.2,MV Eastern Dragon,Container,under way using engine
477005678,2021-05-20T00:30:00Z,5.8713,80.10824,11.7,138.1,138.1,MV Eastern Dragon,Container,under way using engine
477005678,2021-05-20T00:40:00Z,5.86613,80.11103,8.2,224.1,224.1,MV Eastern Dragon,Container,under way using engine
477005678,2021-05-20T00:50:00Z,5.86096,80.11382,11.2,13.6,13.6,MV Eastern Dragon,Container,under way using engine
477005678,2021-05-20T01:00:00Z,5.8558,80.11661,8.3,8.7,8.7,MV Eastern Dragon,Container,under way using engine
477005678,2021-05-20T01:10:00Z,5.85063,80.1194,12.8,90.5,90.5,MV Eastern Dragon,Container,under way using engine
477005678,2021-05-20T01:20:00Z,5.84546,80.1222,8.0,126.6,126.6,MV Eastern Dragon,Container,under way using engine
477005678,2021-05-20T01:30:00Z,5.8403,80.12499,13.2,210.2,210.2,MV Eastern Dragon,Container,under way using engine
477005678,2021-05-20T01:40:00Z,5.83513,80.12778,8.8,144.3,144.3,MV Eastern Dragon,Container,under way using engine
477005678,2021-05-20T01:50:00Z,5.82996,80.13057,12.8,46.2,46.2,MV Eastern Dragon,Container,under way using engine
477005678,2021-05-20T02:00:00Z,5.8248,80.13336,13.6,302.1,302.1,MV Eastern Dragon,Container,under way using engine
477005678,2021-05-20T02:10:00Z,5.81963,80.13615,13.7,32.5,32.5,MV Eastern Dragon,Container,under way using engine
477005678,2021-05-20T02:20:00Z,5.81446,80.13894,12.7,123.3,123.3,MV Eastern Dragon,Container,under way using engine
477005678,2021-05-20T02:30:00Z,5.80929,80.14173,11.2,225.6,225.6,MV Eastern Dragon,Container,under way using engine
477005678,2021-05-20T02:40:00Z,5.80413,80.14452,12.3,152.8,152.8,MV Eastern Dragon,Container,under way using engine
477005678,2021-05-20T02:50:00Z,5.79896,80.14731,8.1,81.2,81.2,MV Eastern Dragon,Container,under way using engine
477005678,2021-05-20T03:00:00Z,5.79379,80.1501,11.6,18.8,18.8,MV Eastern Dragon,Container,under way using engine
477005678,2021-05-20T03:10:00Z,5.78863,80.15289,10.8,198.7,198.7,MV Eastern Dragon,Container,under way using engine
477005678,2021-05-20T03:20:00Z,5.78346,80.15568,14.9,306.3,306.3,MV Eastern Dragon,Container,under way using engine
477005678,2021-05-20T03:30:00Z,5.77829,80.15847,10.6,146.8,146.8,MV Eastern Dragon,Container,under way using engine
477005678,2021-05-20T03:40:00Z,5.77313,80.16126,10.8,46.9,46.9,MV Eastern Dragon,Container,under way using engine
477005678,2021-05-20T03:50:00Z,5.76796,80.16405,10.0,344.3,344.3,MV Eastern Dragon,Container,under way using engine
477005678,2021-05-20T04:00:00Z,5.76279,80.16684,11.6,205.2,205.2,MV Eastern Dragon,Container,under way using engine
477005678,2021-05-20T04:10:00Z,5.75763,80.16963,8.3,17.6,17.6,MV Eastern Dragon,Container,under way using engine
477005678,2021-05-20T04:20:00Z,5.75246,80.17242,14.7,64.8,64.8,MV Eastern Dragon,Container,under way using engine
477005678,2021-05-20T04:30:00Z,5.74729,80.17521,8.6,208.3,208.3,MV Eastern Dragon,Container,under way using engine
477005678,2021-05-20T04:40:00Z,5.74213,80.178,8.2,173.5,173.5,MV Eastern Dragon,Container,under way using engine
477005678,2021-05-20T04:50:00Z,5.73696,80.18079,10.7,36.4,36.4,MV Eastern Dragon,Container,under way using engine
477005678,2021-05-20T05:00:00Z,5.73179,80.18358,14.2,237.6,237.6,MV Eastern Dragon,Container,under way using engine
477005678,2021-05-20T05:10:00Z,5.72663,80.18637,12.7,8.6,8.6,MV Eastern Dragon,Container,under way using engine
477005678,2021-05-20T05:20:00Z,5.72146,80.18916,14.9,115.4,115.4,MV Eastern Dragon,Container,under way using engine
477005678,2021-05-20T05:30:00Z,5.71629,80.19195,10.7,210.3,210.3,MV Eastern Dragon,Container,under way using engine
477005678,2021-05-20T05:40:00Z,5.71113,80.19474,12.6,251.8,251.8,MV Eastern Dragon,Container,under way using engine
477005678,2021-05-20T05:50:00Z,5.70596,80.19754,14.2,191.8,191.8,MV Eastern Dragon,Container,under way using engine
477005678,2021-05-20T06:00:00Z,5.70079,80.20033,13.5,142.7,142.7,MV Eastern Dragon,Container,under way using engine
477005678,2021-05-20T06:10:00Z,5.69562,80.20312,8.4,261.7,261.7,MV Eastern Dragon,Container,under way using engine
477005678,2021-05-20T06:20:00Z,5.69046,80.20591,13.6,186.7,186.7,MV Eastern Dragon,Container,under way using engine
477005678,2021-05-20T06:30:00Z,5.68529,80.2087,9.1,47.2,47.2,MV Eastern Dragon,Container,under way using engine
477005678,2021-05-20T06:40:00Z,5.68012,80.21149,9.1,290.1,290.1,MV Eastern Dragon,Container,under way using engine
477005678,2021-05-20T06:50:00Z,5.67496,80.21428,8.1,104.2,104.2,MV Eastern Dragon,Container,under way using engine
477005678,2021-05-20T07:00:00Z,5.66979,80.21707,8.8,240.4,240.4,MV Eastern Dragon,Container,under way using engine
477005678,2021-05-20T07:10:00Z,5.66462,80.21986,9.1,150.7,150.7,MV Eastern Dragon,Container,under way using engine
477005678,2021-05-20T07:20:00Z,5.65946,80.22265,10.4,205.6,205.6,MV Eastern Dragon,Container,under way using engine
477005678,2021-05-20T07:30:00Z,5.65429,80.22544,13.3,112.0,112.0,MV Eastern Dragon,Container,under way using engine
477005678,2021-05-20T07:40:00Z,5.64912,80.22823,11.0,305.9,305.9,MV Eastern Dragon,Container,under way using engine
477005678,2021-05-20T07:50:00Z,5.64396,80.23102,9.0,59.8,59.8,MV Eastern Dragon,Container,under way using engine
477005678,2021-05-20T08:00:00Z,5.63879,80.23381,12.5,251.0,251.0,MV Eastern Dragon,Container,under way using engine
477005678,2021-05-20T08:10:00Z,5.63362,80.2366,12.7,223.6,223.6,MV Eastern Dragon,Container,under way using engine
477005678,2021-05-20T08:20:00Z,5.62846,80.23939,8.1,317.9,317.9,MV Eastern Dragon,Container,under way using engine
477005678,2021-05-20T08:30:00Z,5.62329,80.24218,11.8,298.3,298.3,MV Eastern Dragon,Container,under way using engine
477005678,2021-05-20T08:40:00Z,5.61812,80.24497,14.7,99.3,99.3,MV Eastern Dragon,Container,under way using engine
477005678,2021-05-20T08:50:00Z,5.61296,80.24776,8.3,217.7,217.7,MV Eastern Dragon,Container,under way using engine
477005678,2021-05-20T09:00:00Z,5.60779,80.25055,11.9,137.4,137.4,MV Eastern Dragon,Container,under way using engine
477005678,2021-05-20T09:10:00Z,5.60262,80.25334,8.9,209.4,209.4,MV Eastern Dragon,Container,under way using engine
477005678,2021-05-20T09:20:00Z,5.59746,80.25613,9.9,65.6,65.6,MV Eastern Dragon,Container,under way using engine
477005678,2021-05-20T09:30:00Z,5.59229,80.25892,8.2,107.6,107.6,MV Eastern Dragon,Container,under way using engine
477005678,2021-05-20T09:40:00Z,5.58712,80.26171,14.9,321.0,321.0,MV Eastern Dragon,Container,under way using engine
477005678,2021-05-20T09:50:00Z,5.58195,80.2645,9.5,152.9,152.9,MV Eastern Dragon,Container,under way using engine
477005678,2021-05-20T10:00:00Z,5.57679,80.26729,9.8,176.7,176.7,MV Eastern Dragon,Container,under way using engine
477005678,2021-05-20T10:10:00Z,5.57162,80.27008,9.8,198.2,198.2,MV Eastern Dragon,Container,under way using engine
477005678,2021-05-20T10:20:00Z,5.56645,80.27288,10.8,184.7,184.7,MV Eastern Dragon,Container,under way using engine
477005678,2021-05-20T10:30:00Z,5.56129,80.27567,8.8,229.6,229.6,MV Eastern Dragon,Container,under way using engine
477005678,2021-05-20T10:40:00Z,5.55612,80.27846,12.7,338.7,338.7,MV Eastern Dragon,Container,under way using engine
477005678,2021-05-20T10:50:00Z,5.55095,80.28125,14.4,323.6,323.6,MV Eastern Dragon,Container,under way using engine
477005678,2021-05-20T11:00:00Z,5.54579,80.28404,9.3,162.8,162.8,MV Eastern Dragon,Container,under way using engine
477005678,2021-05-20T11:10:00Z,5.54062,80.28683,12.7,168.8,168.8,MV Eastern Dragon,Container,under way using engine
477005678,2021-05-20T11:20:00Z,5.53545,80.28962,10.3,251.5,251.5,MV Eastern Dragon,Container,under way using engine
477005678,2021-05-20T11:30:00Z,5.53029,80.29241,11.9,337.6,337.6,MV Eastern Dragon,Container,under way using engine
477005678,2021-05-20T11:40:00Z,5.52512,80.2952,10.9,347.7,347.7,MV Eastern Dragon,Container,under way using engine
477005678,2021-05-20T11:50:00Z,5.51995,80.29799,14.0,319.0,319.0,MV Eastern Dragon,Container,under way using engine
477005678,2021-05-20T12:00:00Z,5.51479,80.30078,13.9,82.4,82.4,MV Eastern Dragon,Container,under way using engine
477005678,2021-05-20T12:10:00Z,5.50962,80.30357,12.8,143.1,143.1,MV Eastern Dragon,Container,under way using engine
477005678,2021-05-20T12:20:00Z,5.50445,80.30636,11.5,124.9,124.9,MV Eastern Dragon,Container,under way using engine
477005678,2021-05-20T12:30:00Z,5.49929,80.30915,10.7,337.7,337.7,MV Eastern Dragon,Container,under way using engine
477005678,2021-05-20T12:40:00Z,5.49412,80.31194,12.3,200.5,200.5,MV Eastern Dragon,Container,under way using engine
477005678,2021-05-20T12:50:00Z,5.48895,80.31473,12.0,227.9,227.9,MV Eastern Dragon,Container,under way using engine
477005678,2021-05-20T13:00:00Z,5.48379,80.31752,11.5,131.9,131.9,MV Eastern Dragon,Container,under way using engine
477005678,2021-05-20T13:10:00Z,5.47862,80.32031,14.8,317.8,317.8,MV Eastern Dragon,Container,under way using engine
477005678,2021-05-20T13:20:00Z,5.47345,80.3231,14.3,289.0,289.0,MV Eastern Dragon,Container,under way using engine
477005678,2021-05-20T13:30:00Z,5.46829,80.32589,14.8,218.6,218.6,MV Eastern Dragon,Container,under way using engine
477005678,2021-05-20T13:40:00Z,5.46312,80.32868,11.6,266.4,266.4,MV Eastern Dragon,Container,under way using engine
477005678,2021-05-20T13:50:00Z,5.45795,80.33147,8.3,188.7,188.7,MV Eastern Dragon,Container,under way using engine
477005678,2021-05-20T14:00:00Z,5.45278,80.33426,8.4,270.8,270.8,MV Eastern Dragon,Container,under way using engine
477005678,2021-05-20T14:10:00Z,5.44762,80.33705,8.5,314.2,314.2,MV Eastern Dragon,Container,under way using engine
477005678,2021-05-20T14:20:00Z,5.44245,80.33984,10.9,71.0,71.0,MV Eastern Dragon,Container,under way using engine
477005678,2021-05-20T14:30:00Z,5.43728,80.34263,11.0,270.2,270.2,MV Eastern Dragon,Container,under way using engine
477005678,2021-05-20T14:40:00Z,5.43212,80.34542,9.5,14.7,14.7,MV Eastern Dragon,Container,under way using engine
477005678,2021-05-20T14:50:00Z,5.42695,80.34822,10.1,265.9,265.9,MV Eastern Dragon,Container,under way using engine
477005678,2021-05-20T15:00:00Z,5.42178,80.35101,9.6,201.1,201.1,MV Eastern Dragon,Container,under way using engine
477005678,2021-05-20T15:10:00Z,5.41662,80.3538,11.4,325.3,325.3,MV Eastern Dragon,Container,under way using engine
477005678,2021-05-20T15:20:00Z,5.41145,80.35659,11.2,152.3,152.3,MV Eastern Dragon,Container,under way using engine
477005678,2021-05-20T15:30:00Z,5.40628,80.35938,12.7,112.4,112.4,MV Eastern Dragon,Container,under way using engine
477005678,2021-05-20T15:40:00Z,5.40112,80.36217,10.7,295.4,295.4,MV Eastern Dragon,Container,under way using engine
477005678,2021-05-20T15:50:00Z,5.39595,80.36496,8.3,60.6,60.6,MV Eastern Dragon,Container,under way using engine
477005678,2021-05-20T16:00:00Z,5.39078,80.36775,9.5,258.0,258.0,MV Eastern Dragon,Container,under way using engine
477005678,2021-05-20T16:10:00Z,5.38562,80.37054,9.5,212.6,212.6,MV Eastern Dragon,Container,under way using engine
477005678,2021-05-20T16:20:00Z,5.38045,80.37333,9.1,201.0,201.0,MV Eastern Dragon,Container,under way using engine
477005678,2021-05-20T16:30:00Z,5.37528,80.37612,10.7,0.7,0.7,MV Eastern Dragon,Container,under way using engine
477005678,2021-05-20T16:40:00Z,5.37012,80.37891,8.1,264.0,264.0,MV Eastern Dragon,Container,under way using engine
477005678,2021-05-20T16:50:00Z,5.36495,80.3817,14.6,348.0,348.0,MV Eastern Dragon,Container,under way using engine
477005678,2021-05-20T17:00:00Z,5.35978,80.38449,12.5,62.9,62.9,MV Eastern Dragon,Container,under way using engine
477005678,2021-05-20T17:10:00Z,5.35462,80.38728,14.0,225.6,225.6,MV Eastern Dragon,Container,under way using engine
477005678,2021-05-20T17:20:00Z,5.34945,80.39007,13.9,135.4,135.4,MV Eastern Dragon,Container,under way using engine
477005678,2021-05-20T17:30:00Z,5.34428,80.39286,13.0,190.9,190.9,MV Eastern Dragon,Container,under way using engine
477005678,2021-05-20T17:40:00Z,5.33911,80.39565,8.3,355.9,355.9,MV Eastern Dragon,Container,under way using engine
477005678,2021-05-20T17:50:00Z,5.33395,80.39844,12.0,174.6,174.6,MV Eastern Dragon,Container,under way using engine
477005678,2021-05-20T18:00:00Z,5.32878,80.40123,12.8,217.0,217.0,MV Eastern Dragon,Container,under way using engine
477005678,2021-05-20T18:10:00Z,5.32361,80.40402,9.7,116.7,116.7,MV Eastern Dragon,Container,under way using engine
477005678,2021-05-20T18:20:00Z,5.31845,80.40681,14.4,92.2,92.2,MV Eastern Dragon,Container,under way using engine
477005678,2021-05-20T18:30:00Z,5.31328,80.4096,8.9,289.8,289.8,MV Eastern Dragon,Container,under way using engine
477005678,2021-05-20T18:40:00Z,5.30811,80.41239,8.7,250.5,250.5,MV Eastern Dragon,Container,under way using engine
477005678,2021-05-20T18:50:00Z,5.30295,80.41518,10.6,177.9,177.9,MV Eastern Dragon,Container,under way using engine
477005678,2021-05-20T19:00:00Z,5.29778,80.41797,9.2,47.8,47.8,MV Eastern Dragon,Container,under way using engine
477005678,2021-05-20T19:10:00Z,5.29261,80.42076,11.0,252.9,252.9,MV Eastern Dragon,Container,under way using engine
477005678,2021-05-20T19:20:00Z,5.28745,80.42356,10.5,148.2,148.2,MV Eastern Dragon,Container,under way using engine
477005678,2021-05-20T19:30:00Z,5.28228,80.42635,14.8,37.8,37.8,MV Eastern Dragon,Container,under way using engine
477005678,2021-05-20T19:40:00Z,5.27711,80.42914,10.7,230.4,230.4,MV Eastern Dragon,Container,under way using engine
477005678,2021-05-20T19:50:00Z,5.27195,80.43193,14.9,256.4,256.4,MV Eastern Dragon,Container,under way using engine
477005678,2021-05-20T20:00:00Z,5.26678,80.43472,8.5,189.5,189.5,MV Eastern Dragon,Container,under way using engine
477005678,2021-05-20T20:10:00Z,5.26161,80.43751,9.7,162.3,162.3,MV Eastern Dragon,Container,under way using engine
477005678,2021-05-20T20:20:00Z,5.25645,80.4403,10.8,315.5,315.5,MV Eastern Dragon,Container,under way using engine
477005678,2021-05-20T20:30:00Z,5.25128,80.44309,14.2,180.4,180.4,MV Eastern Dragon,Container,under way using engine
477005678,2021-05-20T20:40:00Z,5.24611,80.44588,12.0,256.9,256.9,MV Eastern Dragon,Container,under way using engine
477005678,2021-05-20T20:50:00Z,5.24095,80.44867,12.3,300.7,300.7,MV Eastern Dragon,Container,under way using engine
477005678,2021-05-20T21:00:00Z,5.23578,80.45146,11.9,332.3,332.3,MV Eastern Dragon,Container,under way using engine
477005678,2021-05-20T21:10:00Z,5.23061,80.45425,14.8,206.5,206.5,MV Eastern Dragon,Container,under way using engine
477005678,2021-05-20T21:20:00Z,5.22545,80.45704,9.8,65.9,65.9,MV Eastern Dragon,Container,under way using engine
477005678,2021-05-20T21:30:00Z,5.22028,80.45983,8.1,217.2,217.2,MV Eastern Dragon,Container,under way using engine
477005678,2021-05-20T21:40:00Z,5.21511,80.46262,11.4,16.3,16.3,MV Eastern Dragon,Container,under way using engine
477005678,2021-05-20T21:50:00Z,5.20994,80.46541,8.2,307.9,307.9,MV Eastern Dragon,Container,under way using engine
477005678,2021-05-20T22:00:00Z,5.20478,80.4682,13.9,78.3,78.3,MV Eastern Dragon,Container,under way using engine
477005678,2021-05-20T22:10:00Z,5.19961,80.47099,13.4,246.8,246.8,MV Eastern Dragon,Container,under way using engine
477005678,2021-05-20T22:20:00Z,5.19444,80.47378,13.2,227.0,227.0,MV Eastern Dragon,Container,under way using engine
477005678,2021-05-20T22:30:00Z,5.18928,80.47657,13.2,133.1,133.1,MV Eastern Dragon,Container,under way using engine
477005678,2021-05-20T22:40:00Z,5.18411,80.47936,8.2,275.6,275.6,MV Eastern Dragon,Container,under way using engine
477005678,2021-05-20T22:50:00Z,5.17894,80.48215,13.8,132.3,132.3,MV Eastern Dragon,Container,under way using engine
477005678,2021-05-20T23:00:00Z,5.17378,80.48494,12.9,185.5,185.5,MV Eastern Dragon,Container,under way using engine
477005678,2021-05-20T23:10:00Z,5.16861,80.48773,13.5,184.7,184.7,MV Eastern Dragon,Container,under way using engine
477005678,2021-05-20T23:20:00Z,5.16344,80.49052,8.3,10.7,10.7,MV Eastern Dragon,Container,under way using engine
477005678,2021-05-20T23:30:00Z,5.15828,80.49331,14.4,25.9,25.9,MV Eastern Dragon,Container,under way using engine
477005678,2021-05-20T23:40:00Z,5.15311,80.4961,11.1,299.8,299.8,MV Eastern Dragon,Container,under way using engine
477005678,2021-05-20T23:50:00Z,5.14794,80.4989,12.9,274.9,274.9,MV Eastern Dragon,Container,under way using engine
477005678,2021-05-21T00:00:00Z,5.14278,80.50169,8.9,236.6,236.6,MV Eastern Dragon,Container,under way using engine
477005678,2021-05-21T00:10:00Z,5.13761,80.50448,12.7,290.2,290.2,MV Eastern Dragon,Container,under way using engine
477005678,2021-05-21T00:20:00Z,5.13244,80.50727,14.1,306.6,306.6,MV Eastern Dragon,Container,under way using engine
477005678,2021-05-21T00:30:00Z,5.12728,80.51006,10.6,128.1,128.1,MV Eastern Dragon,Container,under way using engine
477005678,2021-05-21T00:40:00Z,5.12211,80.51285,11.0,357.1,357.1,MV Eastern Dragon,Container,under way using engine
477005678,2021-05-21T00:50:00Z,5.11694,80.51564,8.6,184.3,184.3,MV Eastern Dragon,Container,under way using engine
477005678,2021-05-21T01:00:00Z,5.11178,80.51843,11.0,183.6,183.6,MV Eastern Dragon,Container,under way using engine
477005678,2021-05-21T01:10:00Z,5.10661,80.52122,10.5,238.8,238.8,MV Eastern Dragon,Container,under way using engine
477005678,2021-05-21T01:20:00Z,5.10144,80.52401,10.4,203.2,203.2,MV Eastern Dragon,Container,under way using engine
477005678,2021-05-21T01:30:00Z,5.09627,80.5268,13.9,236.7,236.7,MV Eastern Dragon,Container,under way using engine
477005678,2021-05-21T01:40:00Z,5.09111,80.52959,10.1,197.1,197.1,MV Eastern Dragon,Container,under way using engine
477005678,2021-05-21T01:50:00Z,5.08594,80.53238,13.4,83.5,83.5,MV Eastern Dragon,Container,under way using engine
477005678,2021-05-21T02:00:00Z,5.08077,80.53517,8.3,187.8,187.8,MV Eastern Dragon,Container,under way using engine
477005678,2021-05-21T02:10:00Z,5.07561,80.53796,11.2,354.2,354.2,MV Eastern Dragon,Container,under way using engine
477005678,2021-05-21T02:20:00Z,5.07044,80.54075,8.4,349.6,349.6,MV Eastern Dragon,Container,under way using engine
477005678,2021-05-21T02:30:00Z,5.06527,80.54354,11.4,91.4,91.4,MV Eastern Dragon,Container,under way using engine
477005678,2021-05-21T02:40:00Z,5.06011,80.54633,11.5,326.9,326.9,MV Eastern Dragon,Container,under way using engine
477005678,2021-05-21T02:50:00Z,5.05494,80.54912,13.3,100.4,100.4,MV Eastern Dragon,Container,under way using engine
477005678,2021-05-21T03:00:00Z,5.04977,80.55191,10.9,301.4,301.4,MV Eastern Dragon,Container,under way using engine
477005678,2021-05-21T03:10:00Z,5.04461,80.5547,10.4,69.0,69.0,MV Eastern Dragon,Container,under way using engine
477005678,2021-05-21T03:20:00Z,5.03944,80.55749,9.1,169.1,169.1,MV Eastern Dragon,Container,under way using engine
477005678,2021-05-21T03:30:00Z,5.03427,80.56028,13.1,71.6,71.6,MV Eastern Dragon,Container,under way using engine
477005678,2021-05-21T03:40:00Z,5.02911,80.56307,12.5,176.6,176.6,MV Eastern Dragon,Container,under way using engine
477005678,2021-05-21T03:50:00Z,5.02394,80.56586,9.1,129.9,129.9,MV Eastern Dragon,Container,under way using engine
477005678,2021-05-21T04:00:00Z,5.01877,80.56865,10.1,94.2,94.2,MV Eastern Dragon,Container,under way using engine
477005678,2021-05-21T04:10:00Z,5.01361,80.57144,13.1,112.9,112.9,MV Eastern Dragon,Container,under way using engine
477005678,2021-05-21T04:20:00Z,5.00844,80.57424,9.1,208.6,208.6,MV Eastern Dragon,Container,under way using engine
477005678,2021-05-21T04:30:00Z,5.00327,80.57703,9.9,321.5,321.5,MV Eastern Dragon,Container,under way using engine
477005678,2021-05-21T04:40:00Z,4.99811,80.57982,13.2,266.6,266.6,MV Eastern Dragon,Container,under way using engine
477005678,2021-05-21T04:50:00Z,4.99294,80.58261,8.9,255.3,255.3,MV Eastern Dragon,Container,under way using engine
477005678,2021-05-21T05:00:00Z,4.98777,80.5854,8.4,65.6,65.6,MV Eastern Dragon,Container,under way using engine
477005678,2021-05-21T05:10:00Z,4.9826,80.58819,8.3,94.1,94.1,MV Eastern Dragon,Container,under way using engine
477005678,2021-05-21T05:20:00Z,4.97744,80.59098,14.1,87.2,87.2,MV Eastern Dragon,Container,under way using engine
477005678,2021-05-21T05:30:00Z,4.97227,80.59377,8.1,140.3,140.3,MV Eastern Dragon,Container,under way using engine
477005678,2021-05-21T05:40:00Z,4.9671,80.59656,13.7,237.5,237.5,MV Eastern Dragon,Container,under way using engine
477005678,2021-05-21T05:50:00Z,4.96194,80.59935,12.4,186.6,186.6,MV Eastern Dragon,Container,under way using engine
477005678,2021-05-21T06:00:00Z,4.95677,80.60214,9.3,271.2,271.2,MV Eastern Dragon,Container,under way using engine
477005678,2021-05-21T06:10:00Z,4.9516,80.60493,10.9,227.9,227.9,MV Eastern Dragon,Container,under way using engine
477005678,2021-05-21T06:20:00Z,4.94644,80.60772,8.7,336.1,336.1,MV Eastern Dragon,Container,under way using engine
477005678,2021-05-21T06:30:00Z,4.94127,80.61051,13.8,302.8,302.8,MV Eastern Dragon,Container,under way using engine
477005678,2021-05-21T06:40:00Z,4.9361,80.6133,13.9,0.9,0.9,MV Eastern Dragon,Container,under way using engine
477005678,2021-05-21T06:50:00Z,4.93094,80.61609,9.1,214.7,214.7,MV Eastern Dragon,Container,under way using engine
477005678,2021-05-21T07:00:00Z,4.92577,80.61888,11.7,110.6,110.6,MV Eastern Dragon,Container,under way using engine
477005678,2021-05-21T07:10:00Z,4.9206,80.62167,14.2,253.1,253.1,MV Eastern Dragon,Container,under way using engine
477005678,2021-05-21T07:20:00Z,4.91544,80.62446,12.2,170.3,170.3,MV Eastern Dragon,Container,under way using engine
477005678,2021-05-21T07:30:00Z,4.91027,80.62725,13.2,146.0,146.0,MV Eastern Dragon,Container,under way using engine
477005678,2021-05-21T07:40:00Z,4.9051,80.63004,10.7,348.5,348.5,MV Eastern Dragon,Container,under way using engine
477005678,2021-05-21T07:50:00Z,4.89994,80.63283,11.5,205.9,205.9,MV Eastern Dragon,Container,under way using engine
477005678,2021-05-21T08:00:00Z,4.89477,80.63562,14.5,18.2,18.2,MV Eastern Dragon,Container,under way using engine
477005678,2021-05-21T08:10:00Z,4.8896,80.63841,10.0,278.1,278.1,MV Eastern Dragon,Container,under way using engine
477005678,2021-05-21T08:20:00Z,4.88444,80.6412,9.6,178.7,178.7,MV Eastern Dragon,Container,under way using engine
477005678,2021-05-21T08:30:00Z,4.87927,80.64399,10.8,159.3,159.3,MV Eastern Dragon,Container,under way using engine
477005678,2021-05-21T08:40:00Z,4.8741,80.64678,11.2,152.1,152.1,MV Eastern Dragon,Container,under way using engine
477005678,2021-05-21T08:50:00Z,4.86894,80.64958,14.2,271.9,271.9,MV Eastern Dragon,Container,under way using engine
477005678,2021-05-21T09:00:00Z,4.86377,80.65237,11.5,291.1,291.1,MV Eastern Dragon,Container,under way using engine
477005678,2021-05-21T09:10:00Z,4.8586,80.65516,14.8,280.7,280.7,MV Eastern Dragon,Container,under way using engine
477005678,2021-05-21T09:20:00Z,4.85343,80.65795,9.4,73.8,73.8,MV Eastern Dragon,Container,under way using engine
477005678,2021-05-21T09:30:00Z,4.84827,80.66074,12.4,342.7,342.7,MV Eastern Dragon,Container,under way using engine
477005678,2021-05-21T09:40:00Z,4.8431,80.66353,11.1,47.4,47.4,MV Eastern Dragon,Container,under way using engine
477005678,2021-05-21T09:50:00Z,4.83793,80.66632,10.5,228.8,228.8,MV Eastern Dragon,Container,under way using engine
477005678,2021-05-21T10:00:00Z,4.83277,80.66911,15.0,67.8,67.8,MV Eastern Dragon,Container,under way using engine
477005678,2021-05-21T10:10:00Z,4.8276,80.6719,9.6,329.9,329.9,MV Eastern Dragon,Container,under way using engine
477005678,2021-05-21T10:20:00Z,4.82243,80.67469,14.7,240.7,240.7,MV Eastern Dragon,Container,under way using engine
477005678,2021-05-21T10:30:00Z,4.81727,80.67748,13.1,300.6,300.6,MV Eastern Dragon,Container,under way using engine
477005678,2021-05-21T10:40:00Z,4.8121,80.68027,13.4,256.1,256.1,MV Eastern Dragon,Container,under way using engine
477005678,2021-05-21T10:50:00Z,4.80693,80.68306,8.3,332.9,332.9,MV Eastern Dragon,Container,under way using engine
477005678,2021-05-21T11:00:00Z,4.80177,80.68585,13.0,53.8,53.8,MV Eastern Dragon,Container,under way using engine
477005678,2021-05-21T11:10:00Z,4.7966,80.68864,10.8,86.8,86.8,MV Eastern Dragon,Container,under way using engine
477005678,2021-05-21T11:20:00Z,4.79143,80.69143,13.4,130.9,130.9,MV Eastern Dragon,Container,under way using engine
477005678,2021-05-21T11:30:00Z,4.78627,80.69422,11.0,44.9,44.9,MV Eastern Dragon,Container,under way using engine
477005678,2021-05-21T11:40:00Z,4.7811,80.69701,8.7,71.7,71.7,MV Eastern Dragon,Container,under way using engine
477005678,2021-05-21T11:50:00Z,4.77593,80.6998,12.8,165.9,165.9,MV Eastern Dragon,Container,under way using engine
477005678,2021-05-21T12:00:00Z,4.77077,80.70259,13.9,327.4,327.4,MV Eastern Dragon,Container,under way using engine
477005678,2021-05-21T12:10:00Z,4.7656,80.70538,8.7,263.2,263.2,MV Eastern Dragon,Container,under way using engine
477005678,2021-05-21T12:20:00Z,4.76043,80.70817,8.5,340.9,340.9,MV Eastern Dragon,Container,under way using engine
477005678,2021-05-21T12:30:00Z,4.75527,80.71096,13.5,114.7,114.7,MV Eastern Dragon,Container,under way using engine
477005678,2021-05-21T12:40:00Z,4.7501,80.71375,10.0,260.4,260.4,MV Eastern Dragon,Container,under way using engine
477005678,2021-05-21T12:50:00Z,4.74493,80.71654,10.0,213.9,213.9,MV Eastern Dragon,Container,under way using engine
477005678,2021-05-21T13:00:00Z,4.73976,80.71933,9.6,182.6,182.6,MV Eastern Dragon,Container,under way using engine
477005678,2021-05-21T13:10:00Z,4.7346,80.72212,12.2,347.8,347.8,MV Eastern Dragon,Container,under way using engine
477005678,2021-05-21T13:20:00Z,4.72943,80.72492,8.7,68.2,68.2,MV Eastern Dragon,Container,under way using engine
477005678,2021-05-21T13:30:00Z,4.72426,80.72771,9.3,288.7,288.7,MV Eastern Dragon,Container,under way using engine
477005678,2021-05-21T13:40:00Z,4.7191,80.7305,9.1,333.5,333.5,MV Eastern Dragon,Container,under way using engine
477005678,2021-05-21T13:50:00Z,4.71393,80.73329,10.3,177.4,177.4,MV Eastern Dragon,Container,under way using engine
477005678,2021-05-21T14:00:00Z,4.70876,80.73608,14.7,87.7,87.7,MV Eastern Dragon,Container,under way using engine
477005678,2021-05-21T14:10:00Z,4.7036,80.73887,9.0,269.5,269.5,MV Eastern Dragon,Container,under way using engine
477005678,2021-05-21T14:20:00Z,4.69843,80.74166,9.8,19.4,19.4,MV Eastern Dragon,Container,under way using engine
477005678,2021-05-21T14:30:00Z,4.69326,80.74445,12.8,186.0,186.0,MV Eastern Dragon,Container,under way using engine
477005678,2021-05-21T14:40:00Z,4.6881,80.74724,8.2,225.7,225.7,MV Eastern Dragon,Container,under way using engine
477005678,2021-05-21T14:50:00Z,4.68293,80.75003,12.9,247.7,247.7,MV Eastern Dragon,Container,under way using engine
477005678,2021-05-21T15:00:00Z,4.67776,80.75282,8.6,142.5,142.5,MV Eastern Dragon,Container,under way using engine
477005678,2021-05-21T15:10:00Z,4.6726,80.75561,14.0,338.4,338.4,MV Eastern Dragon,Container,under way using engine
477005678,2021-05-21T15:20:00Z,4.66743,80.7584,14.0,296.2,296.2,MV Eastern Dragon,Container,under way using engine
477005678,2021-05-21T15:30:00Z,4.66226,80.76119,10.8,124.9,124.9,MV Eastern Dragon,Container,under way using engine
477005678,2021-05-21T15:40:00Z,4.6571,80.76398,14.0,216.2,216.2,MV Eastern Dragon,Container,under way using engine
477005678,2021-05-21T15:50:00Z,4.65193,80.76677,8.7,162.1,162.1,MV Eastern Dragon,Container,under way using engine
477005678,2021-05-21T16:00:00Z,4.64676,80.76956,14.7,272.3,272.3,MV Eastern Dragon,Container,under way using engine
477005678,2021-05-21T16:10:00Z,4.6416,80.77235,10.2,240.8,240.8,MV Eastern Dragon,Container,under way using engine
477005678,2021-05-21T16:20:00Z,4.63643,80.77514,12.2,58.8,58.8,MV Eastern Dragon,Container,under way using engine
477005678,2021-05-21T16:30:00Z,4.63126,80.77793,12.7,142.8,142.8,MV Eastern Dragon,Container,under way using engine
477005678,2021-05-21T16:40:00Z,4.6261,80.78072,13.5,7.3,7.3,MV Eastern Dragon,Container,under way using engine
477005678,2021-05-21T16:50:00Z,4.62093,80.78351,9.9,356.7,356.7,MV Eastern Dragon,Container,under way using engine
477005678,2021-05-21T17:00:00Z,4.61576,80.7863,11.5,23.8,23.8,MV Eastern Dragon,Container,under way using engine
477005678,2021-05-21T17:10:00Z,4.61059,80.78909,10.6,124.0,124.0,MV Eastern Dragon,Container,under way using engine
477005678,2021-05-21T17:20:00Z,4.60543,80.79188,13.9,44.3,44.3,MV Eastern Dragon,Container,under way using engine
477005678,2021-05-21T17:30:00Z,4.60026,80.79467,12.5,155.1,155.1,MV Eastern Dragon,Container,under way using engine
477005678,2021-05-21T17:40:00Z,4.59509,80.79746,8.7,264.5,264.5,MV Eastern Dragon,Container,under way using engine
477005678,2021-05-21T17:50:00Z,4.58993,80.80026,14.1,353.5,353.5,MV Eastern Dragon,Container,under way using engine
477005678,2021-05-21T18:00:00Z,4.58476,80.80305,11.8,21.1,21.1,MV Eastern Dragon,Container,under way using engine
477005678,2021-05-21T18:10:00Z,4.57959,80.80584,11.5,183.0,183.0,MV Eastern Dragon,Container,under way using engine
477005678,2021-05-21T18:20:00Z,4.57443,80.80863,14.6,101.2,101.2,MV Eastern Dragon,Container,under way using engine
477005678,2021-05-21T18:30:00Z,4.56926,80.81142,14.3,240.2,240.2,MV Eastern Dragon,Container,under way using engine
477005678,2021-05-21T18:40:00Z,4.56409,80.81421,13.3,277.1,277.1,MV Eastern Dragon,Container,under way using engine
477005678,2021-05-21T18:50:00Z,4.55893,80.817,9.0,39.1,39.1,MV Eastern Dragon,Container,under way using engine
477005678,2021-05-21T19:00:00Z,4.55376,80.81979,12.1,8.8,8.8,MV Eastern Dragon,Container,under way using engine
477005678,2021-05-21T19:10:00Z,4.54859,80.82258,13.9,135.8,135.8,MV Eastern Dragon,Container,under way using engine
477005678,2021-05-21T19:20:00Z,4.54343,80.82537,8.5,181.7,181.7,MV Eastern Dragon,Container,under way using engine
477005678,2021-05-21T19:30:00Z,4.53826,80.82816,9.9,39.6,39.6,MV Eastern Dragon,Container,under way using engine
477005678,2021-05-21T19:40:00Z,4.53309,80.83095,13.3,249.1,249.1,MV Eastern Dragon,Container,under way using engine
477005678,2021-05-21T19:50:00Z,4.52793,80.83374,8.9,357.5,357.5,MV Eastern Dragon,Container,under way using engine
477005678,2021-05-21T20:00:00Z,4.52276,80.83653,8.7,286.0,286.0,MV Eastern Dragon,Container,under way using engine
477005678,2021-05-21T20:10:00Z,4.51759,80.83932,12.4,54.9,54.9,MV Eastern Dragon,Container,under way using engine
477005678,2021-05-21T20:20:00Z,4.51243,80.84211,10.3,137.4,137.4,MV Eastern Dragon,Container,under way using engine
477005678,2021-05-21T20:30:00Z,4.50726,80.8449,13.8,130.6,130.6,MV Eastern Dragon,Container,under way using engine
477005678,2021-05-21T20:40:00Z,4.50209,80.84769,11.8,115.9,115.9,MV Eastern Dragon,Container,under way using engine
477005678,2021-05-21T20:50:00Z,4.49692,80.85048,12.5,18.6,18.6,MV Eastern Dragon,Container,under way using engine
477005678,2021-05-21T21:00:00Z,4.49176,80.85327,12.8,282.1,282.1,MV Eastern Dragon,Container,under way using engine
477005678,2021-05-21T21:10:00Z,4.48659,80.85606,8.3,133.1,133.1,MV Eastern Dragon,Container,under way using engine
477005678,2021-05-21T21:20:00Z,4.48142,80.85885,14.3,130.0,130.0,MV Eastern Dragon,Container,under way using engine
477005678,2021-05-21T21:30:00Z,4.47626,80.86164,13.4,12.7,12.7,MV Eastern Dragon,Container,under way using engine
477005678,2021-05-21T21:40:00Z,4.47109,80.86443,8.8,51.5,51.5,MV Eastern Dragon,Container,under way using engine
477005678,2021-05-21T21:50:00Z,4.46592,80.86722,9.0,343.0,343.0,MV Eastern Dragon,Container,under way using engine
477005678,2021-05-21T22:00:00Z,4.46076,80.87001,11.8,305.1,305.1,MV Eastern Dragon,Container,under way using engine
477005678,2021-05-21T22:10:00Z,4.45559,80.8728,14.5,183.0,183.0,MV Eastern Dragon,Container,under way using engine
477005678,2021-05-21T22:20:00Z,4.45042,80.8756,12.3,190.5,190.5,MV Eastern Dragon,Container,under way using engine
477005678,2021-05-21T22:30:00Z,4.44526,80.87839,11.8,258.2,258.2,MV Eastern Dragon,Container,under way using engine
477005678,2021-05-21T22:40:00Z,4.44009,80.88118,9.5,234.5,234.5,MV Eastern Dragon,Container,under way using engine
477005678,2021-05-21T22:50:00Z,4.43492,80.88397,10.7,40.7,40.7,MV Eastern Dragon,Container,under way using engine
477005678,2021-05-21T23:00:00Z,4.42976,80.88676,10.3,345.6,345.6,MV Eastern Dragon,Container,under way using engine
477005678,2021-05-21T23:10:00Z,4.42459,80.88955,11.7,137.4,137.4,MV Eastern Dragon,Container,under way using engine
477005678,2021-05-21T23:20:00Z,4.41942,80.89234,10.9,154.5,154.5,MV Eastern Dragon,Container,under way using engine
477005678,2021-05-21T23:30:00Z,4.41426,80.89513,14.8,17.6,17.6,MV Eastern Dragon,Container,under way using engine
477005678,2021-05-21T23:40:00Z,4.40909,80.89792,14.8,63.0,63.0,MV Eastern Dragon,Container,under way using engine
477005678,2021-05-21T23:50:00Z,4.40392,80.90071,13.2,313.8,313.8,MV Eastern Dragon,Container,under way using engine
477005678,2021-05-22T00:00:00Z,4.39876,80.9035,8.5,98.7,98.7,MV Eastern Dragon,Container,under way using engine
