MMSI,BaseDateTime,LAT,LON,SOG,COG,Heading,VesselName,VesselType,Flag,IMO,Status
123456789,2024-06-15 04:05:00+00:00,19.681319340094802,67.86828960797055,12.344788421882644,42.63827429343293,42.63827429343293,MV OCEAN STAR,Tanker,Panama,,0
123456789,2024-06-15 04:10:00+00:00,19.69395805657464,67.87965898991251,12.34787231815198,41.97352711537556,41.97352711537556,MV OCEAN STAR,Tanker,Panama,,0
123456789,2024-06-15 04:15:00+00:00,19.706636002352607,67.89098461090437,12.104203985740382,41.77545082661663,41.77545082661663,MV OCEAN STAR,Tanker,Panama,,0
123456789,2024-06-15 04:20:00+00:00,19.71911919467765,67.90252453765353,12.390902050355475,42.751441535783194,42.751441535783194,MV OCEAN STAR,Tanker,Panama,,0
123456789,2024-06-15 04:25:00+00:00,19.731713558235274,67.91394303171266,11.773607011669506,42.19656080600434,42.19656080600434,MV OCEAN STAR,Tanker,Panama,,0
123456789,2024-06-15 04:30:00+00:00,19.74447536983674,67.92517406749074,12.40479337281175,41.349400491258834,41.349400491258834,MV OCEAN STAR,Tanker,Panama,,0
123456789,2024-06-15 04:35:00+00:00,19.75721070168552,67.93643512084739,11.89820612611525,41.48430813468323,41.48430813468323,MV OCEAN STAR,Tanker,Panama,,0
123456789,2024-06-15 04:40:00+00:00,19.769912665203826,67.94773379876915,11.572141868665506,41.65380156417086,41.65380156417086,MV OCEAN STAR,Tanker,Panama,,0
123456789,2024-06-15 04:45:00+00:00,19.782625285837454,67.95902048458144,13.203097100196333,41.59973046825474,41.59973046825474,MV OCEAN STAR,Tanker,Panama,,0
123456789,2024-06-15 04:50:00+00:00,19.79508370790141,67.97058714873653,11.476737033178416,42.87428361837261,42.87428361837261,MV OCEAN STAR,Tanker,Panama,,0
123456789,2024-06-15 04:55:00+00:00,19.807444269660113,67.98225833175323,11.300402995628584,43.35685408075709,43.35685408075709,MV OCEAN STAR,Tanker,Panama,,0
123456789,2024-06-15 05:00:00+00:00,19.819874631003863,67.99385514669802,12.522491598478075,43.01310214770196,43.01310214770196,MV OCEAN STAR,Tanker,Panama,,0
123456789,2024-06-15 05:05:00+00:00,19.83243876599143,68.00530689381426,11.693166347813136,42.348021253062576,42.348021253062576,MV OCEAN STAR,Tanker,Panama,,0
123456789,2024-06-15 05:10:00+00:00,19.84502459745473,68.0167347915377,11.853718432343992,42.239355570009565,42.239355570009565,MV OCEAN STAR,Tanker,Panama,,0
123456789,2024-06-15 05:15:00+00:00,19.85759112478545,68.02818391337505,11.253898475478602,42.33605042650187,42.33605042650187,MV OCEAN STAR,Tanker,Panama,,0
123456789,2024-06-15 05:20:00+00:00,19.870168919170784,68.03962065628552,12.0614078359332,42.27963528712223,42.27963528712223,MV OCEAN STAR,Tanker,Panama,,0
123456789,2024-06-15 05:25:00+00:00,19.882791906128347,68.05100749958247,12.183045034481937,42.05273490025232,42.05273490025232,MV OCEAN STAR,Tanker,Panama,,0
123456789,2024-06-15 05:30:00+00:00,19.89544573247982,68.06236006223003,12.6565738570386,41.89732485701181,41.89732485701181,MV OCEAN STAR,Tanker,Panama,,0
123456789,2024-06-15 05:35:00+00:00,19.908025803378383,68.0737943009973,11.565030441540898,42.26822916547941,42.26822916547941,MV OCEAN STAR,Tanker,Panama,,0
123456789,2024-06-15 05:40:00+00:00,19.920787587839378,68.085025367615,12.49570093194899,41.349538949745366,41.349538949745366,MV OCEAN STAR,Tanker,Panama,,0
123456789,2024-06-15 05:45:00+00:00,19.93367623225747,68.09611062111071,12.398619551975173,40.698135689622404,40.698135689622404,MV OCEAN STAR,Tanker,Panama,,0
123456789,2024-06-15 05:50:00+00:00,19.946609833276174,68.10714338888171,11.692225855402162,40.46521974309015,40.46521974309015,MV OCEAN STAR,Tanker,Panama,,0
123456789,2024-06-15 05:55:00+00:00,19.959665217859154,68.11803177413346,11.511277596836402,39.82860975684804,39.82860975684804,MV OCEAN STAR,Tanker,Panama,,0
123456789,2024-06-15 06:00:00+00:00,19.972590471488044,68.12907431997347,11.77646948813073,40.50855051447322,40.50855051447322,MV OCEAN STAR,Tanker,Panama,,0
123456789,2024-06-15 06:05:00+00:00,19.985336539322702,68.14032322013101,12.385932242809607,41.42965438937986,41.42965438937986,MV OCEAN STAR,Tanker,Panama,,0
123456789,2024-06-15 06:10:00+00:00,19.998167015108898,68.1514757485932,12.08310091700423,40.9978786687237,40.9978786687237,MV OCEAN STAR,Tanker,Panama,,0
123456789,2024-06-15 06:15:00+00:00,20.011065332307954,68.16254974576823,11.15073085643385,40.648115091132475,40.648115091132475,MV OCEAN STAR,Tanker,Panama,,0
123456789,2024-06-15 06:20:00+00:00,20.02390347009433,68.17369345332801,12.474852251156632,40.958499801808465,40.958499801808465,MV OCEAN STAR,Tanker,Panama,,0
123456789,2024-06-15 06:25:00+00:00,20.036695104382837,68.18489051063023,11.994142947171422,41.19702792100688,41.19702792100688,MV OCEAN STAR,Tanker,Panama,,0
123456789,2024-06-15 06:30:00+00:00,20.049581895395015,68.1959779186866,12.227778355900654,40.707714362518,40.707714362518,MV OCEAN STAR,Tanker,Panama,,0
123456789,2024-06-15 06:35:00+00:00,20.062396486820965,68.20714869514063,12.803487504936001,41.07941737029382,41.07941737029382,MV OCEAN STAR,Tanker,Panama,,0
123456789,2024-06-15 06:40:00+00:00,20.075127725785705,68.21841437552057,12.775061927962273,41.50512828391887,41.50512828391887,MV OCEAN STAR,Tanker,Panama,,0
123456789,2024-06-15 06:45:00+00:00,20.08776151376122,68.22978923382253,11.709098879040344,41.99835823654707,41.99835823654707,MV OCEAN STAR,Tanker,Panama,,0
123456789,2024-06-15 06:50:00+00:00,20.100540696119314,68.24100050039944,12.453364784760256,41.260704525282655,41.260704525282655,MV OCEAN STAR,Tanker,Panama,,0
123456789,2024-06-15 06:55:00+00:00,20.11337175911598,68.25215235326681,11.40566503949493,40.99486180120212,40.99486180120212,MV OCEAN STAR,Tanker,Panama,,0
123456789,2024-06-15 07:00:00+00:00,20.126342824528862,68.26314105028032,12.020823299983386,40.27026907852224,40.27026907852224,MV OCEAN STAR,Tanker,Panama,,0
123456789,2024-06-15 07:05:00+00:00,20.13919526520136,68.27426825876942,11.748173478859622,40.88490652030558,40.88490652030558,MV OCEAN STAR,Tanker,Panama,,0
123456789,2024-06-15 07:10:00+00:00,20.152138853999453,68.28528930722345,11.881858665709244,40.41332327667964,40.41332327667964,MV OCEAN STAR,Tanker,Panama,,0
123456789,2024-06-15 07:15:00+00:00,20.164896297969477,68.29652530399062,11.64615008247893,41.37167729568541,41.37167729568541,MV OCEAN STAR,Tanker,Panama,,0
123456789,2024-06-15 07:20:00+00:00,20.177510006437675,68.3079224246217,12.275011080354416,42.099400902105636,42.099400902105636,MV OCEAN STAR,Tanker,Panama,,0
123456789,2024-06-15 07:25:00+00:00,20.190119296111124,68.31932443382757,12.387330301711488,42.12161037136295,42.12161037136295,MV OCEAN STAR,Tanker,Panama,,0
123456789,2024-06-15 07:30:00+00:00,20.202836115684875,68.33060638844229,11.806089773438938,41.57841048263331,41.57841048263331,MV OCEAN STAR,Tanker,Panama,,0
123456789,2024-06-15 07:35:00+00:00,20.215371637583193,68.34208944947743,12.014280927351358,42.49098372229146,42.49098372229146,MV OCEAN STAR,Tanker,Panama,,0
123456789,2024-06-15 07:40:00+00:00,20.22779590133349,68.35369279685062,12.623314288190697,43.04321972680976,43.04321972680976,MV OCEAN STAR,Tanker,Panama,,0
123456789,2024-06-15 07:45:00+00:00,20.240218034398794,68.36529842523119,12.29022554217182,43.05373973067336,43.05373973067336,MV OCEAN STAR,Tanker,Panama,,0
123456789,2024-06-15 07:50:00+00:00,20.252723667226462,68.37681402975633,12.114036142116944,42.63990685290543,42.63990685290543,MV OCEAN STAR,Tanker,Panama,,0
123456789,2024-06-15 07:55:00+00:00,20.265321247659806,68.38822897466314,11.406135217942383,42.180416641207344,42.180416641207344,MV OCEAN STAR,Tanker,Panama,,0
123456789,2024-06-15 08:00:00+00:00,20.277933368552972,68.39962785208927,12.526297489710041,42.107381368549646,42.107381368549646,MV OCEAN STAR,Tanker,Panama,,0
123456789,2024-06-15 08:05:00+00:00,20.29065535939848,68.41090397504561,11.496900793175408,41.55214121918745,41.55214121918745,MV OCEAN STAR,Tanker,Panama,,0
123456789,2024-06-15 08:10:00+00:00,20.303506484050406,68.42203270341774,11.278446977376325,40.8916824583354,40.8916824583354,MV OCEAN STAR,Tanker,Panama,,0
123456789,2024-06-15 08:15:00+00:00,20.316471665739872,68.43302834181482,12.411591550952986,40.30093750721288,40.30093750721288,MV OCEAN STAR,Tanker,Panama,,0
123456789,2024-06-15 08:20:00+00:00,20.32950381020271,68.44394453211638,11.863238285171239,39.95074561701722,39.95074561701722,MV OCEAN STAR,Tanker,Panama,,0
123456789,2024-06-15 08:25:00+00:00,20.34252547184053,68.45487322500209,11.491434539208596,40.005735298534674,40.005735298534674,MV OCEAN STAR,Tanker,Panama,,0
123456789,2024-06-15 08:30:00+00:00,20.35565272536913,68.46567485519368,11.33569487334432,39.44891687897166,39.44891687897166,MV OCEAN STAR,Tanker,Panama,,0
123456789,2024-06-15 08:35:00+00:00,20.368755408023894,68.47650627741095,11.372641770728192,39.579070196007194,39.579070196007194,MV OCEAN STAR,Tanker,Panama,,0
123456789,2024-06-15 08:40:00+00:00,20.381900818089775,68.4872858040332,11.851521531306693,39.35250937678972,39.35250937678972,MV OCEAN STAR,Tanker,Panama,,0
123456789,2024-06-15 08:45:00+00:00,20.39502088283014,68.49809616486014,11.6889648001096,39.487033423648526,39.487033423648526,MV OCEAN STAR,Tanker,Panama,,0
123456789,2024-06-15 08:50:00+00:00,20.40825085829117,68.50877173272796,11.726836416198434,38.90084833690407,38.90084833690407,MV OCEAN STAR,Tanker,Panama,,0
123456789,2024-06-15 08:55:00+00:00,20.421469273207887,68.5194616114499,11.693032322777935,38.962852220657155,38.962852220657155,MV OCEAN STAR,Tanker,Panama,,0
123456789,2024-06-15 09:00:00+00:00,20.434635535184327,68.53021565931886,11.91492386825138,39.24154534738864,39.24154534738864,MV OCEAN STAR,Tanker,Panama,,0
123456789,2024-06-15 09:05:00+00:00,20.447766297805654,68.54101302348714,12.587388871780346,39.43029969726509,39.43029969726509,MV OCEAN STAR,Tanker,Panama,,0
123456789,2024-06-15 09:10:00+00:00,20.460906403903085,68.55179901494589,12.458949299032994,39.38069279435734,39.38069279435734,MV OCEAN STAR,Tanker,Panama,,0
123456789,2024-06-15 09:15:00+00:00,20.473969007936276,68.56267873809824,12.25550753910074,39.79060516731894,39.79060516731894,MV OCEAN STAR,Tanker,Panama,,0
123456789,2024-06-15 09:20:00+00:00,20.487181804104754,68.57337556086999,11.96871570755944,38.992957896655724,38.992957896655724,MV OCEAN STAR,Tanker,Panama,,0
123456789,2024-06-15 09:25:00+00:00,20.500416163393478,68.58404569368159,12.097532112106279,38.87731434051302,38.87731434051302,MV OCEAN STAR,Tanker,Panama,,0
123456789,2024-06-15 09:30:00+00:00,20.51354647838968,68.59484360218742,11.320733499815766,39.432674942135364,39.432674942135364,MV OCEAN STAR,Tanker,Panama,,0
123456789,2024-06-15 09:35:00+00:00,20.52668200541444,68.60563516971868,11.918941348566069,39.40501079385323,39.40501079385323,MV OCEAN STAR,Tanker,Panama,,0
123456789,2024-06-15 09:40:00+00:00,20.53981266268372,68.61643266200517,12.28612736381916,39.43085874034229,39.43085874034229,MV OCEAN STAR,Tanker,Panama,,0
123456789,2024-06-15 09:45:00+00:00,20.552963911323832,68.62720506467151,12.638264830960122,39.32146569163219,39.32146569163219,MV OCEAN STAR,Tanker,Panama,,0
123456789,2024-06-15 09:50:00+00:00,20.56616435351369,68.63791712917805,12.145891189008877,39.05908284253432,39.05908284253432,MV OCEAN STAR,Tanker,Panama,,0
123456789,2024-06-15 09:55:00+00:00,20.579464213550267,68.64850550596618,11.809269505372718,38.52424118518673,38.52424118518673,MV OCEAN STAR,Tanker,Panama,,0
123456789,2024-06-15 10:00:00+00:00,20.592852769057476,68.65898150622537,11.750973646068053,38.04173500098788,38.04173500098788,MV OCEAN STAR,Tanker,Panama,,0
123456789,2024-06-15 10:05:00+00:00,20.60622921123588,68.66947296916663,11.163338712968098,38.10793686169679,38.10793686169679,MV OCEAN STAR,Tanker,Panama,,0
123456789,2024-06-15 10:10:00+00:00,20.619599805014694,68.67997188444403,12.810093635389316,38.13986469086088,38.13986469086088,MV OCEAN STAR,Tanker,Panama,,0
123456789,2024-06-15 10:15:00+00:00,20.63295827875821,68.69048621653141,12.521453936380011,38.20595888192492,38.20595888192492,MV OCEAN STAR,Tanker,Panama,,0
123456789,2024-06-15 10:20:00+00:00,20.646286004464077,68.70103949694601,11.780562545675503,38.37320436684291,38.37320436684291,MV OCEAN STAR,Tanker,Panama,,0
123456789,2024-06-15 10:25:00+00:00,20.65953689647262,68.7116890913504,11.851519046024025,38.78845252065686,38.78845252065686,MV OCEAN STAR,Tanker,Panama,,0
123456789,2024-06-15 10:30:00+00:00,20.672685487763854,68.72246473736611,11.886905899900736,39.33559735403361,39.33559735403361,MV OCEAN STAR,Tanker,Panama,,0
123456789,2024-06-15 10:35:00+00:00,20.685871046988847,68.73319511610705,12.819170110605924,39.1386195750545,39.1386195750545,MV OCEAN STAR,Tanker,Panama,,0
123456789,2024-06-15 10:40:00+00:00,20.698790804972468,68.74424409133758,12.01644142590366,40.537057132206066,40.537057132206066,MV OCEAN STAR,Tanker,Panama,,0
123456789,2024-06-15 10:45:00+00:00,20.711922324333806,68.75504053516241,11.62794105918494,39.42628391561335,39.42628391561335,MV OCEAN STAR,Tanker,Panama,,0
123456789,2024-06-15 10:50:00+00:00,20.725111535177653,68.76576642521016,11.191505478225492,39.11911736349438,39.11911736349438,MV OCEAN STAR,Tanker,Panama,,0
123456789,2024-06-15 10:55:00+00:00,20.73814334818005,68.77668301120903,12.604116056305699,39.95248532103465,39.95248532103465,MV OCEAN STAR,Tanker,Panama,,0
123456789,2024-06-15 11:00:00+00:00,20.751087713636398,68.78770314745739,12.038500589498922,40.409285450144154,40.409285450144154,MV OCEAN STAR,Tanker,Panama,,0
123456789,2024-06-15 11:05:00+00:00,20.764150439005515,68.79858272492764,12.73308613835842,39.78996617284632,39.78996617284632,MV OCEAN STAR,Tanker,Panama,,0
123456789,2024-06-15 11:10:00+00:00,20.777095374363572,68.80960219172852,12.14700932220886,40.406322333026026,40.406322333026026,MV OCEAN STAR,Tanker,Panama,,0
123456789,2024-06-15 11:15:00+00:00,20.789942272099314,68.82073579934543,11.087386491141283,40.91343978467747,40.91343978467747,MV OCEAN STAR,Tanker,Panama,,0
123456789,2024-06-15 11:20:00+00:00,20.80278432204157,68.83187499829691,11.966217679034676,40.93838123976459,40.93838123976459,MV OCEAN STAR,Tanker,Panama,,0
123456789,2024-06-15 11:25:00+00:00,20.81575637570054,68.8428625286777,11.793973709103772,40.26511602572925,40.26511602572925,MV OCEAN STAR,Tanker,Panama,,0
123456789,2024-06-15 11:30:00+00:00,20.8287253545562,68.85385368819075,11.251125976353247,40.28114730440321,40.28114730440321,MV OCEAN STAR,Tanker,Panama,,0
123456789,2024-06-15 11:35:00+00:00,20.84151157312049,68.86505692945506,12.090305430855821,41.22473274234401,41.22473274234401,MV OCEAN STAR,Tanker,Panama,,0
123456789,2024-06-15 11:40:00+00:00,20.854321221361747,68.87623337396731,12.064698357686074,41.10476491716587,41.10476491716587,MV OCEAN STAR,Tanker,Panama,,0
123456789,2024-06-15 11:45:00+00:00,20.867189018505577,68.88734282024808,11.869028046134712,40.80577043937741,40.80577043937741,MV OCEAN STAR,Tanker,Panama,,0
123456789,2024-06-15 11:50:00+00:00,20.880082502263843,68.89842244463591,11.968984842208387,40.67311648899913,40.67311648899913,MV OCEAN STAR,Tanker,Panama,,0
123456789,2024-06-15 11:55:00+00:00,20.892872875899236,68.90962094195774,12.261478283454124,41.20347831743515,41.20347831743515,MV OCEAN STAR,Tanker,Panama,,0
123456789,2024-06-15 12:00:00+00:00,20.9055961056853,68.9208956669571,12.325663632772848,41.54584557434431,41.54584557434431,MV OCEAN STAR,Tanker,Panama,,0
123456789,2024-06-15 12:05:00+00:00,20.918244351828744,68.93225444635873,12.019671052400975,41.92548016037206,41.92548016037206,MV OCEAN STAR,Tanker,Panama,,0
123456789,2024-06-15 12:10:00+00:00,20.930884484019202,68.94362225433598,12.345576376124479,41.966392175338015,41.966392175338015,MV OCEAN STAR,Tanker,Panama,,0
123456789,2024-06-15 12:15:00+00:00,20.94336690028334,68.9551630205241,11.681673713234852,42.755294540944384,42.755294540944384,MV OCEAN STAR,Tanker,Panama,,0
123456789,2024-06-15 12:20:00+00:00,20.95578848987673,68.9667692305848,11.687583254958744,43.05642272770258,43.05642272770258,MV OCEAN STAR,Tanker,Panama,,0
123456789,2024-06-15 12:25:00+00:00,20.9681982473692,68.97838809107016,11.75755094048613,43.11480183019781,43.11480183019781,MV OCEAN STAR,Tanker,Panama,,0
123456789,2024-06-15 12:30:00+00:00,20.98053787127876,68.99008140889576,12.327212619710782,43.45954406117881,43.45954406117881,MV OCEAN STAR,Tanker,Panama,,0
123456789,2024-06-15 12:35:00+00:00,20.992889333558175,69.00176222134867,10.9259980270843,43.401506515981694,43.401506515981694,MV OCEAN STAR,Tanker,Panama,,0
123456789,2024-06-15 12:40:00+00:00,21.005455912993302,69.01321128599608,11.867640640356335,42.33578967548987,42.33578967548987,MV OCEAN STAR,Tanker,Panama,,0
123456789,2024-06-15 12:45:00+00:00,21.018100445119437,69.02457419967661,13.145562145001112,41.94421094017447,41.94421094017447,MV OCEAN STAR,Tanker,Panama,,0
123456789,2024-06-15 12:50:00+00:00,21.030718897811035,69.03596606746332,11.510810544218002,42.075545172407764,42.075545172407764,MV OCEAN STAR,Tanker,Panama,,0
123456789,2024-06-15 12:55:00+00:00,21.043292257259044,69.04740768588866,12.59295349944542,42.301848695161674,42.301848695161674,MV OCEAN STAR,Tanker,Panama,,0
123456789,2024-06-15 13:00:00+00:00,21.055663238965938,69.05906782360687,12.241854289435748,43.305676608116244,43.305676608116244,MV OCEAN STAR,Tanker,Panama,,0
123456789,2024-06-15 13:05:00+00:00,21.068063490831552,69.07069682845119,11.376500269633361,43.16165621983509,43.16165621983509,MV OCEAN STAR,Tanker,Panama,,0
123456789,2024-06-15 13:10:00+00:00,21.080499451159866,69.08228763906618,11.720369320687674,42.98543237374588,42.98543237374588,MV OCEAN STAR,Tanker,Panama,,0
123456789,2024-06-15 13:15:00+00:00,21.09303269550264,69.09377318590751,12.494195743904807,42.5023465633159,42.5023465633159,MV OCEAN STAR,Tanker,Panama,,0
123456789,2024-06-15 13:20:00+00:00,21.105620301175737,69.1051991293442,12.680806401853717,42.230459495833635,42.230459495833635,MV OCEAN STAR,Tanker,Panama,,0
123456789,2024-06-15 13:25:00+00:00,21.118292206960035,69.11653150790274,12.297418445504434,41.80599775432541,41.80599775432541,MV OCEAN STAR,Tanker,Panama,,0
123456789,2024-06-15 13:30:00+00:00,21.13097056934772,69.12785666252272,12.618458842838127,41.773343174395976,41.773343174395976,MV OCEAN STAR,Tanker,Panama,,0
123456789,2024-06-15 13:35:00+00:00,21.14364908793712,69.1391816422745,12.670503784367172,41.77255291868633,41.77255291868633,MV OCEAN STAR,Tanker,Panama,,0
123456789,2024-06-15 13:40:00+00:00,21.156455899161248,69.1503613375418,12.654659065240839,41.11930670379595,41.11930670379595,MV OCEAN STAR,Tanker,Panama,,0
123456789,2024-06-15 13:45:00+00:00,21.169319320118074,69.16147585063447,12.965538187842954,40.82833500927712,40.82833500927712,MV OCEAN STAR,Tanker,Panama,,0
123456789,2024-06-15 13:50:00+00:00,21.1821676801832,69.17260777066818,12.591213135041441,40.90591377378998,40.90591377378998,MV OCEAN STAR,Tanker,Panama,,0
123456789,2024-06-15 13:55:00+00:00,21.19475527789288,69.18403372287791,11.806579175458541,42.23049942863354,42.23049942863354,MV OCEAN STAR,Tanker,Panama,,0
123456789,2024-06-15 14:00:00+00:00,21.20716252337402,69.19565526578627,12.384729588309188,43.12718781544555,43.12718781544555,MV OCEAN STAR,Tanker,Panama,,0
123456789,2024-06-15 14:05:00+00:00,21.219466487137883,69.2073861001853,11.510235305734511,43.63399428222293,43.63399428222293,MV OCEAN STAR,Tanker,Panama,,0
123456789,2024-06-15 14:10:00+00:00,21.231893247834513,69.21898677338079,12.084409304652093,43.03088871842833,43.03088871842833,MV OCEAN STAR,Tanker,Panama,,0
123456789,2024-06-15 14:15:00+00:00,21.244338019334606,69.23056812314282,11.316858577050345,42.94185914423762,42.94185914423762,MV OCEAN STAR,Tanker,Panama,,0
123456789,2024-06-15 14:20:00+00:00,21.256729777009408,69.24220617889664,11.30188696933772,43.20349057705655,43.20349057705655,MV OCEAN STAR,Tanker,Panama,,0
123456789,2024-06-15 14:25:00+00:00,21.269074379958496,69.2538942402427,12.314210708109073,43.435141912382804,43.435141912382804,MV OCEAN STAR,Tanker,Panama,,0
234567890,2024-06-15 02:30:00+00:00,20.74077282337026,68.75995324479862,10.343221619468899,342.55243456043644,342.55243456043644,MV BLUE WAVE,Cargo,Liberia,,0
234567890,2024-06-15 02:35:00+00:00,20.755523448231727,68.75512486865098,10.935463507412287,341.874985940224,341.874985940224,MV BLUE WAVE,Cargo,Liberia,,0
234567890,2024-06-15 02:40:00+00:00,20.77018871445938,68.75004312520026,10.257631730390072,340.8880011768263,340.8880011768263,MV BLUE WAVE,Cargo,Liberia,,0
234567890,2024-06-15 02:45:00+00:00,20.78476425286519,68.74470947446109,10.83805542276819,339.9008281088299,339.9008281088299,MV BLUE WAVE,Cargo,Liberia,,0
234567890,2024-06-15 02:50:00+00:00,20.79931484531339,68.7393081404191,9.63000637018238,339.6345407235321,339.6345407235321,MV BLUE WAVE,Cargo,Liberia,,0
234567890,2024-06-15 02:55:00+00:00,20.81383671240944,68.7338300453057,10.47041262943287,339.33198116913735,339.33198116913735,MV BLUE WAVE,Cargo,Liberia,,0
234567890,2024-06-15 03:00:00+00:00,20.828405373504154,68.72847763800299,11.186381796509783,339.82707952084786,339.82707952084786,MV BLUE WAVE,Cargo,Liberia,,0
234567890,2024-06-15 03:05:00+00:00,20.84294707482401,68.72305241240852,10.541107541386909,339.5404343717979,339.5404343717979,MV BLUE WAVE,Cargo,Liberia,,0
234567890,2024-06-15 03:10:00+00:00,20.857532777443698,68.71774662037369,11.652713983259565,340.01030120669304,340.01030120669304,MV BLUE WAVE,Cargo,Liberia,,0
234567890,2024-06-15 03:15:00+00:00,20.87207882805979,68.71233306687337,11.881721191570964,339.5864167287814,339.5864167287814,MV BLUE WAVE,Cargo,Liberia,,0
234567890,2024-06-15 03:20:00+00:00,20.886671137631886,68.70704547277218,11.175169889675512,340.08177041106046,340.08177041106046,MV BLUE WAVE,Cargo,Liberia,,0
234567890,2024-06-15 03:25:00+00:00,20.901254410169173,68.70173300516005,11.392943666672188,339.98407591788424,339.98407591788424,MV BLUE WAVE,Cargo,Liberia,,0
234567890,2024-06-15 03:30:00+00:00,20.91581701792214,68.6963641500251,10.497874195270448,339.76237988324897,339.76237988324897,MV BLUE WAVE,Cargo,Liberia,,0
234567890,2024-06-15 03:35:00+00:00,20.930464015748814,68.69122998946156,10.882469159295558,340.6830851640377,340.6830851640377,MV BLUE WAVE,Cargo,Liberia,,0
234567890,2024-06-15 03:40:00+00:00,20.945114239732934,68.68610504192604,10.388286382996188,340.7191204992592,340.7191204992592,MV BLUE WAVE,Cargo,Liberia,,0
234567890,2024-06-15 03:45:00+00:00,20.959719610357652,68.68085363269218,11.213424928508662,340.22378437277956,340.22378437277956,MV BLUE WAVE,Cargo,Liberia,,0
234567890,2024-06-15 03:50:00+00:00,20.974266732950035,68.67544296043182,10.376644396349699,339.5977652941816,339.5977652941816,MV BLUE WAVE,Cargo,Liberia,,0
234567890,2024-06-15 03:55:00+00:00,20.98881935402852,68.67004709444268,9.80056528724837,339.65607074092065,339.65607074092065,MV BLUE WAVE,Cargo,Liberia,,0
234567890,2024-06-15 04:00:00+00:00,21.00335087945873,68.66459467124763,10.8370218803792,339.43323558815297,339.43323558815297,MV BLUE WAVE,Cargo,Liberia,,0
234567890,2024-06-15 04:05:00+00:00,21.017938817311943,68.65929502793722,10.720949175148414,340.0344528687912,340.0344528687912,MV BLUE WAVE,Cargo,Liberia,,0
234567890,2024-06-15 04:10:00+00:00,21.032522543869742,68.65398380682394,10.495010519735743,339.9889731734214,339.9889731734214,MV BLUE WAVE,Cargo,Liberia,,0
234567890,2024-06-15 04:15:00+00:00,21.04713835699811,68.64876153178108,11.15794497646912,340.3380347497925,340.3380347497925,MV BLUE WAVE,Cargo,Liberia,,0
234567890,2024-06-15 04:20:00+00:00,21.06178717594597,68.64363256956055,10.21445042294833,340.7034186549375,340.7034186549375,MV BLUE WAVE,Cargo,Liberia,,0
234567890,2024-06-15 04:25:00+00:00,21.07643308404335,68.63849530121738,10.546318969677051,340.67092777295966,340.67092777295966,MV BLUE WAVE,Cargo,Liberia,,0
234567890,2024-06-15 04:30:00+00:00,21.090980212632086,68.63308464507882,11.053840031276183,339.59782879203533,339.59782879203533,MV BLUE WAVE,Cargo,Liberia,,0
234567890,2024-06-15 04:35:00+00:00,21.105474652030413,68.62753438593577,9.7335296325475,339.0469906719693,339.0469906719693,MV BLUE WAVE,Cargo,Liberia,,0
234567890,2024-06-15 04:40:00+00:00,21.119962380768563,68.62196663360324,11.680967052036161,338.97782498349494,338.97782498349494,MV BLUE WAVE,Cargo,Liberia,,0
234567890,2024-06-15 04:45:00+00:00,21.13442509037111,68.61633421130203,10.522081711460313,338.7218488867559,338.7218488867559,MV BLUE WAVE,Cargo,Liberia,,0
234567890,2024-06-15 04:50:00+00:00,21.148806581178615,68.61049752798182,11.299621064959393,337.9103790928352,337.9103790928352,MV BLUE WAVE,Cargo,Liberia,,0
234567890,2024-06-15 04:55:00+00:00,21.163105607160578,68.60446163484212,11.469429971126658,337.11445910077055,337.11445910077055,MV BLUE WAVE,Cargo,Liberia,,0
234567890,2024-06-15 05:00:00+00:00,21.177433980945548,68.59849574390238,10.253095923084283,337.39466775769284,337.39466775769284,MV BLUE WAVE,Cargo,Liberia,,0
234567890,2024-06-15 05:05:00+00:00,21.19170085702059,68.59238424677923,10.663930664583422,336.8111759037179,336.8111759037179,MV BLUE WAVE,Cargo,Liberia,,0
234567890,2024-06-15 05:10:00+00:00,21.205938690222432,68.58620539124254,10.801571975245333,336.5403893758147,336.5403893758147,MV BLUE WAVE,Cargo,Liberia,,0
234567890,2024-06-15 05:15:00+00:00,21.22012433559406,68.57990764439012,11.033392435873713,336.0610721896954,336.0610721896954,MV BLUE WAVE,Cargo,Liberia,,0
234567890,2024-06-15 05:20:00+00:00,21.23442810676085,68.57388300494573,11.134421816198373,337.15954484595915,337.15954484595915,MV BLUE WAVE,Cargo,Liberia,,0
234567890,2024-06-15 05:25:00+00:00,21.248709848726108,68.56780632851329,11.21588730935451,336.95094292326974,336.95094292326974,MV BLUE WAVE,Cargo,Liberia,,0
234567890,2024-06-15 05:30:00+00:00,21.262995895659763,68.56173977982098,11.008663171236508,336.9915674702609,336.9915674702609,MV BLUE WAVE,Cargo,Liberia,,0
234567890,2024-06-15 05:35:00+00:00,21.27726721129864,68.55563865697658,10.90601217283756,336.8528325277708,336.8528325277708,MV BLUE WAVE,Cargo,Liberia,,0
234567890,2024-06-15 05:40:00+00:00,21.29151512487727,68.54948308156216,10.949367960174179,336.6340398927441,336.6340398927441,MV BLUE WAVE,Cargo,Liberia,,0
234567890,2024-06-15 05:45:00+00:00,21.305755354776572,68.54330975163076,10.766468070125057,336.5626236027251,336.5626236027251,MV BLUE WAVE,Cargo,Liberia,,0
234567890,2024-06-15 05:50:00+00:00,21.31992687046232,68.53698027351678,11.060949274956677,335.9328459117911,335.9328459117911,MV BLUE WAVE,Cargo,Liberia,,0
234567890,2024-06-15 05:55:00+00:00,21.334082905572846,68.530616248063,10.50356822008067,335.79309392287,335.79309392287,MV BLUE WAVE,Cargo,Liberia,,0
234567890,2024-06-15 06:00:00+00:00,21.348245159193617,68.52426607307268,10.997445968200816,335.8491406031411,335.8491406031411,MV BLUE WAVE,Cargo,Liberia,,0
234567890,2024-06-15 06:05:00+00:00,21.362476264299072,68.51807173715152,10.613324539643315,336.4780786145999,336.4780786145999,MV BLUE WAVE,Cargo,Liberia,,0
234567890,2024-06-15 06:10:00+00:00,21.37660196236664,68.51164065605028,10.322113649777886,335.52139923085844,335.52139923085844,MV BLUE WAVE,Cargo,Liberia,,0
234567890,2024-06-15 06:15:00+00:00,21.39075021702316,68.50525935209254,11.609484806556098,335.7231409059954,335.7231409059954,MV BLUE WAVE,Cargo,Liberia,,0
234567890,2024-06-15 06:20:00+00:00,21.40480570277212,68.49867623198216,10.899923871380263,334.9031775773609,334.9031775773609,MV BLUE WAVE,Cargo,Liberia,,0
234567890,2024-06-15 06:25:00+00:00,21.418864856543188,68.49210094907812,10.067402677394783,334.9351209948822,334.9351209948822,MV BLUE WAVE,Cargo,Liberia,,0
234567890,2024-06-15 06:30:00+00:00,21.432908158685322,68.48549187841944,10.932187101763697,334.79734692889923,334.79734692889923,MV BLUE WAVE,Cargo,Liberia,,0
234567890,2024-06-15 06:35:00+00:00,21.446978247165323,68.47894002675814,10.640990342861594,335.0305740465596,335.0305740465596,MV BLUE WAVE,Cargo,Liberia,,0
234567890,2024-06-15 06:40:00+00:00,21.461010538879695,68.47230761096375,10.417252550518704,334.702062929141,334.702062929141,MV BLUE WAVE,Cargo,Liberia,,0
234567890,2024-06-15 06:45:00+00:00,21.474988517300005,68.46556148101332,11.440950264670663,334.2368546046676,334.2368546046676,MV BLUE WAVE,Cargo,Liberia,,0
234567890,2024-06-15 06:50:00+00:00,21.489009618866675,68.45890544158406,9.860891701887782,334.6055659213086,334.6055659213086,MV BLUE WAVE,Cargo,Liberia,,0
234567890,2024-06-15 06:55:00+00:00,21.503046136337854,68.4522819736625,11.115885644120343,334.73859282443806,334.73859282443806,MV BLUE WAVE,Cargo,Liberia,,0
234567890,2024-06-15 07:00:00+00:00,21.51705691908102,68.44560424074251,11.482996855336136,334.51688510349703,334.51688510349703,MV BLUE WAVE,Cargo,Liberia,,0
234567890,2024-06-15 07:05:00+00:00,21.53099919511398,68.43878463011964,10.555785445243643,333.93527263353104,333.93527263353104,MV BLUE WAVE,Cargo,Liberia,,0
234567890,2024-06-15 07:10:00+00:00,21.54491435249643,68.43190985411977,11.10178079294129,333.7083501386205,333.7083501386205,MV BLUE WAVE,Cargo,Liberia,,0
234567890,2024-06-15 07:15:00+00:00,21.55886131556404,68.42509983420662,9.604765132900432,333.97467902720643,333.97467902720643,MV BLUE WAVE,Cargo,Liberia,,0
234567890,2024-06-15 07:20:00+00:00,21.572746685092504,68.41816509101852,11.011804294554738,333.46117054550376,333.46117054550376,MV BLUE WAVE,Cargo,Liberia,,0
234567890,2024-06-15 07:25:00+00:00,21.586631280627742,68.41122879828757,10.592945592089986,333.4547764239224,333.4547764239224,MV BLUE WAVE,Cargo,Liberia,,0
234567890,2024-06-15 07:30:00+00:00,21.60052736372706,68.4043155483627,11.936874766446671,333.54982487483824,333.54982487483824,MV BLUE WAVE,Cargo,Liberia,,0
234567890,2024-06-15 07:35:00+00:00,21.614567278220786,68.39769928423287,10.636465585674582,334.7679944845125,334.7679944845125,MV BLUE WAVE,Cargo,Liberia,,0
234567890,2024-06-15 07:40:00+00:00,21.628664832578963,68.39120674149947,10.960312230285673,335.2718541745491,335.2718541745491,MV BLUE WAVE,Cargo,Liberia,,0
234567890,2024-06-15 07:45:00+00:00,21.64276370586379,68.38471706337764,10.829359592405636,335.2834960856107,335.2834960856107,MV BLUE WAVE,Cargo,Liberia,,0
234567890,2024-06-15 07:50:00+00:00,21.656802146958686,68.37809767355289,10.870480776814748,334.75523810171995,334.75523810171995,MV BLUE WAVE,Cargo,Liberia,,0
234567890,2024-06-15 07:55:00+00:00,21.670843158096147,68.37148373703486,10.970637420196999,334.77749291302035,334.77749291302035,MV BLUE WAVE,Cargo,Liberia,,0
234567890,2024-06-15 08:00:00+00:00,21.68487080616395,68.36484150550378,11.21807533502979,334.6619772933262,334.6619772933262,MV BLUE WAVE,Cargo,Liberia,,0
234567890,2024-06-15 08:05:00+00:00,21.69892436476773,68.35825427235193,10.92294625125473,334.8864100264628,334.8864100264628,MV BLUE WAVE,Cargo,Liberia,,0
234567890,2024-06-15 08:10:00+00:00,21.71297104693044,68.3516523885112,11.640203718183901,334.8266651601559,334.8266651601559,MV BLUE WAVE,Cargo,Liberia,,0
234567890,2024-06-15 08:15:00+00:00,21.726940873533177,68.34488939400312,10.433707797072815,334.16770657256535,334.16770657256535,MV BLUE WAVE,Cargo,Liberia,,0
234567890,2024-06-15 08:20:00+00:00,21.74086739434915,68.33803766663047,10.959535766971891,333.80321430253287,333.80321430253287,MV BLUE WAVE,Cargo,Liberia,,0
234567890,2024-06-15 08:25:00+00:00,21.75468007954145,68.33095925735967,10.407557338508637,332.8668048787033,332.8668048787033,MV BLUE WAVE,Cargo,Liberia,,0
234567890,2024-06-15 08:30:00+00:00,21.76856692969198,68.32402747959898,10.622248261496196,333.4734062598928,333.4734062598928,MV BLUE WAVE,Cargo,Liberia,,0
234567890,2024-06-15 08:35:00+00:00,21.78252734158471,68.31724507222313,10.888367680834047,334.0880599048283,334.0880599048283,MV BLUE WAVE,Cargo,Liberia,,0
234567890,2024-06-15 08:40:00+00:00,21.796441339199387,68.31036794924869,11.685662363244834,333.69868604808687,333.69868604808687,MV BLUE WAVE,Cargo,Liberia,,0
234567890,2024-06-15 08:45:00+00:00,21.81025014164804,68.3032819683737,10.806047329726468,332.8353930330694,332.8353930330694,MV BLUE WAVE,Cargo,Liberia,,0
234567890,2024-06-15 08:50:00+00:00,21.82409405568583,68.29626483262318,10.397287537219617,333.1206834077098,333.1206834077098,MV BLUE WAVE,Cargo,Liberia,,0
234567890,2024-06-15 08:55:00+00:00,21.837950760409097,68.28927298850027,11.736282712577532,333.2253094544294,333.2253094544294,MV BLUE WAVE,Cargo,Liberia,,0
234567890,2024-06-15 09:00:00+00:00,21.851850768515153,68.28236763371733,10.11349042804023,333.5823732137288,333.5823732137288,MV BLUE WAVE,Cargo,Liberia,,0
234567890,2024-06-15 09:05:00+00:00,21.865829997357164,68.27562409525378,11.420069073693455,334.2474766427539,334.2474766427539,MV BLUE WAVE,Cargo,Liberia,,0
234567890,2024-06-15 09:10:00+00:00,21.87985625414882,68.26897892629871,10.7562032090139,334.6499788213745,334.6499788213745,MV BLUE WAVE,Cargo,Liberia,,0
234567890,2024-06-15 09:15:00+00:00,21.893836551207347,68.26223760267631,11.182875126922605,334.25655412496246,334.25655412496246,MV BLUE WAVE,Cargo,Liberia,,0
234567890,2024-06-15 09:20:00+00:00,21.907629129516234,68.25512009372865,11.588908514875312,332.7044992397556,332.7044992397556,MV BLUE WAVE,Cargo,Liberia,,0
234567890,2024-06-15 09:25:00+00:00,21.921358883300545,68.24788213745295,10.893245496628426,332.20300979692104,332.20300979692104,MV BLUE WAVE,Cargo,Liberia,,0
234567890,2024-06-15 09:30:00+00:00,21.935062499624753,68.24059481629455,10.251832852047677,331.99680863599554,331.99680863599554,MV BLUE WAVE,Cargo,Liberia,,0
234567890,2024-06-15 09:35:00+00:00,21.948724943447903,68.23323059340234,10.651490672158413,331.6747942018943,331.6747942018943,MV BLUE WAVE,Cargo,Liberia,,0
234567890,2024-06-15 09:40:00+00:00,21.962364605481213,68.22582426032558,10.593057008381118,331.498050770531,331.498050770531,MV BLUE WAVE,Cargo,Liberia,,0
234567890,2024-06-15 09:45:00+00:00,21.976163627811705,68.21871925274294,10.702784343583545,332.7564190550708,332.7564190550708,MV BLUE WAVE,Cargo,Liberia,,0
234567890,2024-06-15 09:50:00+00:00,21.990050491493363,68.21178750209006,10.529940631479652,333.473518103961,333.473518103961,MV BLUE WAVE,Cargo,Liberia,,0
234567890,2024-06-15 09:55:00+00:00,22.003849093973447,68.20468167915226,10.439352408473228,332.75303351662876,332.75303351662876,MV BLUE WAVE,Cargo,Liberia,,0
234567890,2024-06-15 10:00:00+00:00,22.017704580703334,68.19768742168598,10.589224292567973,333.2153301361232,333.2153301361232,MV BLUE WAVE,Cargo,Liberia,,0
234567890,2024-06-15 10:05:00+00:00,22.031545584069175,68.19066454650174,11.487737532467607,333.0969271276687,333.0969271276687,MV BLUE WAVE,Cargo,Liberia,,0
234567890,2024-06-15 10:10:00+00:00,22.04539904980336,68.18366628691963,11.235157725406365,333.198779214956,333.198779214956,MV BLUE WAVE,Cargo,Liberia,,0
234567890,2024-06-15 10:15:00+00:00,22.05923603313301,68.17663549447768,10.790329114945575,333.06414833894485,333.06414833894485,MV BLUE WAVE,Cargo,Liberia,,0
234567890,2024-06-15 10:20:00+00:00,22.0729800135259,68.16942458933431,11.37847791286921,332.31583866851895,332.31583866851895,MV BLUE WAVE,Cargo,Liberia,,0
234567890,2024-06-15 10:25:00+00:00,22.086670611267067,68.16211283964519,10.409184900133384,331.89462272656357,331.89462272656357,MV BLUE WAVE,Cargo,Liberia,,0
234567890,2024-06-15 10:30:00+00:00,22.100275636216352,68.15464307082975,11.568474721542474,331.23123959146744,331.23123959146744,MV BLUE WAVE,Cargo,Liberia,,0
234567890,2024-06-15 10:35:00+00:00,22.113949406766295,68.14729990060331,11.399028953476332,331.7630455333758,331.7630455333758,MV BLUE WAVE,Cargo,Liberia,,0
234567890,2024-06-15 10:40:00+00:00,22.127740556846828,68.14017962466183,11.467502330352534,332.693004269532,332.693004269532,MV BLUE WAVE,Cargo,Liberia,,0
234567890,2024-06-15 10:45:00+00:00,22.141456593005074,68.1329157068393,10.553589973467702,332.09461527649603,332.09461527649603,MV BLUE WAVE,Cargo,Liberia,,0
234567890,2024-06-15 10:50:00+00:00,22.155181824103817,68.12566917792451,11.068789120949997,332.16722933483464,332.16722933483464,MV BLUE WAVE,Cargo,Liberia,,0
234567890,2024-06-15 10:55:00+00:00,22.16896776689586,68.11853882510286,10.921752968673202,332.65113164135,332.65113164135,MV BLUE WAVE,Cargo,Liberia,,0
234567890,2024-06-15 11:00:00+00:00,22.182607039269598,68.11113177446568,11.267559846544996,331.495036489763,331.495036489763,MV BLUE WAVE,Cargo,Liberia,,0
234567890,2024-06-15 11:05:00+00:00,22.196218372191183,68.10367350615965,11.025178241197152,331.2796612514079,331.2796612514079,MV BLUE WAVE,Cargo,Liberia,,0
234567890,2024-06-15 11:10:00+00:00,22.209791452225122,68.096145847266,11.48047995408722,330.98715692692844,330.98715692692844,MV BLUE WAVE,Cargo,Liberia,,0
234567890,2024-06-15 11:15:00+00:00,22.22334742614409,68.088587426721,10.888213044439375,330.8572215417051,330.8572215417051,MV BLUE WAVE,Cargo,Liberia,,0
234567890,2024-06-15 11:20:00+00:00,22.23694658617176,68.0811069857869,11.05991079391211,331.1862856752267,331.1862856752267,MV BLUE WAVE,Cargo,Liberia,,0
234567890,2024-06-15 11:25:00+00:00,22.25060422114413,68.07373384826016,11.607403480115584,331.63740258815034,331.63740258815034,MV BLUE WAVE,Cargo,Liberia,,0
234567890,2024-06-15 11:30:00+00:00,22.264106467591997,68.06607986296571,11.19967986225901,330.4525065254291,330.4525065254291,MV BLUE WAVE,Cargo,Liberia,,0
234567890,2024-06-15 11:35:00+00:00,22.27757552269328,68.0583676191479,10.979226870895696,330.20498696755516,330.20498696755516,MV BLUE WAVE,Cargo,Liberia,,0
234567890,2024-06-15 11:40:00+00:00,22.29107073608708,68.05070124024502,10.342300072075258,330.399901472232,330.399901472232,MV BLUE WAVE,Cargo,Liberia,,0
234567890,2024-06-15 11:45:00+00:00,22.304585018763486,68.0430685268501,11.508799502277183,330.5427320172801,330.5427320172801,MV BLUE WAVE,Cargo,Liberia,,0
234567890,2024-06-15 11:50:00+00:00,22.318161315589514,68.03554667106059,11.184699851231938,331.01165055496097,331.01165055496097,MV BLUE WAVE,Cargo,Liberia,,0
234567890,2024-06-15 11:55:00+00:00,22.331876311649633,68.02828078962075,10.786083243177856,332.086412378195,332.086412378195,MV BLUE WAVE,Cargo,Liberia,,0
234567890,2024-06-15 12:00:00+00:00,22.345678683456022,68.02118229100873,10.8775953226735,332.7834420768737,332.7834420768737,MV BLUE WAVE,Cargo,Liberia,,0
234567890,2024-06-15 12:05:00+00:00,22.35955297305848,68.01422540678848,11.309833281096557,333.36977263450416,333.36977263450416,MV BLUE WAVE,Cargo,Liberia,,0
234567890,2024-06-15 12:10:00+00:00,22.37331022712014,68.00703985804745,10.478569139423303,332.42149315672447,332.42149315672447,MV BLUE WAVE,Cargo,Liberia,,0
234567890,2024-06-15 12:15:00+00:00,22.386971621105538,67.99967368778044,11.112487045691271,331.6666272410353,331.6666272410353,MV BLUE WAVE,Cargo,Liberia,,0
234567890,2024-06-15 12:20:00+00:00,22.400686270775534,67.99240715253619,11.038691973423415,332.08368100975656,332.08368100975656,MV BLUE WAVE,Cargo,Liberia,,0
234567890,2024-06-15 12:25:00+00:00,22.41442261234152,67.98518170650087,10.95125810111682,332.2552038868267,332.2552038868267,MV BLUE WAVE,Cargo,Liberia,,0
234567890,2024-06-15 12:30:00+00:00,22.428114430166595,67.97787224176864,10.825094034799285,331.90418494982424,331.90418494982424,MV BLUE WAVE,Cargo,Liberia,,0
234567890,2024-06-15 12:35:00+00:00,22.44187911076029,67.97070092960277,11.113886064363951,332.48076919303253,332.48076919303253,MV BLUE WAVE,Cargo,Liberia,,0
234567890,2024-06-15 12:40:00+00:00,22.455651417159565,67.96354427350713,11.001392977114683,332.54175850093293,332.54175850093293,MV BLUE WAVE,Cargo,Liberia,,0
234567890,2024-06-15 12:45:00+00:00,22.469443625938116,67.9564260485152,10.221739988070214,332.7015246788686,332.7015246788686,MV BLUE WAVE,Cargo,Liberia,,0
234567890,2024-06-15 12:50:00+00:00,22.48324042269473,67.94931672018663,10.354886907587128,332.7384771702206,332.7384771702206,MV BLUE WAVE,Cargo,Liberia,,0
234567890,2024-06-15 12:55:00+00:00,22.497011937160067,67.94215854029522,11.524131825066197,332.5354189980128,332.5354189980128,MV BLUE WAVE,Cargo,Liberia,,0
234567890,2024-06-15 13:00:00+00:00,22.510818109242354,67.93506743583534,12.10717121580764,332.81413211995414,332.81413211995414,MV BLUE WAVE,Cargo,Liberia,,0
234567890,2024-06-15 13:05:00+00:00,22.52457640896487,67.9278838894429,10.785007064911293,332.42983215834533,332.42983215834533,MV BLUE WAVE,Cargo,Liberia,,0
234567890,2024-06-15 13:10:00+00:00,22.538372371887224,67.92077294315764,11.084097840878295,332.73175786483364,332.73175786483364,MV BLUE WAVE,Cargo,Liberia,,0
234567890,2024-06-15 13:15:00+00:00,22.55219464444151,67.91371327379841,10.716596550587989,332.94451208467626,332.94451208467626,MV BLUE WAVE,Cargo,Liberia,,0
234567890,2024-06-15 13:20:00+00:00,22.56599861144922,67.90661787776459,10.964157128157833,332.79632061446273,332.79632061446273,MV BLUE WAVE,Cargo,Liberia,,0
234567890,2024-06-15 13:25:00+00:00,22.579744725255136,67.89941104036795,11.469390009717875,332.33279493766304,332.33279493766304,MV BLUE WAVE,Cargo,Liberia,,0
234567890,2024-06-15 13:30:00+00:00,22.593431996085062,67.89209306474248,10.013572206360402,331.8685637315366,331.8685637315366,MV BLUE WAVE,Cargo,Liberia,,0
234567890,2024-06-15 13:35:00+00:00,22.60709358135395,67.88472724924333,10.955243279281266,331.6681151241936,331.6681151241936,MV BLUE WAVE,Cargo,Liberia,,0
234567890,2024-06-15 13:40:00+00:00,22.620802756474816,67.8774503908874,10.984364607396904,332.0405454729352,332.0405454729352,MV BLUE WAVE,Cargo,Liberia,,0
234567890,2024-06-15 13:45:00+00:00,22.63454614272043,67.87023835341311,10.867985865088015,332.3111181157108,332.3111181157108,MV BLUE WAVE,Cargo,Liberia,,0
234567890,2024-06-15 13:50:00+00:00,22.64820099309312,67.86286006016019,11.01362859295819,331.6157713565998,331.6157713565998,MV BLUE WAVE,Cargo,Liberia,,0
234567890,2024-06-15 13:55:00+00:00,22.66175438381195,67.85529700852413,11.355684020877689,330.8376458730976,330.8376458730976,MV BLUE WAVE,Cargo,Liberia,,0
234567890,2024-06-15 14:00:00+00:00,22.675312439504214,67.84774232283429,11.315426404953248,330.87300609602136,330.87300609602136,MV BLUE WAVE,Cargo,Liberia,,0
234567890,2024-06-15 14:05:00+00:00,22.68871452829076,67.83991428564836,10.42338320165995,329.71119107622735,329.71119107622735,MV BLUE WAVE,Cargo,Liberia,,0
234567890,2024-06-15 14:10:00+00:00,22.702127591674085,67.83210506797296,10.921885423793928,329.7916141402,329.7916141402,MV BLUE WAVE,Cargo,Liberia,,0
234567890,2024-06-15 14:15:00+00:00,22.715389089911547,67.82404114742991,10.95713768248749,328.6974663852591,328.6974663852591,MV BLUE WAVE,Cargo,Liberia,,0
234567890,2024-06-15 14:20:00+00:00,22.72861793371051,67.81592376843362,11.197448477838426,328.4662168537832,328.4662168537832,MV BLUE WAVE,Cargo,Liberia,,0
234567890,2024-06-15 14:25:00+00:00,22.7418911610207,67.80787916858037,10.285956581334023,328.7809037500433,328.7809037500433,MV BLUE WAVE,Cargo,Liberia,,0
345678901,2024-06-15 02:30:00+00:00,20.541240571485528,68.23189836726257,8.815319186591475,252.40431966067442,252.40431966067442,MV PACIFIC CROSS,Bulk Carrier,Marshall Islands,,0
345678901,2024-06-15 02:35:00+00:00,20.5375363328827,68.22039178336861,7.698656563556572,252.15541812123078,252.15541812123078,MV PACIFIC CROSS,Bulk Carrier,Marshall Islands,,0
345678901,2024-06-15 02:40:00+00:00,20.53402985450811,68.20882340120238,8.969167258100878,253.13748231992588,253.13748231992588,MV PACIFIC CROSS,Bulk Carrier,Marshall Islands,,0
345678901,2024-06-15 02:45:00+00:00,20.53041652682625,68.19728794630892,8.701349504532942,252.60752959486686,252.60752959486686,MV PACIFIC CROSS,Bulk Carrier,Marshall Islands,,0
345678901,2024-06-15 02:50:00+00:00,20.527039869884256,68.1856810068143,9.128116418059953,253.7793842953587,253.7793842953587,MV PACIFIC CROSS,Bulk Carrier,Marshall Islands,,0
345678901,2024-06-15 02:55:00+00:00,20.523608376544594,68.17409016085746,8.461439831565164,253.5085059992814,253.5085059992814,MV PACIFIC CROSS,Bulk Carrier,Marshall Islands,,0
345678901,2024-06-15 03:00:00+00:00,20.520336949880434,68.16245312411624,8.54085944095686,254.2981603898871,254.2981603898871,MV PACIFIC CROSS,Bulk Carrier,Marshall Islands,,0
345678901,2024-06-15 03:05:00+00:00,20.516943896792398,68.15085096710655,8.300426004995566,253.6984307078795,253.6984307078795,MV PACIFIC CROSS,Bulk Carrier,Marshall Islands,,0
345678901,2024-06-15 03:10:00+00:00,20.513255416477232,68.13933932215458,9.758916580725149,252.23386753107664,252.23386753107664,MV PACIFIC CROSS,Bulk Carrier,Marshall Islands,,0
345678901,2024-06-15 03:15:00+00:00,20.509503887369235,68.12784806957328,8.593031743159493,251.91978356133345,251.91978356133345,MV PACIFIC CROSS,Bulk Carrier,Marshall Islands,,0
345678901,2024-06-15 03:20:00+00:00,20.505752794462545,68.11635667459525,8.09381513175755,251.92195846253725,251.92195846253725,MV PACIFIC CROSS,Bulk Carrier,Marshall Islands,,0
345678901,2024-06-15 03:25:00+00:00,20.50199097638955,68.104868786133,8.292673188953797,251.8684749219505,251.8684749219505,MV PACIFIC CROSS,Bulk Carrier,Marshall Islands,,0
345678901,2024-06-15 03:30:00+00:00,20.498112844734557,68.09341963981538,9.579240023004257,251.287386713347,251.287386713347,MV PACIFIC CROSS,Bulk Carrier,Marshall Islands,,0
345678901,2024-06-15 03:35:00+00:00,20.49412714117911,68.0820074961209,8.659357215671212,250.74818963395182,250.74818963395182,MV PACIFIC CROSS,Bulk Carrier,Marshall Islands,,0
345678901,2024-06-15 03:40:00+00:00,20.490203749594066,68.07057378040788,8.956220596738879,251.0607367787425,251.0607367787425,MV PACIFIC CROSS,Bulk Carrier,Marshall Islands,,0
345678901,2024-06-15 03:45:00+00:00,20.4862894942117,68.05913693375606,9.400400370686295,251.10651316308162,251.10651316308162,MV PACIFIC CROSS,Bulk Carrier,Marshall Islands,,0
345678901,2024-06-15 03:50:00+00:00,20.482223357384296,68.04775320028078,7.845769909967866,250.34386495218644,250.34386495218644,MV PACIFIC CROSS,Bulk Carrier,Marshall Islands,,0
345678901,2024-06-15 03:55:00+00:00,20.478088655340542,68.03639419083696,9.156994509100514,249.99839337648464,249.99839337648464,MV PACIFIC CROSS,Bulk Carrier,Marshall Islands,,0
345678901,2024-06-15 04:00:00+00:00,20.4738590050184,68.02507019354412,8.395115389825788,249.51872999553407,249.51872999553407,MV PACIFIC CROSS,Bulk Carrier,Marshall Islands,,0
345678901,2024-06-15 04:05:00+00:00,20.469796508762975,68.01368516035532,8.387308404565738,250.36218736821468,250.36218736821468,MV PACIFIC CROSS,Bulk Carrier,Marshall Islands,,0
345678901,2024-06-15 04:10:00+00:00,20.465824932526548,68.00226809248595,8.351588512218452,250.81910190790134,250.81910190790134,MV PACIFIC CROSS,Bulk Carrier,Marshall Islands,,0
345678901,2024-06-15 04:15:00+00:00,20.46197540831741,67.99080929586943,8.172781030175729,251.43048861148645,251.43048861148645,MV PACIFIC CROSS,Bulk Carrier,Marshall Islands,,0
345678901,2024-06-15 04:20:00+00:00,20.458177597606213,67.97933325603255,8.360340502755832,251.68886936430394,251.68886936430394,MV PACIFIC CROSS,Bulk Carrier,Marshall Islands,,0
345678901,2024-06-15 04:25:00+00:00,20.45421001364463,67.96791480018058,8.714039267176567,250.8391356500433,250.8391356500433,MV PACIFIC CROSS,Bulk Carrier,Marshall Islands,,0
345678901,2024-06-15 04:30:00+00:00,20.45027318670363,67.95648570353333,8.541847790150934,250.99339693517453,250.99339693517453,MV PACIFIC CROSS,Bulk Carrier,Marshall Islands,,0
345678901,2024-06-15 04:35:00+00:00,20.44619870640402,67.9451049536976,8.67351264703328,250.3018656925594,250.3018656925594,MV PACIFIC CROSS,Bulk Carrier,Marshall Islands,,0
345678901,2024-06-15 04:40:00+00:00,20.442160191931094,67.93371139159491,8.293220927029015,250.48283171852523,250.48283171852523,MV PACIFIC CROSS,Bulk Carrier,Marshall Islands,,0
345678901,2024-06-15 04:45:00+00:00,20.438225885899055,67.92228142691509,7.870527918928511,251.0060341507952,251.0060341507952,MV PACIFIC CROSS,Bulk Carrier,Marshall Islands,,0
345678901,2024-06-15 04:50:00+00:00,20.434298217328614,67.91084917971097,8.199637764822299,251.0393028937632,251.0393028937632,MV PACIFIC CROSS,Bulk Carrier,Marshall Islands,,0
345678901,2024-06-15 04:55:00+00:00,20.43051927728498,67.89936691213516,8.678672280389641,251.783058308214,251.783058308214,MV PACIFIC CROSS,Bulk Carrier,Marshall Islands,,0
345678901,2024-06-15 05:00:00+00:00,20.426838233870843,67.88785288695199,8.608450610852644,252.27087866032707,252.27087866032707,MV PACIFIC CROSS,Bulk Carrier,Marshall Islands,,0
345678901,2024-06-15 05:05:00+00:00,20.42305346526202,67.87637253926069,8.66906460767923,251.75397171027964,251.75397171027964,MV PACIFIC CROSS,Bulk Carrier,Marshall Islands,,0
345678901,2024-06-15 05:10:00+00:00,20.41951275514443,67.86481458838699,8.405009092042134,252.9678633004814,252.9678633004814,MV PACIFIC CROSS,Bulk Carrier,Marshall Islands,,0
345678901,2024-06-15 05:15:00+00:00,20.415940392044988,67.85326638166813,8.653413867980897,252.81088513328297,252.81088513328297,MV PACIFIC CROSS,Bulk Carrier,Marshall Islands,,0
345678901,2024-06-15 05:20:00+00:00,20.41230216355946,67.84173875615276,8.48531526356577,252.48380714520084,252.48380714520084,MV PACIFIC CROSS,Bulk Carrier,Marshall Islands,,0
345678901,2024-06-15 05:25:00+00:00,20.40871956919322,67.83019371937749,7.925764842284097,252.7601163126761,252.7601163126761,MV PACIFIC CROSS,Bulk Carrier,Marshall Islands,,0
345678901,2024-06-15 05:30:00+00:00,20.40518186406646,67.81863484836983,8.25108403980104,252.98275923140446,252.98275923140446,MV PACIFIC CROSS,Bulk Carrier,Marshall Islands,,0
345678901,2024-06-15 05:35:00+00:00,20.401597681738053,67.80709030448224,8.708025443341226,252.7522353960468,252.7522353960468,MV PACIFIC CROSS,Bulk Carrier,Marshall Islands,,0
345678901,2024-06-15 05:40:00+00:00,20.397906893160215,67.79557939938276,8.032175166555987,252.22237847287838,252.22237847287838,MV PACIFIC CROSS,Bulk Carrier,Marshall Islands,,0
345678901,2024-06-15 05:45:00+00:00,20.394177475827806,67.78408095153549,8.785041612389888,252.0299990930252,252.0299990930252,MV PACIFIC CROSS,Bulk Carrier,Marshall Islands,,0
345678901,2024-06-15 05:50:00+00:00,20.390651042312406,67.77251863675006,7.181869161496266,253.03862277697462,253.03862277697462,MV PACIFIC CROSS,Bulk Carrier,Marshall Islands,,0
345678901,2024-06-15 05:55:00+00:00,20.38715328977824,67.76094761329726,8.285458492770768,253.18069464901032,253.18069464901032,MV PACIFIC CROSS,Bulk Carrier,Marshall Islands,,0
345678901,2024-06-15 06:00:00+00:00,20.383552232031033,67.7494083221736,9.031419531765614,252.66846334500292,252.66846334500292,MV PACIFIC CROSS,Bulk Carrier,Marshall Islands,,0
345678901,2024-06-15 06:05:00+00:00,20.380050453009293,67.73783851663424,8.57237408087575,253.1607558004971,253.1607558004971,MV PACIFIC CROSS,Bulk Carrier,Marshall Islands,,0
345678901,2024-06-15 06:10:00+00:00,20.37645470991078,67.7262975683151,7.733666387408177,252.69485015395438,252.69485015395438,MV PACIFIC CROSS,Bulk Carrier,Marshall Islands,,0
345678901,2024-06-15 06:15:00+00:00,20.3726850360626,67.71481225527566,8.807936037937395,251.8292898962583,251.8292898962583,MV PACIFIC CROSS,Bulk Carrier,Marshall Islands,,0
345678901,2024-06-15 06:20:00+00:00,20.368975743703764,67.70330729952902,9.204202631185485,252.13025171430274,252.13025171430274,MV PACIFIC CROSS,Bulk Carrier,Marshall Islands,,0
345678901,2024-06-15 06:25:00+00:00,20.36541578172528,67.69175526389682,7.691468060276388,252.87240239471996,252.87240239471996,MV PACIFIC CROSS,Bulk Carrier,Marshall Islands,,0
345678901,2024-06-15 06:30:00+00:00,20.36188170157082,67.68019528405266,8.430000280192319,253.00072687290287,253.00072687290287,MV PACIFIC CROSS,Bulk Carrier,Marshall Islands,,0
345678901,2024-06-15 06:35:00+00:00,20.358325088374727,67.66864221696599,8.63433391853373,252.8890109420598,252.8890109420598,MV PACIFIC CROSS,Bulk Carrier,Marshall Islands,,0
345678901,2024-06-15 06:40:00+00:00,20.354896748395632,67.65705043791688,8.537200473914092,253.52409303919896,253.52409303919896,MV PACIFIC CROSS,Bulk Carrier,Marshall Islands,,0
345678901,2024-06-15 06:45:00+00:00,20.351709725249933,67.64539000310491,9.288909960971132,254.7133079491763,254.7133079491763,MV PACIFIC CROSS,Bulk Carrier,Marshall Islands,,0
345678901,2024-06-15 06:50:00+00:00,20.348673577737614,67.63368937642002,8.140474326518243,255.45337850091718,255.45337850091718,MV PACIFIC CROSS,Bulk Carrier,Marshall Islands,,0
345678901,2024-06-15 06:55:00+00:00,20.3457744689126,67.62195404410447,8.378765075685559,256.1234299313956,256.1234299313956,MV PACIFIC CROSS,Bulk Carrier,Marshall Islands,,0
345678901,2024-06-15 07:00:00+00:00,20.3430585951169,67.61017495729516,7.486660097444756,257.016361310284,257.016361310284,MV PACIFIC CROSS,Bulk Carrier,Marshall Islands,,0
345678901,2024-06-15 07:05:00+00:00,20.34019609739721,67.59843064108091,8.678989237601435,256.30210893637025,256.30210893637025,MV PACIFIC CROSS,Bulk Carrier,Marshall Islands,,0
345678901,2024-06-15 07:10:00+00:00,20.337346403054184,67.58668321163073,8.93667943094941,256.3645631604308,256.3645631604308,MV PACIFIC CROSS,Bulk Carrier,Marshall Islands,,0
345678901,2024-06-15 07:15:00+00:00,20.334410326537,67.57495707368079,8.203085628584146,255.94287083061886,255.94287083061886,MV PACIFIC CROSS,Bulk Carrier,Marshall Islands,,0
345678901,2024-06-15 07:20:00+00:00,20.331412686388482,67.56324652245227,9.03561203374214,255.6418617497733,255.6418617497733,MV PACIFIC CROSS,Bulk Carrier,Marshall Islands,,0
345678901,2024-06-15 07:25:00+00:00,20.3285030267507,67.55151380165411,8.600350248735657,256.0719116398074,256.0719116398074,MV PACIFIC CROSS,Bulk Carrier,Marshall Islands,,0
345678901,2024-06-15 07:30:00+00:00,20.325411380891133,67.53982771666321,9.805614087288252,255.18144500788375,255.18144500788375,MV PACIFIC CROSS,Bulk Carrier,Marshall Islands,,0
345678901,2024-06-15 07:35:00+00:00,20.322433369945355,67.5281121583179,8.843960570806134,255.73788027178557,255.73788027178557,MV PACIFIC CROSS,Bulk Carrier,Marshall Islands,,0
345678901,2024-06-15 07:40:00+00:00,20.31952109227292,67.5163800870901,9.300523809279301,256.0591263285126,256.0591263285126,MV PACIFIC CROSS,Bulk Carrier,Marshall Islands,,0
345678901,2024-06-15 07:45:00+00:00,20.316661091536577,67.50463516255549,8.110636061195795,256.31429039494265,256.31429039494265,MV PACIFIC CROSS,Bulk Carrier,Marshall Islands,,0
345678901,2024-06-15 07:50:00+00:00,20.313690746525623,67.49291765825417,8.540827424078342,255.77536796192513,255.77536796192513,MV PACIFIC CROSS,Bulk Carrier,Marshall Islands,,0
345678901,2024-06-15 07:55:00+00:00,20.310699793690407,67.48120539725669,9.419658134967051,255.67457813022443,255.67457813022443,MV PACIFIC CROSS,Bulk Carrier,Marshall Islands,,0
345678901,2024-06-15 08:00:00+00:00,20.307723063409636,67.46948951345003,7.983222855950421,255.7441433689825,255.7441433689825,MV PACIFIC CROSS,Bulk Carrier,Marshall Islands,,0
345678901,2024-06-15 08:05:00+00:00,20.304881254514804,67.45774017394771,8.238101565277328,256.40301975716835,256.40301975716835,MV PACIFIC CROSS,Bulk Carrier,Marshall Islands,,0
345678901,2024-06-15 08:10:00+00:00,20.302228862263792,67.44594663029525,9.233792911252996,257.3249578244254,257.3249578244254,MV PACIFIC CROSS,Bulk Carrier,Marshall Islands,,0
345678901,2024-06-15 08:15:00+00:00,20.299389795436166,67.4341966279087,9.62003799492779,256.416391099917,256.416391099917,MV PACIFIC CROSS,Bulk Carrier,Marshall Islands,,0
345678901,2024-06-15 08:20:00+00:00,20.296641654757764,67.42242502736556,8.124426159789733,256.85935909524875,256.85935909524875,MV PACIFIC CROSS,Bulk Carrier,Marshall Islands,,0
345678901,2024-06-15 08:25:00+00:00,20.293858961531974,67.41066154680296,8.339763246343884,256.69112396527896,256.69112396527896,MV PACIFIC CROSS,Bulk Carrier,Marshall Islands,,0
345678901,2024-06-15 08:30:00+00:00,20.29113860815522,67.39888349373629,8.277634258536972,256.99457079695,256.99457079695,MV PACIFIC CROSS,Bulk Carrier,Marshall Islands,,0
345678901,2024-06-15 08:35:00+00:00,20.28851384270469,67.38708377073678,8.284165067316266,257.4591400357203,257.4591400357203,MV PACIFIC CROSS,Bulk Carrier,Marshall Islands,,0
345678901,2024-06-15 08:40:00+00:00,20.285925675215548,67.37527596630142,8.158661555777817,257.6367873604885,257.6367873604885,MV PACIFIC CROSS,Bulk Carrier,Marshall Islands,,0
345678901,2024-06-15 08:45:00+00:00,20.283315821144278,67.3634729362556,9.06117551186669,257.531534894322,257.531534894322,MV PACIFIC CROSS,Bulk Carrier,Marshall Islands,,0
345678901,2024-06-15 08:50:00+00:00,20.280572487916896,67.35170021442337,9.04614082350255,256.8827572330587,256.8827572330587,MV PACIFIC CROSS,Bulk Carrier,Marshall Islands,,0
345678901,2024-06-15 08:55:00+00:00,20.277702751757865,67.33995766483169,9.176229951169901,256.2667928567532,256.2667928567532,MV PACIFIC CROSS,Bulk Carrier,Marshall Islands,,0
345678901,2024-06-15 09:00:00+00:00,20.274857187489175,67.32820923427572,7.592994623810419,256.38470592822836,256.38470592822836,MV PACIFIC CROSS,Bulk Carrier,Marshall Islands,,0
345678901,2024-06-15 09:05:00+00:00,20.272052557679874,67.31645096449788,8.371163780345366,256.58425493813894,256.58425493813894,MV PACIFIC CROSS,Bulk Carrier,Marshall Islands,,0
345678901,2024-06-15 09:10:00+00:00,20.269066980550207,67.30473733202378,8.692838126067425,255.70087426572172,255.70087426572172,MV PACIFIC CROSS,Bulk Carrier,Marshall Islands,,0
345678901,2024-06-15 09:15:00+00:00,20.26624044766873,67.29298430822539,8.082055951119013,256.4775017110468,256.4775017110468,MV PACIFIC CROSS,Bulk Carrier,Marshall Islands,,0
345678901,2024-06-15 09:20:00+00:00,20.263220715939102,67.28127943416298,8.340490629294006,255.53374891653885,255.53374891653885,MV PACIFIC CROSS,Bulk Carrier,Marshall Islands,,0
345678901,2024-06-15 09:25:00+00:00,20.260121308295883,67.26959540537165,8.467725361693368,255.14338636318465,255.14338636318465,MV PACIFIC CROSS,Bulk Carrier,Marshall Islands,,0
345678901,2024-06-15 09:30:00+00:00,20.256958634315115,67.25792834276673,8.497693300665754,254.832918197432,254.832918197432,MV PACIFIC CROSS,Bulk Carrier,Marshall Islands,,0
345678901,2024-06-15 09:35:00+00:00,20.253812405296294,67.2462568347452,8.411480003294391,254.91366236749147,254.91366236749147,MV PACIFIC CROSS,Bulk Carrier,Marshall Islands,,0
345678901,2024-06-15 09:40:00+00:00,20.250700378955855,67.23457616059547,8.396036218410812,255.08149830708018,255.08149830708018,MV PACIFIC CROSS,Bulk Carrier,Marshall Islands,,0
345678901,2024-06-15 09:45:00+00:00,20.247409339665882,67.22294465523599,8.729840952028319,254.2015732970301,254.2015732970301,MV PACIFIC CROSS,Bulk Carrier,Marshall Islands,,0
345678901,2024-06-15 09:50:00+00:00,20.244228708007025,67.21128247538888,8.20179173101598,254.74471139316847,254.74471139316847,MV PACIFIC CROSS,Bulk Carrier,Marshall Islands,,0
345678901,2024-06-15 09:55:00+00:00,20.241034905103394,67.1996238957349,8.20650905032435,254.6799916608453,254.6799916608453,MV PACIFIC CROSS,Bulk Carrier,Marshall Islands,,0
345678901,2024-06-15 10:00:00+00:00,20.237952637303053,67.18793533373,8.604816224030841,255.2274198784301,255.2274198784301,MV PACIFIC CROSS,Bulk Carrier,Marshall Islands,,0
345678901,2024-06-15 10:05:00+00:00,20.235062565691553,67.1761977725431,8.611368096969217,256.1675484093365,256.1675484093365,MV PACIFIC CROSS,Bulk Carrier,Marshall Islands,,0
345678901,2024-06-15 10:10:00+00:00,20.23229173222934,67.16443149282264,9.116754547251086,256.74888182877856,256.74888182877856,MV PACIFIC CROSS,Bulk Carrier,Marshall Islands,,0
345678901,2024-06-15 10:15:00+00:00,20.229555279145007,67.15265716986747,8.365868333023434,256.91623940898455,256.91623940898455,MV PACIFIC CROSS,Bulk Carrier,Marshall Islands,,0
345678901,2024-06-15 10:20:00+00:00,20.226691059518515,67.14091327347543,8.964052314072978,256.2937082978005,256.2937082978005,MV PACIFIC CROSS,Bulk Carrier,Marshall Islands,,0
345678901,2024-06-15 10:25:00+00:00,20.224068255477164,67.12911311434532,7.686883705924124,257.46866385173246,257.46866385173246,MV PACIFIC CROSS,Bulk Carrier,Marshall Islands,,0
345678901,2024-06-15 10:30:00+00:00,20.221371384303406,67.11732966228712,9.418099170064332,257.10877663167173,257.10877663167173,MV PACIFIC CROSS,Bulk Carrier,Marshall Islands,,0
345678901,2024-06-15 10:35:00+00:00,20.21863690911579,67.10555487982697,8.17275691899467,256.92586398978057,256.92586398978057,MV PACIFIC CROSS,Bulk Carrier,Marshall Islands,,0
345678901,2024-06-15 10:40:00+00:00,20.215926187970037,67.09377460617117,8.017753022183527,257.0414235432763,257.0414235432763,MV PACIFIC CROSS,Bulk Carrier,Marshall Islands,,0
345678901,2024-06-15 10:45:00+00:00,20.213083783283878,67.08202541078869,8.389423827181608,256.40011435658965,256.40011435658965,MV PACIFIC CROSS,Bulk Carrier,Marshall Islands,,0
345678901,2024-06-15 10:50:00+00:00,20.21016989508624,67.07029373946243,8.244872694361174,256.0512608912967,256.0512608912967,MV PACIFIC CROSS,Bulk Carrier,Marshall Islands,,0
345678901,2024-06-15 10:55:00+00:00,20.20724169964997,67.05856563100357,7.8200520683962536,255.9813758117386,255.9813758117386,MV PACIFIC CROSS,Bulk Carrier,Marshall Islands,,0
345678901,2024-06-15 11:00:00+00:00,20.204199426519978,67.0468665955417,8.517268066510656,255.423380458255,255.423380458255,MV PACIFIC CROSS,Bulk Carrier,Marshall Islands,,0
345678901,2024-06-15 11:05:00+00:00,20.201027874538884,67.03520194318654,8.743956667962506,254.78931472246327,254.78931472246327,MV PACIFIC CROSS,Bulk Carrier,Marshall Islands,,0
345678901,2024-06-15 11:10:00+00:00,20.197778950517105,67.02355860392169,8.001270357677065,254.40892372415556,254.40892372415556,MV PACIFIC CROSS,Bulk Carrier,Marshall Islands,,0
345678901,2024-06-15 11:15:00+00:00,20.19453197696746,67.01191472057877,9.259218478778113,254.4185215901658,254.4185215901658,MV PACIFIC CROSS,Bulk Carrier,Marshall Islands,,0
345678901,2024-06-15 11:20:00+00:00,20.191364831527274,67.00024887100422,8.39083811734716,254.81095816535242,254.81095816535242,MV PACIFIC CROSS,Bulk Carrier,Marshall Islands,,0
345678901,2024-06-15 11:25:00+00:00,20.188467442118622,66.98851311405589,9.003848143253443,256.13182453970046,256.13182453970046,MV PACIFIC CROSS,Bulk Carrier,Marshall Islands,,0
345678901,2024-06-15 11:30:00+00:00,20.185619177673598,66.97676533783284,8.171599708257048,256.37153710411167,256.37153710411167,MV PACIFIC CROSS,Bulk Carrier,Marshall Islands,,0
345678901,2024-06-15 11:35:00+00:00,20.182580421249195,66.96506538843428,8.851429838132312,255.44060277690986,255.44060277690986,MV PACIFIC CROSS,Bulk Carrier,Marshall Islands,,0
345678901,2024-06-15 11:40:00+00:00,20.17968681198034,66.95332869886973,8.250195924462952,256.1502790330828,256.1502790330828,MV PACIFIC CROSS,Bulk Carrier,Marshall Islands,,0
345678901,2024-06-15 11:45:00+00:00,20.17661350842037,66.94163777667497,9.069208646737028,255.2713569567992,255.2713569567992,MV PACIFIC CROSS,Bulk Carrier,Marshall Islands,,0
345678901,2024-06-15 11:50:00+00:00,20.173489923831536,66.92996018806036,8.199844979825833,255.0247955630133,255.0247955630133,MV PACIFIC CROSS,Bulk Carrier,Marshall Islands,,0
345678901,2024-06-15 11:55:00+00:00,20.17047306113937,66.91825457419213,8.484240624107517,255.54779251421434,255.54779251421434,MV PACIFIC CROSS,Bulk Carrier,Marshall Islands,,0
345678901,2024-06-15 12:00:00+00:00,20.167538016548292,66.90652817790922,8.976442865911745,255.9479129305536,255.9479129305536,MV PACIFIC CROSS,Bulk Carrier,Marshall Islands,,0
345678901,2024-06-15 12:05:00+00:00,20.16442382806776,66.8948480800225,9.615593833358474,255.07089236465168,255.07089236465168,MV PACIFIC CROSS,Bulk Carrier,Marshall Islands,,0
345678901,2024-06-15 12:10:00+00:00,20.161289403240843,66.88317339640624,9.515397810347412,254.97160160910036,254.97160160910036,MV PACIFIC CROSS,Bulk Carrier,Marshall Islands,,0
345678901,2024-06-15 12:15:00+00:00,20.158157995768068,66.87149790310724,8.074400846506354,254.986409347585,254.986409347585,MV PACIFIC CROSS,Bulk Carrier,Marshall Islands,,0
345678901,2024-06-15 12:20:00+00:00,20.154909731042572,66.85985437989437,8.432020610425461,254.41216803365467,254.41216803365467,MV PACIFIC CROSS,Bulk Carrier,Marshall Islands,,0
345678901,2024-06-15 12:25:00+00:00,20.151835627703313,66.84816366797443,8.390254358512893,255.2674373010919,255.2674373010919,MV PACIFIC CROSS,Bulk Carrier,Marshall Islands,,0
345678901,2024-06-15 12:30:00+00:00,20.148772349233102,66.8364701149836,8.316723567036046,255.32048316490045,255.32048316490045,MV PACIFIC CROSS,Bulk Carrier,Marshall Islands,,0
345678901,2024-06-15 12:35:00+00:00,20.145755927465714,66.82476438748563,8.490724590371421,255.54995070996955,255.54995070996955,MV PACIFIC CROSS,Bulk Carrier,Marshall Islands,,0
345678901,2024-06-15 12:40:00+00:00,20.142749816065738,66.81305600797408,7.793613365781025,255.60041093033811,255.60041093033811,MV PACIFIC CROSS,Bulk Carrier,Marshall Islands,,0
345678901,2024-06-15 12:45:00+00:00,20.139829539397912,66.80132592524978,8.74966561541963,256.0200584185857,256.0200584185857,MV PACIFIC CROSS,Bulk Carrier,Marshall Islands,,0
345678901,2024-06-15 12:50:00+00:00,20.136950332525,66.78958569423338,9.0157595454497,256.22057755423384,256.22057755423384,MV PACIFIC CROSS,Bulk Carrier,Marshall Islands,,0
345678901,2024-06-15 12:55:00+00:00,20.134209672408485,66.77781234982062,8.609252259719808,256.89576645239066,256.89576645239066,MV PACIFIC CROSS,Bulk Carrier,Marshall Islands,,0
345678901,2024-06-15 13:00:00+00:00,20.131457369221913,66.76604172181253,9.177772081483974,256.83909812910423,256.83909812910423,MV PACIFIC CROSS,Bulk Carrier,Marshall Islands,,0
345678901,2024-06-15 13:05:00+00:00,20.128721532602366,66.75426725560268,7.763445846550149,256.9192392091169,256.9192392091169,MV PACIFIC CROSS,Bulk Carrier,Marshall Islands,,0
345678901,2024-06-15 13:10:00+00:00,20.12587072223345,66.74252009693447,8.786080891974354,256.35911990064955,256.35911990064955,MV PACIFIC CROSS,Bulk Carrier,Marshall Islands,,0
345678901,2024-06-15 13:15:00+00:00,20.12307896813068,66.73075876344012,9.1917083297405,256.64698759227326,256.64698759227326,MV PACIFIC CROSS,Bulk Carrier,Marshall Islands,,0
345678901,2024-06-15 13:20:00+00:00,20.120272394427836,66.71900095749743,7.370182762950502,256.5747825332216,256.5747825332216,MV PACIFIC CROSS,Bulk Carrier,Marshall Islands,,0
345678901,2024-06-15 13:25:00+00:00,20.11758018016477,66.70721644058338,8.318565423891867,257.1314193400652,257.1314193400652,MV PACIFIC CROSS,Bulk Carrier,Marshall Islands,,0
345678901,2024-06-15 13:30:00+00:00,20.11496142704536,66.69541538179041,8.977550494318857,257.4883323899373,257.4883323899373,MV PACIFIC CROSS,Bulk Carrier,Marshall Islands,,0
345678901,2024-06-15 13:35:00+00:00,20.112241483281366,66.68363723412381,8.16248228140375,256.9965634003203,256.9965634003203,MV PACIFIC CROSS,Bulk Carrier,Marshall Islands,,0
345678901,2024-06-15 13:40:00+00:00,20.109594461137497,66.67184248400753,8.015929089065356,257.3510457197689,257.3510457197689,MV PACIFIC CROSS,Bulk Carrier,Marshall Islands,,0
345678901,2024-06-15 13:45:00+00:00,20.106810982775727,66.66007918919931,8.475923078740557,256.68729981365266,256.68729981365266,MV PACIFIC CROSS,Bulk Carrier,Marshall Islands,,0
345678901,2024-06-15 13:50:00+00:00,20.10406444586687,66.64830721436311,8.08210275286658,256.86716498068586,256.86716498068586,MV PACIFIC CROSS,Bulk Carrier,Marshall Islands,,0
345678901,2024-06-15 13:55:00+00:00,20.10142628574567,66.63651047889475,8.404221831384833,257.394091459392,257.394091459392,MV PACIFIC CROSS,Bulk Carrier,Marshall Islands,,0
345678901,2024-06-15 14:00:00+00:00,20.098731252192163,66.62472660641237,9.295206145727517,257.1177117048284,257.1177117048284,MV PACIFIC CROSS,Bulk Carrier,Marshall Islands,,0
345678901,2024-06-15 14:05:00+00:00,20.09605555308064,66.61293832872646,8.101393045268088,257.2117024242588,257.2117024242588,MV PACIFIC CROSS,Bulk Carrier,Marshall Islands,,0
345678901,2024-06-15 14:10:00+00:00,20.09332361949796,66.60116295631471,8.520428915277554,256.93823106219463,256.93823106219463,MV PACIFIC CROSS,Bulk Carrier,Marshall Islands,,0
345678901,2024-06-15 14:15:00+00:00,20.090450098657232,66.58942133229955,8.323131386472467,256.2483254165246,256.2483254165246,MV PACIFIC CROSS,Bulk Carrier,Marshall Islands,,0
345678901,2024-06-15 14:20:00+00:00,20.08758679061278,66.5776772136192,8.925001236371916,256.29815565560625,256.29815565560625,MV PACIFIC CROSS,Bulk Carrier,Marshall Islands,,0
345678901,2024-06-15 14:25:00+00:00,20.084832252039288,66.56590710853119,8.461744643259825,256.828216714737,256.828216714737,MV PACIFIC CROSS,Bulk Carrier,Marshall Islands,,0
456789012,2024-06-15 02:30:00+00:00,20.166203947323197,68.89281916380003,13.873150582262662,134.09586010975448,134.09586010975448,MV KERALA TRADER,General Cargo,India,,0
456789012,2024-06-15 02:35:00+00:00,20.151997195373283,68.90736664487204,14.686932588629983,134.32109380315882,134.32109380315882,MV KERALA TRADER,General Cargo,India,,0
456789012,2024-06-15 02:40:00+00:00,20.137947879362418,68.92206622738766,13.404691201623832,133.7042573334413,133.7042573334413,MV KERALA TRADER,General Cargo,India,,0
456789012,2024-06-15 02:45:00+00:00,20.123968281087787,68.93683212859912,13.519682376288717,133.43312487037372,133.43312487037372,MV KERALA TRADER,General Cargo,India,,0
456789012,2024-06-15 02:50:00+00:00,20.110047068236945,68.95165308805755,14.348223918518531,133.20699516615568,133.20699516615568,MV KERALA TRADER,General Cargo,India,,0
456789012,2024-06-15 02:55:00+00:00,20.09619394756712,68.96653771281647,14.712072377366773,132.94432483936149,132.94432483936149,MV KERALA TRADER,General Cargo,India,,0
456789012,2024-06-15 03:00:00+00:00,20.082223696392028,68.98131245777574,13.777449251397373,133.39686639902862,133.39686639902862,MV KERALA TRADER,General Cargo,India,,0
456789012,2024-06-15 03:05:00+00:00,20.068150034045896,68.99598873232598,15.17781274698,133.79922933270993,133.79922933270993,MV KERALA TRADER,General Cargo,India,,0
456789012,2024-06-15 03:10:00+00:00,20.053757136690226,69.01035207149958,13.670380547593933,135.0588936067625,135.0588936067625,MV KERALA TRADER,General Cargo,India,,0
456789012,2024-06-15 03:15:00+00:00,20.039332949635767,69.02468398813082,14.915824496612432,135.18384575804996,135.18384575804996,MV KERALA TRADER,General Cargo,India,,0
456789012,2024-06-15 03:20:00+00:00,20.024931421861112,69.03903867392545,15.162678644967528,135.0933309727694,135.0933309727694,MV KERALA TRADER,General Cargo,India,,0
456789012,2024-06-15 03:25:00+00:00,20.01043144829516,69.05329391061565,14.633598268075941,135.48763515820443,135.48763515820443,MV KERALA TRADER,General Cargo,India,,0
456789012,2024-06-15 03:30:00+00:00,19.99598074126443,69.06759908705003,14.02416566050703,135.28996562681436,135.28996562681436,MV KERALA TRADER,General Cargo,India,,0
456789012,2024-06-15 03:35:00+00:00,19.981602295460412,69.0819768929594,14.09242463868383,135.0012749666535,135.0012749666535,MV KERALA TRADER,General Cargo,India,,0
456789012,2024-06-15 03:40:00+00:00,19.96713869617922,69.09626903423843,14.029076926418178,135.34162582075942,135.34162582075942,MV KERALA TRADER,General Cargo,India,,0
456789012,2024-06-15 03:45:00+00:00,19.95268574853975,69.11057194691514,14.217093840691948,135.29894053061315,135.29894053061315,MV KERALA TRADER,General Cargo,India,,0
456789012,2024-06-15 03:50:00+00:00,19.9382721978553,69.1249145604557,13.919966714005628,135.14133980734854,135.14133980734854,MV KERALA TRADER,General Cargo,India,,0
456789012,2024-06-15 03:55:00+00:00,19.92386793327378,69.13926649998916,13.64816032504802,135.10425580148177,135.10425580148177,MV KERALA TRADER,General Cargo,India,,0
456789012,2024-06-15 04:00:00+00:00,19.909667618581956,69.15382026476533,14.443149917543101,134.29574590457443,134.29574590457443,MV KERALA TRADER,General Cargo,India,,0
456789012,2024-06-15 04:05:00+00:00,19.89543719118238,69.1683445872119,14.764299586629622,134.41441467627465,134.41441467627465,MV KERALA TRADER,General Cargo,India,,0
456789012,2024-06-15 04:10:00+00:00,19.881332879482315,69.18299140932369,13.936341031985808,133.91900372121282,133.91900372121282,MV KERALA TRADER,General Cargo,India,,0
456789012,2024-06-15 04:15:00+00:00,19.867316096253404,69.19772201672531,14.094436893174379,133.57758534471967,133.57758534471967,MV KERALA TRADER,General Cargo,India,,0
456789012,2024-06-15 04:20:00+00:00,19.853259424449657,69.21241456532344,14.395163441185982,133.7329354770398,133.7329354770398,MV KERALA TRADER,General Cargo,India,,0
456789012,2024-06-15 04:25:00+00:00,19.83937756953819,69.22727239527009,14.299980822600975,133.0550319264375,133.0550319264375,MV KERALA TRADER,General Cargo,India,,0
456789012,2024-06-15 04:30:00+00:00,19.82543795334468,69.24207604707917,15.08141174774296,133.2781814996209,133.2781814996209,MV KERALA TRADER,General Cargo,India,,0
456789012,2024-06-15 04:35:00+00:00,19.811718438596117,69.25708390907116,14.846959542678484,132.43215571163856,132.43215571163856,MV KERALA TRADER,General Cargo,India,,0
456789012,2024-06-15 04:40:00+00:00,19.79821104539613,69.27228296612901,14.641062876523224,131.62747452669674,131.62747452669674,MV KERALA TRADER,General Cargo,India,,0
456789012,2024-06-15 04:45:00+00:00,19.784767523717488,69.28753854646483,14.299391266775183,131.38714572611906,131.38714572611906,MV KERALA TRADER,General Cargo,India,,0
456789012,2024-06-15 04:50:00+00:00,19.77147730987018,69.30292786816527,15.054963848949443,130.81388114764263,130.81388114764263,MV KERALA TRADER,General Cargo,India,,0
456789012,2024-06-15 04:55:00+00:00,19.758042033424562,69.31819071040833,13.812914263004973,131.35618625953717,131.35618625953717,MV KERALA TRADER,General Cargo,India,,0
456789012,2024-06-15 05:00:00+00:00,19.744809728608104,69.33362985273396,14.86976262581013,130.59862947904875,130.59862947904875,MV KERALA TRADER,General Cargo,India,,0
456789012,2024-06-15 05:05:00+00:00,19.73168156340668,69.34915764346384,14.279469292222661,130.21326758880988,130.21326758880988,MV KERALA TRADER,General Cargo,India,,0
456789012,2024-06-15 05:10:00+00:00,19.718529751756904,69.36466541109286,15.446516966173423,130.30057656604131,130.30057656604131,MV KERALA TRADER,General Cargo,India,,0
456789012,2024-06-15 05:15:00+00:00,19.70540966282701,69.38020002640765,14.944450151238813,130.18347361459877,130.18347361459877,MV KERALA TRADER,General Cargo,India,,0
456789012,2024-06-15 05:20:00+00:00,19.692364751651212,69.3957978242946,14.828305984631777,129.9067613903986,129.9067613903986,MV KERALA TRADER,General Cargo,India,,0
456789012,2024-06-15 05:25:00+00:00,19.679366155807298,69.41143424052702,14.160890897016989,129.73684060490834,129.73684060490834,MV KERALA TRADER,General Cargo,India,,0
456789012,2024-06-15 05:30:00+00:00,19.66640743098625,69.42710371586983,14.965747242008073,129.59089746225067,129.59089746225067,MV KERALA TRADER,General Cargo,India,,0
456789012,2024-06-15 05:35:00+00:00,19.65359465169088,69.44289275299168,13.82824620949037,129.05927647873244,129.05927647873244,MV KERALA TRADER,General Cargo,India,,0
456789012,2024-06-15 05:40:00+00:00,19.640941667757343,69.45881013355773,14.774345057173713,128.48175792128242,128.48175792128242,MV KERALA TRADER,General Cargo,India,,0
456789012,2024-06-15 05:45:00+00:00,19.628376768785984,69.47479713829115,14.180396270162412,128.16538236973,128.16538236973,MV KERALA TRADER,General Cargo,India,,0
456789012,2024-06-15 05:50:00+00:00,19.615588161817694,69.4906057605688,14.315248457511398,128.9716135265514,128.9716135265514,MV KERALA TRADER,General Cargo,India,,0
456789012,2024-06-15 05:55:00+00:00,19.602820279768725,69.50643112610929,14.550931620426779,128.89653919543616,128.89653919543616,MV KERALA TRADER,General Cargo,India,,0
456789012,2024-06-15 06:00:00+00:00,19.59022077502592,69.52239087193254,13.992818295757203,128.28951166869038,128.28951166869038,MV KERALA TRADER,General Cargo,India,,0
456789012,2024-06-15 06:05:00+00:00,19.577580262935637,69.53831815860048,14.393406018701324,128.4368785736955,128.4368785736955,MV KERALA TRADER,General Cargo,India,,0
456789012,2024-06-15 06:10:00+00:00,19.564871418421227,69.5541909742806,14.141195145997921,128.68311384915637,128.68311384915637,MV KERALA TRADER,General Cargo,India,,0
456789012,2024-06-15 06:15:00+00:00,19.552338182124437,69.57020281347651,14.255095589814342,128.05199470905222,128.05199470905222,MV KERALA TRADER,General Cargo,India,,0
456789012,2024-06-15 06:20:00+00:00,19.539831134999464,69.58623511770018,13.703128184899692,127.95834086034023,127.95834086034023,MV KERALA TRADER,General Cargo,India,,0
456789012,2024-06-15 06:25:00+00:00,19.526955725457082,69.60197312378808,14.497703368350827,129.28691876533767,129.28691876533767,MV KERALA TRADER,General Cargo,India,,0
456789012,2024-06-15 06:30:00+00:00,19.513975235196188,69.61762457353224,14.512040189827037,129.67052905923273,129.67052905923273,MV KERALA TRADER,General Cargo,India,,0
456789012,2024-06-15 06:35:00+00:00,19.50096330645452,69.63324989647062,13.642175421937198,129.78571304412807,129.78571304412807,MV KERALA TRADER,General Cargo,India,,0
456789012,2024-06-15 06:40:00+00:00,19.488006985798787,69.64892135975815,14.624082216441861,129.58210713678537,129.58210713678537,MV KERALA TRADER,General Cargo,India,,0
456789012,2024-06-15 06:45:00+00:00,19.475047790549667,69.664590446043,13.766810213811818,129.59261761415814,129.59261761415814,MV KERALA TRADER,General Cargo,India,,0
456789012,2024-06-15 06:50:00+00:00,19.4621988156107,69.68035004151764,13.358559885802986,129.19074694411984,129.19074694411984,MV KERALA TRADER,General Cargo,India,,0
456789012,2024-06-15 06:55:00+00:00,19.44933405410034,69.69609675285012,14.44120430514999,129.2481642633675,129.2481642633675,MV KERALA TRADER,General Cargo,India,,0
456789012,2024-06-15 07:00:00+00:00,19.43628328366524,69.71168964859008,13.343477230143547,129.92828773599206,129.92828773599206,MV KERALA TRADER,General Cargo,India,,0
456789012,2024-06-15 07:05:00+00:00,19.42330945093558,69.72734661735193,14.440220858714516,129.64616191109045,129.64616191109045,MV KERALA TRADER,General Cargo,India,,0
456789012,2024-06-15 07:10:00+00:00,19.410299907445403,69.74297392629121,14.209813580246788,129.77696723072825,129.77696723072825,MV KERALA TRADER,General Cargo,India,,0
456789012,2024-06-15 07:15:00+00:00,19.397551766215862,69.75881519838971,14.00682318208577,128.8251034147409,128.8251034147409,MV KERALA TRADER,General Cargo,India,,0
456789012,2024-06-15 07:20:00+00:00,19.384710111798327,69.77458075953822,13.777109930176929,129.1641374030974,129.1641374030974,MV KERALA TRADER,General Cargo,India,,0
456789012,2024-06-15 07:25:00+00:00,19.371849189488977,69.79033060664413,14.301426998719071,129.2341963872371,129.2341963872371,MV KERALA TRADER,General Cargo,India,,0
456789012,2024-06-15 07:30:00+00:00,19.358849419705777,69.80596604690307,14.552446179249412,129.74114234929124,129.74114234929124,MV KERALA TRADER,General Cargo,India,,0
456789012,2024-06-15 07:35:00+00:00,19.345863158038643,69.8216127083495,14.6063781434276,129.69165986893083,129.69165986893083,MV KERALA TRADER,General Cargo,India,,0
456789012,2024-06-15 07:40:00+00:00,19.332820841408537,69.83721267576699,15.045372092267012,129.89723144388034,129.89723144388034,MV KERALA TRADER,General Cargo,India,,0
456789012,2024-06-15 07:45:00+00:00,19.319790670680476,69.8528227897097,13.978591646553268,129.8526363092278,129.8526363092278,MV KERALA TRADER,General Cargo,India,,0
456789012,2024-06-15 07:50:00+00:00,19.306721233745023,69.86840004314853,14.20577026170949,129.99691182594887,129.99691182594887,MV KERALA TRADER,General Cargo,India,,0
456789012,2024-06-15 07:55:00+00:00,19.293962412146808,69.88423271436761,13.774718150826464,128.86374337942448,128.86374337942448,MV KERALA TRADER,General Cargo,India,,0
456789012,2024-06-15 08:00:00+00:00,19.281433770465643,69.90024814892718,13.578353580643228,128.03555546517788,128.03555546517788,MV KERALA TRADER,General Cargo,India,,0
456789012,2024-06-15 08:05:00+00:00,19.26888009813548,69.91624397080459,14.444106355805092,128.12515833700488,128.12515833700488,MV KERALA TRADER,General Cargo,India,,0
456789012,2024-06-15 08:10:00+00:00,19.256277189155924,69.9322010285459,14.195139468888893,128.30173397015605,128.30173397015605,MV KERALA TRADER,General Cargo,India,,0
456789012,2024-06-15 08:15:00+00:00,19.243589597666066,69.948090837503,13.609617510675374,128.6064382947304,128.6064382947304,MV KERALA TRADER,General Cargo,India,,0
456789012,2024-06-15 08:20:00+00:00,19.230863069396946,69.96394947819891,14.187850480641783,128.74697504693668,128.74697504693668,MV KERALA TRADER,General Cargo,India,,0
456789012,2024-06-15 08:25:00+00:00,19.218004939709104,69.97970160527551,14.16756812394478,129.22403794924054,129.22403794924054,MV KERALA TRADER,General Cargo,India,,0
456789012,2024-06-15 08:30:00+00:00,19.205103882573,69.9954185938954,13.596112360323705,129.38035375479188,129.38035375479188,MV KERALA TRADER,General Cargo,India,,0
456789012,2024-06-15 08:35:00+00:00,19.192073965177197,70.01102891929769,14.070028364545957,129.8517064780212,129.8517064780212,MV KERALA TRADER,General Cargo,India,,0
456789012,2024-06-15 08:40:00+00:00,19.179333776313424,70.02687658771364,14.931313275391563,128.79634656906742,128.79634656906742,MV KERALA TRADER,General Cargo,India,,0
456789012,2024-06-15 08:45:00+00:00,19.166569320816457,70.04270471717902,14.915617396083713,128.88413443778714,128.88413443778714,MV KERALA TRADER,General Cargo,India,,0
456789012,2024-06-15 08:50:00+00:00,19.153725282247272,70.05846833604463,14.422856405807188,129.1728025080496,129.1728025080496,MV KERALA TRADER,General Cargo,India,,0
456789012,2024-06-15 08:55:00+00:00,19.14094762917013,70.0742858133513,14.002933703490378,128.9319240475892,128.9319240475892,MV KERALA TRADER,General Cargo,India,,0
456789012,2024-06-15 09:00:00+00:00,19.12820927441019,70.09013495605734,14.828505386881888,128.78971584472245,128.78971584472245,MV KERALA TRADER,General Cargo,India,,0
456789012,2024-06-15 09:05:00+00:00,19.115414251193883,70.10593838566616,13.604362316478428,128.9948719931577,128.9948719931577,MV KERALA TRADER,General Cargo,India,,0
456789012,2024-06-15 09:10:00+00:00,19.102754739502622,70.1218505750267,13.472152837232363,128.50525889619203,128.50525889619203,MV KERALA TRADER,General Cargo,India,,0
456789012,2024-06-15 09:15:00+00:00,19.090141681728507,70.13779961199116,14.845357074476812,128.3381836253738,128.3381836253738,MV KERALA TRADER,General Cargo,India,,0
456789012,2024-06-15 09:20:00+00:00,19.077614743362645,70.15381637888353,14.075977529936313,128.02946204833665,128.02946204833665,MV KERALA TRADER,General Cargo,India,,0
456789012,2024-06-15 09:25:00+00:00,19.0650365292874,70.16979290970797,14.16768312961781,128.21311796587156,128.21311796587156,MV KERALA TRADER,General Cargo,India,,0
456789012,2024-06-15 09:30:00+00:00,19.05236248117618,70.185693523249,15.567896558486222,128.55761991936822,128.55761991936822,MV KERALA TRADER,General Cargo,India,,0
456789012,2024-06-15 09:35:00+00:00,19.039545667744537,70.20147928582055,13.843590818288448,129.07391720382563,129.07391720382563,MV KERALA TRADER,General Cargo,India,,0
456789012,2024-06-15 09:40:00+00:00,19.02686165064394,70.21737194817456,14.386556782559326,128.59355085018882,128.59355085018882,MV KERALA TRADER,General Cargo,India,,0
456789012,2024-06-15 09:45:00+00:00,19.014561961786114,70.23356388013178,14.306738708140367,127.22097104288932,127.22097104288932,MV KERALA TRADER,General Cargo,India,,0
456789012,2024-06-15 09:50:00+00:00,19.002176838283827,70.24969055748144,14.288068459092742,127.52389454450291,127.52389454450291,MV KERALA TRADER,General Cargo,India,,0
456789012,2024-06-15 09:55:00+00:00,18.989815117091158,70.26583518060066,14.14641167503392,127.44079573426538,127.44079573426538,MV KERALA TRADER,General Cargo,India,,0
456789012,2024-06-15 10:00:00+00:00,18.97713128879761,70.28172799364073,13.277192287589953,128.59287017155106,128.59287017155106,MV KERALA TRADER,General Cargo,India,,0
456789012,2024-06-15 10:05:00+00:00,18.96458986846335,70.29773342342271,13.774494499566837,128.08128582670875,128.08128582670875,MV KERALA TRADER,General Cargo,India,,0
456789012,2024-06-15 10:10:00+00:00,18.951901188637336,70.3136223633112,14.280921180971788,128.61036274553646,128.61036274553646,MV KERALA TRADER,General Cargo,India,,0
456789012,2024-06-15 10:15:00+00:00,18.939297521409642,70.3295788221577,14.823662099933863,128.30445660449766,128.30445660449766,MV KERALA TRADER,General Cargo,India,,0
456789012,2024-06-15 10:20:00+00:00,18.926651174832283,70.34550147660826,14.63585952341854,128.4578702282946,128.4578702282946,MV KERALA TRADER,General Cargo,India,,0
456789012,2024-06-15 10:25:00+00:00,18.91390919928739,70.36134770851746,14.901043257414006,128.80280644218817,128.80280644218817,MV KERALA TRADER,General Cargo,India,,0
456789012,2024-06-15 10:30:00+00:00,18.90110195657842,70.37714123696111,13.953542174729213,129.03918798846877,129.03918798846877,MV KERALA TRADER,General Cargo,India,,0
456789012,2024-06-15 10:35:00+00:00,18.88812616025303,70.3927965784211,14.593167077276977,129.65334795051544,129.65334795051544,MV KERALA TRADER,General Cargo,India,,0
456789012,2024-06-15 10:40:00+00:00,18.875075591726777,70.40838964315027,15.792608212734924,129.9275458300542,129.9275458300542,MV KERALA TRADER,General Cargo,India,,0
456789012,2024-06-15 10:45:00+00:00,18.862270818762806,70.42418517403239,15.169967804558807,129.03022881288686,129.03022881288686,MV KERALA TRADER,General Cargo,India,,0
456789012,2024-06-15 10:50:00+00:00,18.84933683286785,70.43987507573303,13.81788672060382,129.50049797768187,129.50049797768187,MV KERALA TRADER,General Cargo,India,,0
456789012,2024-06-15 10:55:00+00:00,18.836379001427808,70.45554528986297,14.337220144237302,129.5876308720602,129.5876308720602,MV KERALA TRADER,General Cargo,India,,0
456789012,2024-06-15 11:00:00+00:00,18.823343048661755,70.47115057556968,15.004344445445254,129.87386213838147,129.87386213838147,MV KERALA TRADER,General Cargo,India,,0
456789012,2024-06-15 11:05:00+00:00,18.81017788397855,70.48664700888096,14.535337434116109,130.34992938846267,130.34992938846267,MV KERALA TRADER,General Cargo,India,,0
456789012,2024-06-15 11:10:00+00:00,18.796861104385297,70.50201334832052,13.965722271747588,130.91286160765222,130.91286160765222,MV KERALA TRADER,General Cargo,India,,0
456789012,2024-06-15 11:15:00+00:00,18.783753101519387,70.5175581631272,15.087586131139904,130.1389116377739,130.1389116377739,MV KERALA TRADER,General Cargo,India,,0
456789012,2024-06-15 11:20:00+00:00,18.77037139373646,70.53286799341102,14.486060079380549,131.1554020367905,131.1554020367905,MV KERALA TRADER,General Cargo,India,,0
456789012,2024-06-15 11:25:00+00:00,18.757031473864764,70.54821424846962,13.990800147076978,130.99920013177797,130.99920013177797,MV KERALA TRADER,General Cargo,India,,0
456789012,2024-06-15 11:30:00+00:00,18.743665718538576,70.56353800750803,14.717715563180304,131.09572843132761,131.09572843132761,MV KERALA TRADER,General Cargo,India,,0
456789012,2024-06-15 11:35:00+00:00,18.730115931249212,70.57869928288049,14.16818521106919,131.78748600381638,131.78748600381638,MV KERALA TRADER,General Cargo,India,,0
456789012,2024-06-15 11:40:00+00:00,18.716680360307336,70.5939618658851,15.078667495113972,131.35729178993557,131.35729178993557,MV KERALA TRADER,General Cargo,India,,0
456789012,2024-06-15 11:45:00+00:00,18.703190948264847,70.60917688377056,14.129263033402417,131.55972666211068,131.55972666211068,MV KERALA TRADER,General Cargo,India,,0
456789012,2024-06-15 11:50:00+00:00,18.68952496089172,70.62423350343184,15.077883943404709,132.22813493418687,132.22813493418687,MV KERALA TRADER,General Cargo,India,,0
456789012,2024-06-15 11:55:00+00:00,18.676035427776824,70.63944841397542,13.833011370584217,131.56018259075165,131.56018259075165,MV KERALA TRADER,General Cargo,India,,0
456789012,2024-06-15 12:00:00+00:00,18.662473150171298,70.6545985173631,15.152545450879888,131.83470539070186,131.83470539070186,MV KERALA TRADER,General Cargo,India,,0
456789012,2024-06-15 12:05:00+00:00,18.64874056031831,70.669594416217,14.235875897413155,132.48209266833103,132.48209266833103,MV KERALA TRADER,General Cargo,India,,0
456789012,2024-06-15 12:10:00+00:00,18.634934492851542,70.68452269500625,14.445010093869959,132.76346706380156,132.76346706380156,MV KERALA TRADER,General Cargo,India,,0
456789012,2024-06-15 12:15:00+00:00,18.621471045288313,70.69976069311029,14.23235280945125,131.46202502765175,131.46202502765175,MV KERALA TRADER,General Cargo,India,,0
456789012,2024-06-15 12:20:00+00:00,18.608066949304437,70.71505092585416,14.489974035117331,131.23924168086378,131.23924168086378,MV KERALA TRADER,General Cargo,India,,0
456789012,2024-06-15 12:25:00+00:00,18.594604442679252,70.730289755267,14.547000765311708,131.4584871411213,131.4584871411213,MV KERALA TRADER,General Cargo,India,,0
456789012,2024-06-15 12:30:00+00:00,18.581123023595513,70.74551185584463,13.999511000317568,131.52963427396037,131.52963427396037,MV KERALA TRADER,General Cargo,India,,0
456789012,2024-06-15 12:35:00+00:00,18.567757035971372,70.76083541226402,14.048662724869407,131.09659700282413,131.09659700282413,MV KERALA TRADER,General Cargo,India,,0
456789012,2024-06-15 12:40:00+00:00,18.554502538716935,70.77625550659054,13.98874035720318,130.68103805112355,130.68103805112355,MV KERALA TRADER,General Cargo,India,,0
456789012,2024-06-15 12:45:00+00:00,18.54154482269208,70.79192581615756,14.816024308735079,129.58720887509486,129.58720887509486,MV KERALA TRADER,General Cargo,India,,0
456789012,2024-06-15 12:50:00+00:00,18.52849249602697,70.80751740924916,14.876954695548717,129.93400631051014,129.93400631051014,MV KERALA TRADER,General Cargo,India,,0
456789012,2024-06-15 12:55:00+00:00,18.515379412143723,70.82305793811975,13.640682358408249,130.15764206260675,130.15764206260675,MV KERALA TRADER,General Cargo,India,,0
456789012,2024-06-15 13:00:00+00:00,18.502266272056865,70.83859841956561,15.228240402695599,130.15784927784776,130.15784927784776,MV KERALA TRADER,General Cargo,India,,0
456789012,2024-06-15 13:05:00+00:00,18.48933310069039,70.8542889926881,14.690844700437475,129.4975235775413,129.4975235775413,MV KERALA TRADER,General Cargo,India,,0
456789012,2024-06-15 13:10:00+00:00,18.476446301869007,70.8700176742172,13.669722327438619,129.3283948557405,129.3283948557405,MV KERALA TRADER,General Cargo,India,,0
456789012,2024-06-15 13:15:00+00:00,18.463433586490307,70.88564234205302,14.722948719880154,129.7885975878151,129.7885975878151,MV KERALA TRADER,General Cargo,India,,0
456789012,2024-06-15 13:20:00+00:00,18.45038082551338,70.90123357155508,14.466469361707881,129.9356023324121,129.9356023324121,MV KERALA TRADER,General Cargo,India,,0
456789012,2024-06-15 13:25:00+00:00,18.43749408916029,70.9169623042654,14.25874508506599,129.32816729923934,129.32816729923934,MV KERALA TRADER,General Cargo,India,,0
456789012,2024-06-15 13:30:00+00:00,18.42460197975593,70.93268663323718,13.679493744404912,129.3477427008853,129.3477427008853,MV KERALA TRADER,General Cargo,India,,0
456789012,2024-06-15 13:35:00+00:00,18.41144628474228,70.94819110663084,15.198131631920655,130.31492576182694,130.31492576182694,MV KERALA TRADER,General Cargo,India,,0
456789012,2024-06-15 13:40:00+00:00,18.398119754318795,70.96354899038411,13.804581456254533,130.94922909507054,130.94922909507054,MV KERALA TRADER,General Cargo,India,,0
456789012,2024-06-15 13:45:00+00:00,18.38463423376192,70.97876745751509,14.538198413555785,131.5450740056623,131.5450740056623,MV KERALA TRADER,General Cargo,India,,0
456789012,2024-06-15 13:50:00+00:00,18.371066282809934,70.9939124802444,13.284378530517158,131.8561648692091,131.8561648692091,MV KERALA TRADER,General Cargo,India,,0
456789012,2024-06-15 13:55:00+00:00,18.35753363210553,71.00908905335625,14.324380068948315,131.72275801959245,131.72275801959245,MV KERALA TRADER,General Cargo,India,,0
456789012,2024-06-15 14:00:00+00:00,18.344076986646044,71.02433305871851,13.6385424742599,131.43645375373552,131.43645375373552,MV KERALA TRADER,General Cargo,India,,0
456789012,2024-06-15 14:05:00+00:00,18.330631461261206,71.03958687311467,13.665725571710537,131.39467153311475,131.39467153311475,MV KERALA TRADER,General Cargo,India,,0
456789012,2024-06-15 14:10:00+00:00,18.31717633562066,71.05483221996228,14.713727255668719,131.43074164743066,131.43074164743066,MV KERALA TRADER,General Cargo,India,,0
456789012,2024-06-15 14:15:00+00:00,18.303589752829396,71.06996053032937,14.270068858962723,131.92669067600187,131.92669067600187,MV KERALA TRADER,General Cargo,India,,0
456789012,2024-06-15 14:20:00+00:00,18.289936305354257,71.08502852218463,14.49909049771546,132.18043419034822,132.18043419034822,MV KERALA TRADER,General Cargo,India,,0
456789012,2024-06-15 14:25:00+00:00,18.27618238046849,71.10000485540553,15.143653096406268,132.5636619771717,132.5636619771717,MV KERALA TRADER,General Cargo,India,,0
567890123,2024-06-15 02:30:00+00:00,20.485647181913368,68.79735598778149,9.659944765859377,10.75798466475036,10.75798466475036,MV ARABIAN QUEEN,Tanker,UAE,,0
567890123,2024-06-15 02:35:00+00:00,20.500601968122727,68.80013060461033,10.86584057146427,10.51078219144946,10.51078219144946,MV ARABIAN QUEEN,Tanker,UAE,,0
567890123,2024-06-15 02:40:00+00:00,20.515556555663395,68.80290629202122,10.745314924474615,10.51488390441799,10.51488390441799,MV ARABIAN QUEEN,Tanker,UAE,,0
567890123,2024-06-15 02:45:00+00:00,20.530478644467262,68.80585169434416,11.421448251449236,11.165815987972708,11.165815987972708,MV ARABIAN QUEEN,Tanker,UAE,,0
567890123,2024-06-15 02:50:00+00:00,20.54535081232187,68.8090396015603,10.080055866962221,12.098492391589664,12.098492391589664,MV ARABIAN QUEEN,Tanker,UAE,,0
567890123,2024-06-15 02:55:00+00:00,20.56018091324956,68.81241780161196,11.080330588024717,12.832633426896177,12.832633426896177,MV ARABIAN QUEEN,Tanker,UAE,,0
567890123,2024-06-15 03:00:00+00:00,20.57499528976931,68.81586430381644,10.882694660340432,13.096656847157972,13.096656847157972,MV ARABIAN QUEEN,Tanker,UAE,,0
567890123,2024-06-15 03:05:00+00:00,20.589821739804357,68.8192584912704,10.057455782085013,12.89440801356358,12.89440801356358,MV ARABIAN QUEEN,Tanker,UAE,,0
567890123,2024-06-15 03:10:00+00:00,20.604635725104952,68.82270667465129,10.622930731716004,13.103159016456962,13.103159016456962,MV ARABIAN QUEEN,Tanker,UAE,,0
567890123,2024-06-15 03:15:00+00:00,20.619373246342388,68.82646826964418,10.768721900568742,14.318426290444037,14.318426290444037,MV ARABIAN QUEEN,Tanker,UAE,,0
567890123,2024-06-15 03:20:00+00:00,20.634075345108222,68.83036601527391,11.01097897571226,14.848378868179514,14.848378868179514,MV ARABIAN QUEEN,Tanker,UAE,,0
567890123,2024-06-15 03:25:00+00:00,20.64874092689197,68.83439898441074,11.341264415968922,15.376012058755888,15.376012058755888,MV ARABIAN QUEEN,Tanker,UAE,,0
567890123,2024-06-15 03:30:00+00:00,20.6634089796594,68.8384229572146,10.685997376688512,15.340867972364597,15.340867972364597,MV ARABIAN QUEEN,Tanker,UAE,,0
567890123,2024-06-15 03:35:00+00:00,20.678061255799324,68.84250400279556,11.03030798606382,15.56392311834364,15.56392311834364,MV ARABIAN QUEEN,Tanker,UAE,,0
567890123,2024-06-15 03:40:00+00:00,20.692736145719245,68.84650296953119,10.262677316870416,15.243213020640612,15.243213020640612,MV ARABIAN QUEEN,Tanker,UAE,,0
567890123,2024-06-15 03:45:00+00:00,20.70741750516459,68.85047811908196,10.92736186597039,15.150243114609625,15.150243114609625,MV ARABIAN QUEEN,Tanker,UAE,,0
567890123,2024-06-15 03:50:00+00:00,20.722067340153497,68.85456791906633,11.290581670605723,15.598158900906641,15.598158900906641,MV ARABIAN QUEEN,Tanker,UAE,,0
567890123,2024-06-15 03:55:00+00:00,20.736682002014966,68.85878168078115,10.822464247356328,16.083555354731494,16.083555354731494,MV ARABIAN QUEEN,Tanker,UAE,,0
567890123,2024-06-15 04:00:00+00:00,20.751299314890762,68.86298623704852,11.49517585879837,16.047469303418996,16.047469303418996,MV ARABIAN QUEEN,Tanker,UAE,,0
567890123,2024-06-15 04:05:00+00:00,20.76594136721959,68.8671038131212,11.003491830899184,15.706820533906596,15.706820533906596,MV ARABIAN QUEEN,Tanker,UAE,,0
567890123,2024-06-15 04:10:00+00:00,20.780527832736432,68.87141416726448,10.935272870489142,16.46260361723665,16.46260361723665,MV ARABIAN QUEEN,Tanker,UAE,,0
567890123,2024-06-15 04:15:00+00:00,20.795128937376283,68.8756746686916,10.32812365097616,16.266880065091446,16.266880065091446,MV ARABIAN QUEEN,Tanker,UAE,,0
567890123,2024-06-15 04:20:00+00:00,20.80970997211604,68.88000335845094,10.46213815444114,16.534639497381853,16.534639497381853,MV ARABIAN QUEEN,Tanker,UAE,,0
567890123,2024-06-15 04:25:00+00:00,20.82426642214552,68.88441401505213,10.658181069398195,16.85699688325563,16.85699688325563,MV ARABIAN QUEEN,Tanker,UAE,,0
567890123,2024-06-15 04:30:00+00:00,20.83887655432666,68.88864345553098,11.32387570589072,16.145032395001987,16.145032395001987,MV ARABIAN QUEEN,Tanker,UAE,,0
567890123,2024-06-15 04:35:00+00:00,20.853528651426164,68.89272514387054,10.614016256784202,15.566436555783543,15.566436555783543,MV ARABIAN QUEEN,Tanker,UAE,,0
567890123,2024-06-15 04:40:00+00:00,20.868118332572394,68.89702460118114,10.283047398886906,16.419805471220076,16.419805471220076,MV ARABIAN QUEEN,Tanker,UAE,,0
567890123,2024-06-15 04:45:00+00:00,20.882668065035823,68.90145736717508,11.486996595355116,16.944041939680694,16.944041939680694,MV ARABIAN QUEEN,Tanker,UAE,,0
567890123,2024-06-15 04:50:00+00:00,20.897217647416266,68.90589062575869,10.940497480923819,16.945981731634337,16.945981731634337,MV ARABIAN QUEEN,Tanker,UAE,,0
567890123,2024-06-15 04:55:00+00:00,20.911858216419365,68.9100134728793,10.1610890283994,15.727447703377557,15.727447703377557,MV ARABIAN QUEEN,Tanker,UAE,,0
567890123,2024-06-15 05:00:00+00:00,20.926475204575897,68.9142191578825,10.3845004843035,16.05189368142478,16.05189368142478,MV ARABIAN QUEEN,Tanker,UAE,,0
567890123,2024-06-15 05:05:00+00:00,20.94109337810684,68.9184207208933,11.044543025487984,16.03573691997704,16.03573691997704,MV ARABIAN QUEEN,Tanker,UAE,,0
567890123,2024-06-15 05:10:00+00:00,20.95570146358717,68.9226572250788,10.635568767196412,16.17273569815372,16.17273569815372,MV ARABIAN QUEEN,Tanker,UAE,,0
567890123,2024-06-15 05:15:00+00:00,20.970342594546352,68.92677807612567,10.886981534629559,15.719636230683932,15.719636230683932,MV ARABIAN QUEEN,Tanker,UAE,,0
567890123,2024-06-15 05:20:00+00:00,20.985032748705017,68.93072060068604,10.846048253160227,15.022958323417491,15.022958323417491,MV ARABIAN QUEEN,Tanker,UAE,,0
567890123,2024-06-15 05:25:00+00:00,20.9996412338344,68.93495572658017,10.597268083185892,16.16732984272774,16.16732984272774,MV ARABIAN QUEEN,Tanker,UAE,,0
567890123,2024-06-15 05:30:00+00:00,21.014198222356566,68.93936460560776,10.512199864511675,16.85000028856259,16.85000028856259,MV ARABIAN QUEEN,Tanker,UAE,,0
567890123,2024-06-15 05:35:00+00:00,21.028706302212342,68.94393185292019,10.571933298451913,17.474374841251727,17.474374841251727,MV ARABIAN QUEEN,Tanker,UAE,,0
567890123,2024-06-15 05:40:00+00:00,21.04325878321822,68.9483555872802,11.132517434095233,16.908479387674348,16.908479387674348,MV ARABIAN QUEEN,Tanker,UAE,,0
567890123,2024-06-15 05:45:00+00:00,21.057753118219182,68.95296626857414,10.929004063294423,17.645986893591797,17.645986893591797,MV ARABIAN QUEEN,Tanker,UAE,,0
567890123,2024-06-15 05:50:00+00:00,21.0722534292079,68.95755812117902,11.082297862014604,17.571572860984688,17.571572860984688,MV ARABIAN QUEEN,Tanker,UAE,,0
567890123,2024-06-15 05:55:00+00:00,21.08674323251661,68.96218302433361,10.750230411722216,17.70221437342701,17.70221437342701,MV ARABIAN QUEEN,Tanker,UAE,,0
567890123,2024-06-15 06:00:00+00:00,21.101253134801173,68.96674447857616,9.66148890042724,17.45149809894831,17.45149809894831,MV ARABIAN QUEEN,Tanker,UAE,,0
567890123,2024-06-15 06:05:00+00:00,21.11581938411901,68.9711226642649,10.658785415123662,16.729230878604263,16.729230878604263,MV ARABIAN QUEEN,Tanker,UAE,,0
567890123,2024-06-15 06:10:00+00:00,21.130383240526196,68.97550880330343,11.35375436364042,16.76051764217242,16.76051764217242,MV ARABIAN QUEEN,Tanker,UAE,,0
567890123,2024-06-15 06:15:00+00:00,21.144956362562475,68.97986405797224,10.861992629432502,16.639053889246284,16.639053889246284,MV ARABIAN QUEEN,Tanker,UAE,,0
567890123,2024-06-15 06:20:00+00:00,21.15951445763438,68.98426928180217,10.730086413000134,16.835614109853708,16.835614109853708,MV ARABIAN QUEEN,Tanker,UAE,,0
567890123,2024-06-15 06:25:00+00:00,21.174010793394462,68.98887366869354,9.876817796480646,17.62110697968205,17.62110697968205,MV ARABIAN QUEEN,Tanker,UAE,,0
567890123,2024-06-15 06:30:00+00:00,21.18852586666802,68.99341864140828,11.649415607311091,17.386428491569436,17.386428491569436,MV ARABIAN QUEEN,Tanker,UAE,,0
567890123,2024-06-15 06:35:00+00:00,21.20304163487584,68.99796139414767,11.23934697218854,17.37766572675767,17.37766572675767,MV ARABIAN QUEEN,Tanker,UAE,,0
567890123,2024-06-15 06:40:00+00:00,21.217593572692635,69.0023869150086,11.72467170076507,16.915513299872426,16.915513299872426,MV ARABIAN QUEEN,Tanker,UAE,,0
567890123,2024-06-15 06:45:00+00:00,21.232104224621068,69.0069459839625,10.912120730447409,17.442079466101113,17.442079466101113,MV ARABIAN QUEEN,Tanker,UAE,,0
567890123,2024-06-15 06:50:00+00:00,21.2466577136884,69.01136640080726,10.749178081582697,16.895418175807745,16.895418175807745,MV ARABIAN QUEEN,Tanker,UAE,,0
567890123,2024-06-15 06:55:00+00:00,21.261216359962855,69.01576980264785,10.655245896336313,16.828443506614956,16.828443506614956,MV ARABIAN QUEEN,Tanker,UAE,,0
567890123,2024-06-15 07:00:00+00:00,21.275774182436344,69.02017592724263,10.331861510968139,16.83915925137486,16.83915925137486,MV ARABIAN QUEEN,Tanker,UAE,,0
567890123,2024-06-15 07:05:00+00:00,21.29030550323008,69.02466868197709,10.811040812795616,17.180422427285592,17.180422427285592,MV ARABIAN QUEEN,Tanker,UAE,,0
567890123,2024-06-15 07:10:00+00:00,21.30475307092289,69.02942388090838,11.543225852095873,18.21818022547315,18.21818022547315,MV ARABIAN QUEEN,Tanker,UAE,,0
567890123,2024-06-15 07:15:00+00:00,21.31921162736296,69.03414556225972,10.714361422957852,18.085307689500517,18.085307689500517,MV ARABIAN QUEEN,Tanker,UAE,,0
567890123,2024-06-15 07:20:00+00:00,21.333621210499867,69.03901465282522,11.312225341770393,18.67044081896232,18.67044081896232,MV ARABIAN QUEEN,Tanker,UAE,,0
567890123,2024-06-15 07:25:00+00:00,21.347910641731087,69.04422582200331,10.025023443023963,20.036253064878352,20.036253064878352,MV ARABIAN QUEEN,Tanker,UAE,,0
567890123,2024-06-15 07:30:00+00:00,21.362128256864473,69.04962985281682,9.950174516984253,20.811499227630836,20.811499227630836,MV ARABIAN QUEEN,Tanker,UAE,,0
567890123,2024-06-15 07:35:00+00:00,21.376396577947965,69.05489854739639,10.665963991130997,20.267080633189384,20.267080633189384,MV ARABIAN QUEEN,Tanker,UAE,,0
567890123,2024-06-15 07:40:00+00:00,21.39065970270687,69.06018129301079,11.121321230575811,20.32351415095598,20.32351415095598,MV ARABIAN QUEEN,Tanker,UAE,,0
567890123,2024-06-15 07:45:00+00:00,21.40494897701457,69.06539289246524,10.53389206667904,20.03797833685259,20.03797833685259,MV ARABIAN QUEEN,Tanker,UAE,,0
567890123,2024-06-15 07:50:00+00:00,21.419198199042697,69.07071302410907,11.154918025669629,20.47376909051239,20.47376909051239,MV ARABIAN QUEEN,Tanker,UAE,,0
567890123,2024-06-15 07:55:00+00:00,21.43348947778403,69.07591912447805,11.128759591315351,20.01593017113156,20.01593017113156,MV ARABIAN QUEEN,Tanker,UAE,,0
567890123,2024-06-15 08:00:00+00:00,21.447789387336805,69.08110147104084,11.008520937852504,19.920726536013202,19.920726536013202,MV ARABIAN QUEEN,Tanker,UAE,,0
567890123,2024-06-15 08:05:00+00:00,21.462109253607252,69.0862284154633,10.89598345642469,19.698900560024903,19.698900560024903,MV ARABIAN QUEEN,Tanker,UAE,,0
567890123,2024-06-15 08:10:00+00:00,21.47648710576027,69.09119042076159,11.694222566426701,19.040296869319516,19.040296869319516,MV ARABIAN QUEEN,Tanker,UAE,,0
567890123,2024-06-15 08:15:00+00:00,21.490828091432487,69.09625799010634,10.090328027338426,19.461508000893268,19.461508000893268,MV ARABIAN QUEEN,Tanker,UAE,,0
567890123,2024-06-15 08:20:00+00:00,21.505171377423583,69.1013190449462,10.445261040147308,19.43548303270842,19.43548303270842,MV ARABIAN QUEEN,Tanker,UAE,,0
567890123,2024-06-15 08:25:00+00:00,21.519498495837922,69.10642568836981,10.287359702269066,19.61769401269384,19.61769401269384,MV ARABIAN QUEEN,Tanker,UAE,,0
567890123,2024-06-15 08:30:00+00:00,21.5338082117078,69.11158089552742,10.975825332661627,19.812023756001853,19.812023756001853,MV ARABIAN QUEEN,Tanker,UAE,,0
567890123,2024-06-15 08:35:00+00:00,21.548182038430994,69.11655454956103,10.215474091081223,19.08672360746064,19.08672360746064,MV ARABIAN QUEEN,Tanker,UAE,,0
567890123,2024-06-15 08:40:00+00:00,21.5624537825571,69.12181396480547,10.912065195701237,20.229823064398268,20.229823064398268,MV ARABIAN QUEEN,Tanker,UAE,,0
567890123,2024-06-15 08:45:00+00:00,21.576664614357945,69.12723580846261,11.208289805880172,20.88330059125481,20.88330059125481,MV ARABIAN QUEEN,Tanker,UAE,,0
567890123,2024-06-15 08:50:00+00:00,21.590937900755513,69.13249103676664,10.982033258794461,20.21301495397217,20.21301495397217,MV ARABIAN QUEEN,Tanker,UAE,,0
567890123,2024-06-15 08:55:00+00:00,21.605112800610147,69.13800613814608,10.921428849951264,21.259775274767666,21.259775274767666,MV ARABIAN QUEEN,Tanker,UAE,,0
567890123,2024-06-15 09:00:00+00:00,21.619310269143465,69.14346287859803,10.27865019097062,21.02406494754771,21.02406494754771,MV ARABIAN QUEEN,Tanker,UAE,,0
567890123,2024-06-15 09:05:00+00:00,21.633493353290035,69.14895689836554,11.142184198795125,21.174586767247614,21.174586767247614,MV ARABIAN QUEEN,Tanker,UAE,,0
567890123,2024-06-15 09:10:00+00:00,21.6476395125145,69.15454530675349,10.547562502841588,21.556386556441954,21.556386556441954,MV ARABIAN QUEEN,Tanker,UAE,,0
567890123,2024-06-15 09:15:00+00:00,21.661743393088624,69.16023957420991,10.614583505284596,21.985784143196835,21.985784143196835,MV ARABIAN QUEEN,Tanker,UAE,,0
567890123,2024-06-15 09:20:00+00:00,21.67586373859607,69.16589288933157,10.949182995632516,21.819516037961428,21.819516037961428,MV ARABIAN QUEEN,Tanker,UAE,,0
567890123,2024-06-15 09:25:00+00:00,21.68995209231742,69.17162546454142,10.934702371864281,22.141491649061905,22.141491649061905,MV ARABIAN QUEEN,Tanker,UAE,,0
567890123,2024-06-15 09:30:00+00:00,21.70412030958698,69.17715771078657,11.227017479060747,21.329092161898227,21.329092161898227,MV ARABIAN QUEEN,Tanker,UAE,,0
567890123,2024-06-15 09:35:00+00:00,21.718298722828692,69.18266377354153,10.232165012359943,21.223245151048125,21.223245151048125,MV ARABIAN QUEEN,Tanker,UAE,,0
567890123,2024-06-15 09:40:00+00:00,21.732568305635894,69.1879290499467,10.235976597433064,20.253355240703634,20.253355240703634,MV ARABIAN QUEEN,Tanker,UAE,,0
567890123,2024-06-15 09:45:00+00:00,21.746830384237665,69.19321461927,11.153151184542557,20.33485756542585,20.33485756542585,MV ARABIAN QUEEN,Tanker,UAE,,0
567890123,2024-06-15 09:50:00+00:00,21.76107479698104,69.19854761418007,10.498985729759257,20.525500701634993,20.525500701634993,MV ARABIAN QUEEN,Tanker,UAE,,0
567890123,2024-06-15 09:55:00+00:00,21.775282569177968,69.20397747037657,10.691871905142923,20.915609333530913,20.915609333530913,MV ARABIAN QUEEN,Tanker,UAE,,0
567890123,2024-06-15 10:00:00+00:00,21.789408203564555,69.20961755745843,10.683454001574637,21.765850999627638,21.765850999627638,MV ARABIAN QUEEN,Tanker,UAE,,0
567890123,2024-06-15 10:05:00+00:00,21.803502178748747,69.21533629793355,9.81281094272852,22.085238537437885,22.085238537437885,MV ARABIAN QUEEN,Tanker,UAE,,0
567890123,2024-06-15 10:10:00+00:00,21.81764016958128,69.2209453392361,10.5668676742725,21.63997957325226,21.63997957325226,MV ARABIAN QUEEN,Tanker,UAE,,0
567890123,2024-06-15 10:15:00+00:00,21.83178086389614,69.22654756142093,10.69130379546242,21.61234698315058,21.61234698315058,MV ARABIAN QUEEN,Tanker,UAE,,0
567890123,2024-06-15 10:20:00+00:00,21.8458830277505,69.23224607910005,10.871548954800405,22.003051351401677,22.003051351401677,MV ARABIAN QUEEN,Tanker,UAE,,0
567890123,2024-06-15 10:25:00+00:00,21.859871282826354,69.23821875430026,11.000622154895284,23.12140919398191,23.12140919398191,MV ARABIAN QUEEN,Tanker,UAE,,0
567890123,2024-06-15 10:30:00+00:00,21.87385204250363,69.24420895362589,10.639587393112821,23.193207096314897,23.193207096314897,MV ARABIAN QUEEN,Tanker,UAE,,0
567890123,2024-06-15 10:35:00+00:00,21.88783847368051,69.25018589866903,10.562233135643217,23.138899576205212,23.138899576205212,MV ARABIAN QUEEN,Tanker,UAE,,0
567890123,2024-06-15 10:40:00+00:00,21.901744543530977,69.25634750157967,11.139429034471675,23.897523686887713,23.897523686887713,MV ARABIAN QUEEN,Tanker,UAE,,0
567890123,2024-06-15 10:45:00+00:00,21.915686946416933,69.26242644317178,10.978976281660664,23.557387923139565,23.557387923139565,MV ARABIAN QUEEN,Tanker,UAE,,0
567890123,2024-06-15 10:50:00+00:00,21.929629932986593,69.2685040458762,10.577219688055662,23.55188592979678,23.55188592979678,MV ARABIAN QUEEN,Tanker,UAE,,0
567890123,2024-06-15 10:55:00+00:00,21.943573562029844,69.27458017443135,10.092532889150833,23.545828362062892,23.545828362062892,MV ARABIAN QUEEN,Tanker,UAE,,0
567890123,2024-06-15 11:00:00+00:00,21.957545657812364,69.28059055449907,10.65748778098635,23.275937188084786,23.275937188084786,MV ARABIAN QUEEN,Tanker,UAE,,0
567890123,2024-06-15 11:05:00+00:00,21.971499552891093,69.28664306978169,10.388985514967304,23.448834770264284,23.448834770264284,MV ARABIAN QUEEN,Tanker,UAE,,0
567890123,2024-06-15 11:10:00+00:00,21.985503182379933,69.29257960835679,10.953043955385427,22.97347524910281,22.97347524910281,MV ARABIAN QUEEN,Tanker,UAE,,0
567890123,2024-06-15 11:15:00+00:00,21.999525088108925,69.29847284930229,11.102864295474747,22.796438882340546,22.796438882340546,MV ARABIAN QUEEN,Tanker,UAE,,0
567890123,2024-06-15 11:20:00+00:00,22.01351718646695,69.30443651534372,10.402032298472312,23.08451282252753,23.08451282252753,MV ARABIAN QUEEN,Tanker,UAE,,0
567890123,2024-06-15 11:25:00+00:00,22.027551901890952,69.31029918470858,11.38314773623425,22.67157553257628,22.67157553257628,MV ARABIAN QUEEN,Tanker,UAE,,0
567890123,2024-06-15 11:30:00+00:00,22.04163646029683,69.31604107844026,10.491533716550954,22.179394152726488,22.179394152726488,MV ARABIAN QUEEN,Tanker,UAE,,0
567890123,2024-06-15 11:35:00+00:00,22.055694485268862,69.32184763189305,11.212033103279017,22.442676492917457,22.442676492917457,MV ARABIAN QUEEN,Tanker,UAE,,0
567890123,2024-06-15 11:40:00+00:00,22.069746380728503,69.32766900313236,9.877559573955514,22.503081968074543,22.503081968074543,MV ARABIAN QUEEN,Tanker,UAE,,0
567890123,2024-06-15 11:45:00+00:00,22.083766050014034,69.33356756246823,10.856810034150053,22.81817242037259,22.81817242037259,MV ARABIAN QUEEN,Tanker,UAE,,0
567890123,2024-06-15 11:50:00+00:00,22.097795091668495,69.33944379590231,10.76900537806627,22.72696112165115,22.72696112165115,MV ARABIAN QUEEN,Tanker,UAE,,0
567890123,2024-06-15 11:55:00+00:00,22.111713715709513,69.34557698707162,11.024575718800357,23.78051450739188,23.78051450739188,MV ARABIAN QUEEN,Tanker,UAE,,0
567890123,2024-06-15 12:00:00+00:00,22.125616013823805,69.35174709535721,10.90113236481664,23.932572278959565,23.932572278959565,MV ARABIAN QUEEN,Tanker,UAE,,0
567890123,2024-06-15 12:05:00+00:00,22.139486623685297,69.35798811379851,10.870095436337081,24.2251483262862,24.2251483262862,MV ARABIAN QUEEN,Tanker,UAE,,0
567890123,2024-06-15 12:10:00+00:00,22.153404117708646,69.36412386878258,10.710509047623,23.7910688357317,23.7910688357317,MV ARABIAN QUEEN,Tanker,UAE,,0
567890123,2024-06-15 12:15:00+00:00,22.167310694330844,69.37028432783735,11.141494889312943,23.892810858591545,23.892810858591545,MV ARABIAN QUEEN,Tanker,UAE,,0
567890123,2024-06-15 12:20:00+00:00,22.181125576609084,69.37664775118904,10.869830365082322,24.73178472806074,24.73178472806074,MV ARABIAN QUEEN,Tanker,UAE,,0
567890123,2024-06-15 12:25:00+00:00,22.194951004450772,69.3829882302016,10.371647681987694,24.636661808824545,24.636661808824545,MV ARABIAN QUEEN,Tanker,UAE,,0
567890123,2024-06-15 12:30:00+00:00,22.20874810895386,69.38939010777348,11.161539153703387,24.89137216481292,24.89137216481292,MV ARABIAN QUEEN,Tanker,UAE,,0
567890123,2024-06-15 12:35:00+00:00,22.22255786899603,69.3957646396537,10.77290872493752,24.777864728691906,24.777864728691906,MV ARABIAN QUEEN,Tanker,UAE,,0
567890123,2024-06-15 12:40:00+00:00,22.236353533094935,69.40216962062047,11.290521909816944,24.90426042775912,24.90426042775912,MV ARABIAN QUEEN,Tanker,UAE,,0
567890123,2024-06-15 12:45:00+00:00,22.2502606839814,69.40832878317195,9.754253566060147,23.887469311608996,23.887469311608996,MV ARABIAN QUEEN,Tanker,UAE,,0
567890123,2024-06-15 12:50:00+00:00,22.26415931232501,69.41450715344902,10.562745759146907,23.96662705979597,23.96662705979597,MV ARABIAN QUEEN,Tanker,UAE,,0
567890123,2024-06-15 12:55:00+00:00,22.2780272669787,69.42075406971527,10.76061921412378,24.24951299537558,24.24951299537558,MV ARABIAN QUEEN,Tanker,UAE,,0
567890123,2024-06-15 13:00:00+00:00,22.291861476569,69.4270753650039,10.038301618320043,24.557185261591528,24.557185261591528,MV ARABIAN QUEEN,Tanker,UAE,,0
567890123,2024-06-15 13:05:00+00:00,22.305733793057758,69.433312589094,10.215338225543324,24.209475840559765,24.209475840559765,MV ARABIAN QUEEN,Tanker,UAE,,0
567890123,2024-06-15 13:10:00+00:00,22.31973427872309,69.43925653813898,10.57503706726072,23.003798552341827,23.003798552341827,MV ARABIAN QUEEN,Tanker,UAE,,0
567890123,2024-06-15 13:15:00+00:00,22.333744442046086,69.44517764046687,9.352640022634064,22.91033265836127,22.91033265836127,MV ARABIAN QUEEN,Tanker,UAE,,0
567890123,2024-06-15 13:20:00+00:00,22.34781975354015,69.45094216433787,11.015263630130628,22.27148344142551,22.27148344142551,MV ARABIAN QUEEN,Tanker,UAE,,0
567890123,2024-06-15 13:25:00+00:00,22.361951866968877,69.45656599747481,10.339925087866654,21.699937583760065,21.699937583760065,MV ARABIAN QUEEN,Tanker,UAE,,0
567890123,2024-06-15 13:30:00+00:00,22.3760756532498,69.46221071094895,10.126766082520454,21.784617596909538,21.784617596909538,MV ARABIAN QUEEN,Tanker,UAE,,0
567890123,2024-06-15 13:35:00+00:00,22.390258026610514,69.46770656529307,11.148997261804496,21.181998140505403,21.181998140505403,MV ARABIAN QUEEN,Tanker,UAE,,0
567890123,2024-06-15 13:40:00+00:00,22.404395299716274,69.47331741533986,11.838912541852016,21.64730989643176,21.64730989643176,MV ARABIAN QUEEN,Tanker,UAE,,0
567890123,2024-06-15 13:45:00+00:00,22.418503637334602,69.47900063086998,10.454691100055316,21.94089375590185,21.94089375590185,MV ARABIAN QUEEN,Tanker,UAE,,0
567890123,2024-06-15 13:50:00+00:00,22.43266166879325,69.48455889267834,10.74058142392378,21.434335999088848,21.434335999088848,MV ARABIAN QUEEN,Tanker,UAE,,0
567890123,2024-06-15 13:55:00+00:00,22.446793180443972,69.49018423778597,10.775870751884892,21.706067691947265,21.706067691947265,MV ARABIAN QUEEN,Tanker,UAE,,0
567890123,2024-06-15 14:00:00+00:00,22.460800810457805,69.4961113307083,10.886836601327333,22.934833929320344,22.934833929320344,MV ARABIAN QUEEN,Tanker,UAE,,0
567890123,2024-06-15 14:05:00+00:00,22.474830350694315,69.5019863736755,10.243007599820208,22.722099241760432,22.722099241760432,MV ARABIAN QUEEN,Tanker,UAE,,0
567890123,2024-06-15 14:10:00+00:00,22.488841261959998,69.50790570595369,9.656041392049,22.90309407961796,22.90309407961796,MV ARABIAN QUEEN,Tanker,UAE,,0
567890123,2024-06-15 14:15:00+00:00,22.502819134530494,69.51390263912968,10.477057858106447,23.22080652929273,23.22080652929273,MV ARABIAN QUEEN,Tanker,UAE,,0
567890123,2024-06-15 14:20:00+00:00,22.51678430117677,69.51992910157925,10.077782639825559,23.341903028867716,23.341903028867716,MV ARABIAN QUEEN,Tanker,UAE,,0
567890123,2024-06-15 14:25:00+00:00,22.53076209718852,69.52592621319805,11.271197181448478,23.221537974447177,23.221537974447177,MV ARABIAN QUEEN,Tanker,UAE,,0
678901234,2024-06-15 02:30:00+00:00,20.64261901546321,68.70414146506693,14.35241960274209,271.020685388381,271.020685388381,MV GULF STAR,Cargo,Bahrain,,0
678901234,2024-06-15 02:35:00+00:00,20.642962376543853,68.68367406473514,14.960591167131625,270.96110376491964,270.96110376491964,MV GULF STAR,Cargo,Bahrain,,0
678901234,2024-06-15 02:40:00+00:00,20.64360538616045,68.66321388605054,14.44982387902122,271.8000632198886,271.8000632198886,MV GULF STAR,Cargo,Bahrain,,0
678901234,2024-06-15 02:45:00+00:00,20.644463078984455,68.64276158211693,14.232048314109555,272.40136277612055,272.40136277612055,MV GULF STAR,Cargo,Bahrain,,0
678901234,2024-06-15 02:50:00+00:00,20.645520966856086,68.62231865555482,15.072912375519854,272.9623201075854,272.9623201075854,MV GULF STAR,Cargo,Bahrain,,0
678901234,2024-06-15 02:55:00+00:00,20.64665559630576,68.60187984469937,13.967453172948483,273.17742659024526,273.17742659024526,MV GULF STAR,Cargo,Bahrain,,0
678901234,2024-06-15 03:00:00+00:00,20.647858541661247,68.58144494084237,14.212680468248386,273.36895356347463,273.36895356347463,MV GULF STAR,Cargo,Bahrain,,0
678901234,2024-06-15 03:05:00+00:00,20.648819978318862,68.56099725117517,14.342527112907415,272.6920264435197,272.6920264435197,MV GULF STAR,Cargo,Bahrain,,0
678901234,2024-06-15 03:10:00+00:00,20.649595793794028,68.54054167776542,13.999807016676556,272.1720074261707,272.1720074261707,MV GULF STAR,Cargo,Bahrain,,0
678901234,2024-06-15 03:15:00+00:00,20.650359828618758,68.52008566094983,13.876945482849068,272.13901034502084,272.13901034502084,MV GULF STAR,Cargo,Bahrain,,0
678901234,2024-06-15 03:20:00+00:00,20.650810231516104,68.499620336364,14.73225315022086,271.2607676822619,271.2607676822619,MV GULF STAR,Cargo,Bahrain,,0
678901234,2024-06-15 03:25:00+00:00,20.651428811747948,68.47915940452623,15.06213195341386,271.73165351848104,271.73165351848104,MV GULF STAR,Cargo,Bahrain,,0
678901234,2024-06-15 03:30:00+00:00,20.65216922250795,68.45870251900864,14.614170935763289,272.0728425115951,272.0728425115951,MV GULF STAR,Cargo,Bahrain,,0
678901234,2024-06-15 03:35:00+00:00,20.652942222702155,68.43824683901816,14.581521748076959,272.16412188351177,272.16412188351177,MV GULF STAR,Cargo,Bahrain,,0
678901234,2024-06-15 03:40:00+00:00,20.653770106128384,68.41779330675095,14.203171075716586,272.31785623824067,272.31785623824067,MV GULF STAR,Cargo,Bahrain,,0
678901234,2024-06-15 03:45:00+00:00,20.654554834927044,68.39733807334026,14.212204799961954,272.1969737296589,272.1969737296589,MV GULF STAR,Cargo,Bahrain,,0
678901234,2024-06-15 03:50:00+00:00,20.65539787454272,68.3768851601644,14.659309854905898,272.3603133933331,272.3603133933331,MV GULF STAR,Cargo,Bahrain,,0
678901234,2024-06-15 03:55:00+00:00,20.656344893780464,68.35643679769362,13.986584389720404,272.65162854530513,272.65162854530513,MV GULF STAR,Cargo,Bahrain,,0
678901234,2024-06-15 04:00:00+00:00,20.657336183051715,68.33599053351764,14.434543991365608,272.77567834333735,272.77567834333735,MV GULF STAR,Cargo,Bahrain,,0
678901234,2024-06-15 04:05:00+00:00,20.658090346042115,68.31553415037308,14.623367292289158,272.11136032044715,272.11136032044715,MV GULF STAR,Cargo,Bahrain,,0
678901234,2024-06-15 04:10:00+00:00,20.658802723634658,68.29507626946281,13.950625577122912,271.99432895423143,271.99432895423143,MV GULF STAR,Cargo,Bahrain,,0
678901234,2024-06-15 04:15:00+00:00,20.65933262872828,68.27461284907997,14.41580765720627,271.4833562118184,271.4833562118184,MV GULF STAR,Cargo,Bahrain,,0
678901234,2024-06-15 04:20:00+00:00,20.65961792783349,68.25414455707518,13.694199699543288,270.79857059537005,270.79857059537005,MV GULF STAR,Cargo,Bahrain,,0
678901234,2024-06-15 04:25:00+00:00,20.659915597412066,68.23367644123627,13.61949827501941,270.8331987383953,270.8331987383953,MV GULF STAR,Cargo,Bahrain,,0
678901234,2024-06-15 04:30:00+00:00,20.660168534019522,68.21320772373258,14.60943872915988,270.70798097136947,270.70798097136947,MV GULF STAR,Cargo,Bahrain,,0
678901234,2024-06-15 04:35:00+00:00,20.66039906457313,68.19273874161726,14.111983815870117,270.6452626357168,270.6452626357168,MV GULF STAR,Cargo,Bahrain,,0
678901234,2024-06-15 04:40:00+00:00,20.660595653768475,68.17226940538325,15.295349172293605,270.5502564795116,270.5502564795116,MV GULF STAR,Cargo,Bahrain,,0
678901234,2024-06-15 04:45:00+00:00,20.660852019283325,68.1518007305386,13.552750241858494,270.71757913629267,270.71757913629267,MV GULF STAR,Cargo,Bahrain,,0
678901234,2024-06-15 04:50:00+00:00,20.661272409624345,68.13133476745023,14.875933598029809,271.1767443055539,271.1767443055539,MV GULF STAR,Cargo,Bahrain,,0
678901234,2024-06-15 04:55:00+00:00,20.66165918031133,68.11086814140663,14.046835225945575,271.0826254680833,271.0826254680833,MV GULF STAR,Cargo,Bahrain,,0
678901234,2024-06-15 05:00:00+00:00,20.662159618471726,68.09040397919996,13.637028467147141,271.4008528969212,271.4008528969212,MV GULF STAR,Cargo,Bahrain,,0
678901234,2024-06-15 05:05:00+00:00,20.662795909755772,68.06994359047992,13.084053708288547,271.7812495952742,271.7812495952742,MV GULF STAR,Cargo,Bahrain,,0
678901234,2024-06-15 05:10:00+00:00,20.663633771171853,68.04949046452273,14.441960018275852,272.3458075165893,272.3458075165893,MV GULF STAR,Cargo,Bahrain,,0
678901234,2024-06-15 05:15:00+00:00,20.66453385450938,68.02903998229961,14.364168325575866,272.5201222482651,272.5201222482651,MV GULF STAR,Cargo,Bahrain,,0
678901234,2024-06-15 05:20:00+00:00,20.66548325288341,68.00859173015179,14.737665056823998,272.65829484123793,272.65829484123793,MV GULF STAR,Cargo,Bahrain,,0
678901234,2024-06-15 05:25:00+00:00,20.6662161282867,67.98813457329126,14.518504514815604,272.0517375751564,272.0517375751564,MV GULF STAR,Cargo,Bahrain,,0
678901234,2024-06-15 05:30:00+00:00,20.66643326020715,67.96766544466051,13.88880026935529,270.6077579688077,270.6077579688077,MV GULF STAR,Cargo,Bahrain,,0
678901234,2024-06-15 05:35:00+00:00,20.66666592466818,67.94719648668944,15.010513174013106,270.65123576914056,270.65123576914056,MV GULF STAR,Cargo,Bahrain,,0
678901234,2024-06-15 05:40:00+00:00,20.66667106283772,67.92672620709261,14.66633898041283,270.0143816024383,270.0143816024383,MV GULF STAR,Cargo,Bahrain,,0
678901234,2024-06-15 05:45:00+00:00,20.666734636225865,67.9062560255693,14.48183365978846,270.1779405382926,270.1779405382926,MV GULF STAR,Cargo,Bahrain,,0
678901234,2024-06-15 05:50:00+00:00,20.667036279093395,67.88578796790001,14.569882041387713,270.8443210621322,270.8443210621322,MV GULF STAR,Cargo,Bahrain,,0
678901234,2024-06-15 05:55:00+00:00,20.667053619932222,67.86531769500324,15.202327037764306,270.0485365605748,270.0485365605748,MV GULF STAR,Cargo,Bahrain,,0
678901234,2024-06-15 06:00:00+00:00,20.66737739075208,67.84484997540312,14.636581381786453,270.9062638534381,270.9062638534381,MV GULF STAR,Cargo,Bahrain,,0
678901234,2024-06-15 06:05:00+00:00,20.667731607741985,67.82438276006988,14.494028993454094,270.99149358335455,270.99149358335455,MV GULF STAR,Cargo,Bahrain,,0
678901234,2024-06-15 06:10:00+00:00,20.668159302098523,67.80391694831685,14.676804828399492,271.19719244199143,271.19719244199143,MV GULF STAR,Cargo,Bahrain,,0
678901234,2024-06-15 06:15:00+00:00,20.668526814804764,67.78344996740653,15.172306184936255,271.0287137305611,271.0287137305611,MV GULF STAR,Cargo,Bahrain,,0
678901234,2024-06-15 06:20:00+00:00,20.668848181225936,67.76298220991342,13.90176292817638,270.89953316862824,270.89953316862824,MV GULF STAR,Cargo,Bahrain,,0
678901234,2024-06-15 06:25:00+00:00,20.669254908839097,67.74251597074199,14.847698478188635,271.13849487988523,271.13849487988523,MV GULF STAR,Cargo,Bahrain,,0
678901234,2024-06-15 06:30:00+00:00,20.669280060531342,67.72204570595217,14.24941743457908,270.07039894710556,270.07039894710556,MV GULF STAR,Cargo,Bahrain,,0
678901234,2024-06-15 06:35:00+00:00,20.669161869796692,67.70157576691652,14.139818734753321,269.6691853839656,269.6691853839656,MV GULF STAR,Cargo,Bahrain,,0
678901234,2024-06-15 06:40:00+00:00,20.66899687965161,67.68110615159465,14.526821900056623,269.53819189487024,269.53819189487024,MV GULF STAR,Cargo,Bahrain,,0
678901234,2024-06-15 06:45:00+00:00,20.668614118475116,67.66063945017369,14.478466016661724,268.9285990300242,268.9285990300242,MV GULF STAR,Cargo,Bahrain,,0
678901234,2024-06-15 06:50:00+00:00,20.668253016486933,67.64017235515443,14.787311417381128,268.9892325441273,268.9892325441273,MV GULF STAR,Cargo,Bahrain,,0
678901234,2024-06-15 06:55:00+00:00,20.667741250991796,67.61970847308746,14.940726009527792,268.56743249424943,268.56743249424943,MV GULF STAR,Cargo,Bahrain,,0
678901234,2024-06-15 07:00:00+00:00,20.66742228111103,67.59924067810636,14.432778791376242,269.1071755059688,269.1071755059688,MV GULF STAR,Cargo,Bahrain,,0
678901234,2024-06-15 07:05:00+00:00,20.667325527920717,67.57877062651889,14.606892679364094,269.7291893401236,269.7291893401236,MV GULF STAR,Cargo,Bahrain,,0
678901234,2024-06-15 07:10:00+00:00,20.667328868609935,67.5583003465498,14.590366369712664,270.00935050187513,270.00935050187513,MV GULF STAR,Cargo,Bahrain,,0
678901234,2024-06-15 07:15:00+00:00,20.6673203767892,67.53783006806947,14.082289133467999,269.97623161496745,269.97623161496745,MV GULF STAR,Cargo,Bahrain,,0
678901234,2024-06-15 07:20:00+00:00,20.667275545835107,67.51735983691887,14.184898414234345,269.874519230615,269.874519230615,MV GULF STAR,Cargo,Bahrain,,0
678901234,2024-06-15 07:25:00+00:00,20.667454823011322,67.49689034174025,15.242963693917511,270.50179854666084,270.50179854666084,MV GULF STAR,Cargo,Bahrain,,0
678901234,2024-06-15 07:30:00+00:00,20.667533314423647,67.47642021198318,15.510494600298141,270.219695950491,270.219695950491,MV GULF STAR,Cargo,Bahrain,,0
678901234,2024-06-15 07:35:00+00:00,20.667645284725534,67.45595023797674,14.8361718191477,270.31340351206927,270.31340351206927,MV GULF STAR,Cargo,Bahrain,,0
678901234,2024-06-15 07:40:00+00:00,20.667786145044513,67.43548044238558,14.590465803971096,270.39426746371277,270.39426746371277,MV GULF STAR,Cargo,Bahrain,,0
678901234,2024-06-15 07:45:00+00:00,20.668037493893927,67.4150117053232,14.118177874456617,270.70353654092276,270.70353654092276,MV GULF STAR,Cargo,Bahrain,,0
678901234,2024-06-15 07:50:00+00:00,20.6684814309498,67.39454623945839,14.239693018011973,271.2426656412203,271.2426656412203,MV GULF STAR,Cargo,Bahrain,,0
678901234,2024-06-15 07:55:00+00:00,20.669077441703486,67.37408463775289,14.824507434895475,271.6684543173861,271.6684543173861,MV GULF STAR,Cargo,Bahrain,,0
678901234,2024-06-15 08:00:00+00:00,20.669528418092483,67.35361932579656,14.837027769789762,271.26237325960204,271.26237325960204,MV GULF STAR,Cargo,Bahrain,,0
678901234,2024-06-15 08:05:00+00:00,20.6699451508749,67.33315328790543,13.332778170706662,271.16650475382585,271.16650475382585,MV GULF STAR,Cargo,Bahrain,,0
678901234,2024-06-15 08:10:00+00:00,20.670028237521862,67.31268317628428,14.03883170603303,270.23255799237086,270.23255799237086,MV GULF STAR,Cargo,Bahrain,,0
678901234,2024-06-15 08:15:00+00:00,20.670091099053256,67.29221299256255,15.213825304907514,270.17594806035686,270.17594806035686,MV GULF STAR,Cargo,Bahrain,,0
678901234,2024-06-15 08:20:00+00:00,20.67050979396109,67.27174699471864,14.46205827022152,271.1719978353812,271.1719978353812,MV GULF STAR,Cargo,Bahrain,,0
678901234,2024-06-15 08:25:00+00:00,20.67078066216472,67.25127850665554,14.947060640998576,270.75817515050863,270.75817515050863,MV GULF STAR,Cargo,Bahrain,,0
678901234,2024-06-15 08:30:00+00:00,20.67098024658093,67.23080919940703,15.206199308372314,270.558640417004,270.558640417004,MV GULF STAR,Cargo,Bahrain,,0
678901234,2024-06-15 08:35:00+00:00,20.671447911603074,67.21034426201157,15.322723625824967,271.3090960725549,271.3090960725549,MV GULF STAR,Cargo,Bahrain,,0
678901234,2024-06-15 08:40:00+00:00,20.6719947680859,67.18988128761487,14.581776406155516,271.5308191270327,271.5308191270327,MV GULF STAR,Cargo,Bahrain,,0
678901234,2024-06-15 08:45:00+00:00,20.67268738384268,67.16942272812045,13.947434628299094,271.93898348989296,271.93898348989296,MV GULF STAR,Cargo,Bahrain,,0
678901234,2024-06-15 08:50:00+00:00,20.67337069067923,67.14896385559678,14.044474413575443,271.91291333810665,271.91291333810665,MV GULF STAR,Cargo,Bahrain,,0
678901234,2024-06-15 08:55:00+00:00,20.67373684321231,67.12849685030788,14.511743293863336,271.024906029979,271.024906029979,MV GULF STAR,Cargo,Bahrain,,0
678901234,2024-06-15 09:00:00+00:00,20.673964070308518,67.1080278312542,14.188893223516814,270.6360157667408,270.6360157667408,MV GULF STAR,Cargo,Bahrain,,0
678901234,2024-06-15 09:05:00+00:00,20.67418957015393,67.08755879309916,14.884818382532902,270.6311809412854,270.6311809412854,MV GULF STAR,Cargo,Bahrain,,0
678901234,2024-06-15 09:10:00+00:00,20.674627157860666,67.06709319048962,14.505308655377842,271.2248898577401,271.2248898577401,MV GULF STAR,Cargo,Bahrain,,0
678901234,2024-06-15 09:15:00+00:00,20.67519748890128,67.04663085690625,14.871642675180397,271.5965482812484,271.5965482812484,MV GULF STAR,Cargo,Bahrain,,0
678901234,2024-06-15 09:20:00+00:00,20.676203388925956,67.02618530633129,14.570028726119785,272.81662220832624,272.81662220832624,MV GULF STAR,Cargo,Bahrain,,0
678901234,2024-06-15 09:25:00+00:00,20.677154040419158,67.00573711240342,14.451454387393593,272.6618060724891,272.6618060724891,MV GULF STAR,Cargo,Bahrain,,0
678901234,2024-06-15 09:30:00+00:00,20.678031167462017,66.98528563271799,14.734777804077163,272.45580755046893,272.45580755046893,MV GULF STAR,Cargo,Bahrain,,0
678901234,2024-06-15 09:35:00+00:00,20.679142806676563,66.96484555856378,14.449341261869751,273.1129804438479,273.1129804438479,MV GULF STAR,Cargo,Bahrain,,0
678901234,2024-06-15 09:40:00+00:00,20.680111664047054,66.94439821916305,14.08479564030961,272.71281994991404,272.71281994991404,MV GULF STAR,Cargo,Bahrain,,0
678901234,2024-06-15 09:45:00+00:00,20.681063300186956,66.92395007103589,14.318610391491825,272.6645650527512,272.6645650527512,MV GULF STAR,Cargo,Bahrain,,0
678901234,2024-06-15 09:50:00+00:00,20.681943898984056,66.90349874054294,15.16597620588224,272.46553386825286,272.46553386825286,MV GULF STAR,Cargo,Bahrain,,0
678901234,2024-06-15 09:55:00+00:00,20.682848042201115,66.88304843741032,14.088041615447253,272.5314967957105,272.5314967957105,MV GULF STAR,Cargo,Bahrain,,0
678901234,2024-06-15 10:00:00+00:00,20.6840466834103,66.86261328063517,14.185962381646808,273.35688558938125,273.35688558938125,MV GULF STAR,Cargo,Bahrain,,0
678901234,2024-06-15 10:05:00+00:00,20.68503302579586,66.84216677722085,13.581378926848743,272.7618159570399,272.7618159570399,MV GULF STAR,Cargo,Bahrain,,0
678901234,2024-06-15 10:10:00+00:00,20.686018543394113,66.82172023403535,13.435971006201646,272.75950471658973,272.75950471658973,MV GULF STAR,Cargo,Bahrain,,0
678901234,2024-06-15 10:15:00+00:00,20.687116047861405,66.80127939606042,14.25167188118058,273.07335993208875,273.07335993208875,MV GULF STAR,Cargo,Bahrain,,0
678901234,2024-06-15 10:20:00+00:00,20.68825357382311,66.7808407462063,13.923065106872981,273.18554636635224,273.18554636635224,MV GULF STAR,Cargo,Bahrain,,0
678901234,2024-06-15 10:25:00+00:00,20.689156268958325,66.76039037910284,14.739293805632538,272.52743969945016,272.52743969945016,MV GULF STAR,Cargo,Bahrain,,0
678901234,2024-06-15 10:30:00+00:00,20.68994751844667,66.73993539688774,13.677283970932795,272.2152385072803,272.2152385072803,MV GULF STAR,Cargo,Bahrain,,0
678901234,2024-06-15 10:35:00+00:00,20.691002191478955,66.71949230421643,14.55529206112822,272.95330985276604,272.95330985276604,MV GULF STAR,Cargo,Bahrain,,0
678901234,2024-06-15 10:40:00+00:00,20.69217652808132,66.69905573633635,14.292661290285256,273.28874306584976,273.28874306584976,MV GULF STAR,Cargo,Bahrain,,0
678901234,2024-06-15 10:45:00+00:00,20.69340720899959,66.67862248408296,14.394986877147165,273.44672220279466,273.44672220279466,MV GULF STAR,Cargo,Bahrain,,0
678901234,2024-06-15 10:50:00+00:00,20.69430860643028,66.65817205973907,13.609603767293864,272.5238039266589,272.5238039266589,MV GULF STAR,Cargo,Bahrain,,0
678901234,2024-06-15 10:55:00+00:00,20.69539059551821,66.63773039462131,13.370503983231368,273.02987112171354,273.02987112171354,MV GULF STAR,Cargo,Bahrain,,0
678901234,2024-06-15 11:00:00+00:00,20.696262411731112,66.61727868785479,14.638051425357082,272.44092909395596,272.44092909395596,MV GULF STAR,Cargo,Bahrain,,0
678901234,2024-06-15 11:05:00+00:00,20.69719148786267,66.59682950227896,14.76045396880794,272.6013534437951,272.6013534437951,MV GULF STAR,Cargo,Bahrain,,0
678901234,2024-06-15 11:10:00+00:00,20.69788990731655,66.57637114009037,14.884461482949625,271.9552372711419,271.9552372711419,MV GULF STAR,Cargo,Bahrain,,0
678901234,2024-06-15 11:15:00+00:00,20.69853748166228,66.55591110537291,14.945598820928852,271.81284613039185,271.81284613039185,MV GULF STAR,Cargo,Bahrain,,0
678901234,2024-06-15 11:20:00+00:00,20.69893346482469,66.53544465549737,14.483267304573246,271.1084156604949,271.1084156604949,MV GULF STAR,Cargo,Bahrain,,0
678901234,2024-06-15 11:25:00+00:00,20.699426061563965,66.51498030303692,14.934065998469954,271.3788985047864,271.3788985047864,MV GULF STAR,Cargo,Bahrain,,0
678901234,2024-06-15 11:30:00+00:00,20.699912164448342,66.49451579529403,14.815711274308862,271.3607171787745,271.3607171787745,MV GULF STAR,Cargo,Bahrain,,0
678901234,2024-06-15 11:35:00+00:00,20.700469897393347,66.47405311445463,13.938384462482485,271.56127314716446,271.56127314716446,MV GULF STAR,Cargo,Bahrain,,0
678901234,2024-06-15 11:40:00+00:00,20.70104192778085,66.45359082830647,14.928279046485644,271.6013065614797,271.6013065614797,MV GULF STAR,Cargo,Bahrain,,0
678901234,2024-06-15 11:45:00+00:00,20.701460269055744,66.43312482323097,14.012034611135006,271.17100781908147,271.17100781908147,MV GULF STAR,Cargo,Bahrain,,0
678901234,2024-06-15 11:50:00+00:00,20.701732818129223,66.41265635748056,14.666816692915335,270.7628802757967,270.7628802757967,MV GULF STAR,Cargo,Bahrain,,0
678901234,2024-06-15 11:55:00+00:00,20.70208540108741,66.3921891139331,14.325186129085786,270.9869192895393,270.9869192895393,MV GULF STAR,Cargo,Bahrain,,0
678901234,2024-06-15 12:00:00+00:00,20.702692099954767,66.37172782634758,14.342029319353117,271.6983829857236,271.6983829857236,MV GULF STAR,Cargo,Bahrain,,0
678901234,2024-06-15 12:05:00+00:00,20.703226498200234,66.35126452280959,13.943001454366216,271.49593667816026,271.49593667816026,MV GULF STAR,Cargo,Bahrain,,0
678901234,2024-06-15 12:10:00+00:00,20.70401625474889,66.33080948289843,14.487048084362215,272.2110566888044,272.2110566888044,MV GULF STAR,Cargo,Bahrain,,0
678901234,2024-06-15 12:15:00+00:00,20.7049796834286,66.31036188699201,14.101473852587613,272.69760823404823,272.69760823404823,MV GULF STAR,Cargo,Bahrain,,0
678901234,2024-06-15 12:20:00+00:00,20.70591841361631,66.28991314231641,14.790760400504167,272.6284030601899,272.6284030601899,MV GULF STAR,Cargo,Bahrain,,0
678901234,2024-06-15 12:25:00+00:00,20.706745805102813,66.26945959014323,14.265507956733767,272.3164781850031,272.3164781850031,MV GULF STAR,Cargo,Bahrain,,0
678901234,2024-06-15 12:30:00+00:00,20.70762436990565,66.24900817217136,14.358571136583437,272.45983550855044,272.45983550855044,MV GULF STAR,Cargo,Bahrain,,0
678901234,2024-06-15 12:35:00+00:00,20.708475854246128,66.22855560882122,14.929906598587525,272.38397022975465,272.38397022975465,MV GULF STAR,Cargo,Bahrain,,0
678901234,2024-06-15 12:40:00+00:00,20.709298528239938,66.20810186635993,13.546250600756014,272.3032633086651,272.3032633086651,MV GULF STAR,Cargo,Bahrain,,0
678901234,2024-06-15 12:45:00+00:00,20.710129395308414,66.18764845507751,14.49396880986468,272.32621423779483,272.32621423779483,MV GULF STAR,Cargo,Bahrain,,0
678901234,2024-06-15 12:50:00+00:00,20.710822556745082,66.16718991406414,14.071296792490354,271.94051170934694,271.94051170934694,MV GULF STAR,Cargo,Bahrain,,0
678901234,2024-06-15 12:55:00+00:00,20.711464065761543,66.1467296882747,14.06035000310518,271.7958610104698,271.7958610104698,MV GULF STAR,Cargo,Bahrain,,0
678901234,2024-06-15 13:00:00+00:00,20.711970138762183,66.12626566464074,13.52991394775107,271.4166294360246,271.4166294360246,MV GULF STAR,Cargo,Bahrain,,0
678901234,2024-06-15 13:05:00+00:00,20.71230118691247,66.1057980614519,14.047393876849984,270.9266355171662,270.9266355171662,MV GULF STAR,Cargo,Bahrain,,0
678901234,2024-06-15 13:10:00+00:00,20.71262922736667,66.0853304098369,14.956785682753763,270.9182159632938,270.9182159632938,MV GULF STAR,Cargo,Bahrain,,0
678901234,2024-06-15 13:15:00+00:00,20.712772975824148,66.06486063432386,14.563379424713053,270.4023514832529,270.4023514832529,MV GULF STAR,Cargo,Bahrain,,0
678901234,2024-06-15 13:20:00+00:00,20.71295350659068,66.04439115016291,14.739773433465619,270.5053074487088,270.5053074487088,MV GULF STAR,Cargo,Bahrain,,0
678901234,2024-06-15 13:25:00+00:00,20.713026850450827,66.0239210013151,14.74605838676551,270.20528798733113,270.20528798733113,MV GULF STAR,Cargo,Bahrain,,0
678901234,2024-06-15 13:30:00+00:00,20.712881684605016,66.00345123580472,14.582243449942046,269.59368118504574,269.59368118504574,MV GULF STAR,Cargo,Bahrain,,0
678901234,2024-06-15 13:35:00+00:00,20.71287017898028,65.98298095879649,14.698794461011609,269.96779605530304,269.96779605530304,MV GULF STAR,Cargo,Bahrain,,0
678901234,2024-06-15 13:40:00+00:00,20.712807639810656,65.96251077408738,13.844240114743702,269.82495422605433,269.82495422605433,MV GULF STAR,Cargo,Bahrain,,0
678901234,2024-06-15 13:45:00+00:00,20.71295343014616,65.94204101301521,14.008513201043936,270.40806678943056,270.40806678943056,MV GULF STAR,Cargo,Bahrain,,0
678901234,2024-06-15 13:50:00+00:00,20.71325354168632,65.92157293283566,14.315303387444756,270.8400344537723,270.8400344537723,MV GULF STAR,Cargo,Bahrain,,0
678901234,2024-06-15 13:55:00+00:00,20.713482987907316,65.90110393853685,14.433048406754443,270.64222742549396,270.64222742549396,MV GULF STAR,Cargo,Bahrain,,0
678901234,2024-06-15 14:00:00+00:00,20.713795496119456,65.8806360438774,14.529635204318307,270.8747363005273,270.8747363005273,MV GULF STAR,Cargo,Bahrain,,0
678901234,2024-06-15 14:05:00+00:00,20.714187997787594,65.86016952693842,14.472195316029783,271.098669241256,271.098669241256,MV GULF STAR,Cargo,Bahrain,,0
678901234,2024-06-15 14:10:00+00:00,20.7148400931634,65.83970963581471,13.764697491081611,271.8255067565315,271.8255067565315,MV GULF STAR,Cargo,Bahrain,,0
678901234,2024-06-15 14:15:00+00:00,20.715457711184722,65.81924867490979,14.318375675978361,271.72895908778446,271.72895908778446,MV GULF STAR,Cargo,Bahrain,,0
678901234,2024-06-15 14:20:00+00:00,20.71574083573225,65.79878035271025,13.593815288783157,270.79248347851194,270.79248347851194,MV GULF STAR,Cargo,Bahrain,,0
678901234,2024-06-15 14:25:00+00:00,20.716243807883444,65.77831625262772,13.774146504591531,271.4079476021186,271.4079476021186,MV GULF STAR,Cargo,Bahrain,,0
789012345,2024-06-15 02:30:00+00:00,20.66157995249472,68.19728571386335,9.270796270247809,246.18009630581204,246.18009630581204,MV NORTH SEA,Tanker,Norway,,0
789012345,2024-06-15 02:35:00+00:00,20.65617519849179,68.18507885350023,9.353728364094001,246.11797884202855,246.11797884202855,MV NORTH SEA,Tanker,Norway,,0
789012345,2024-06-15 02:40:00+00:00,20.650758653351954,68.17287722063799,9.111983321415984,246.06262250996326,246.06262250996326,MV NORTH SEA,Tanker,Norway,,0
789012345,2024-06-15 02:45:00+00:00,20.644992386141578,68.16083691465286,9.216765084819858,244.4096021903449,244.4096021903449,MV NORTH SEA,Tanker,Norway,,0
789012345,2024-06-15 02:50:00+00:00,20.639329105585606,68.14874782622151,10.436673013406883,244.89868738758307,244.89868738758307,MV NORTH SEA,Tanker,Norway,,0
789012345,2024-06-15 02:55:00+00:00,20.633746104090978,68.1366214541314,10.274945268217927,245.27857977437327,245.27857977437327,MV NORTH SEA,Tanker,Norway,,0
789012345,2024-06-15 03:00:00+00:00,20.628284211968147,68.12444005272617,9.435435024517774,245.8495081194327,245.8495081194327,MV NORTH SEA,Tanker,Norway,,0
789012345,2024-06-15 03:05:00+00:00,20.623025576193644,68.112169537026,9.307179089957867,246.80202751895953,246.80202751895953,MV NORTH SEA,Tanker,Norway,,0
789012345,2024-06-15 03:10:00+00:00,20.61756776444836,68.09998630688331,9.631617793215083,245.86869892144915,245.86869892144915,MV NORTH SEA,Tanker,Norway,,0
789012345,2024-06-15 03:15:00+00:00,20.612202473501235,68.08776204989937,9.645346102191095,246.30307594958515,246.30307594958515,MV NORTH SEA,Tanker,Norway,,0
789012345,2024-06-15 03:20:00+00:00,20.606780800648586,68.07556269461986,10.698797827751811,246.03854182137567,246.03854182137567,MV NORTH SEA,Tanker,Norway,,0
789012345,2024-06-15 03:25:00+00:00,20.60138760063845,68.063350725106,9.430283549208184,246.17219888265612,246.17219888265612,MV NORTH SEA,Tanker,Norway,,0
789012345,2024-06-15 03:30:00+00:00,20.596025760634884,68.05112495406557,9.523768096850018,246.31924971427472,246.31924971427472,MV NORTH SEA,Tanker,Norway,,0
789012345,2024-06-15 03:35:00+00:00,20.590643910621385,68.03890797832732,10.150892489113183,246.22543956507698,246.22543956507698,MV NORTH SEA,Tanker,Norway,,0
789012345,2024-06-15 03:40:00+00:00,20.585275537413356,68.02668507462745,9.520525110464938,246.28862841987353,246.28862841987353,MV NORTH SEA,Tanker,Norway,,0
789012345,2024-06-15 03:45:00+00:00,20.579800312431743,68.01450966017218,10.137196770581937,245.78678099901444,245.78678099901444,MV NORTH SEA,Tanker,Norway,,0
789012345,2024-06-15 03:50:00+00:00,20.574352228367445,68.00232207690948,9.551921755237467,245.9144384727773,245.9144384727773,MV NORTH SEA,Tanker,Norway,,0
789012345,2024-06-15 03:55:00+00:00,20.568857011059382,67.99015567265457,9.185967238321224,245.6926651332885,245.6926651332885,MV NORTH SEA,Tanker,Norway,,0
789012345,2024-06-15 04:00:00+00:00,20.563514802488292,67.97792131066304,8.910251525220014,246.41121961351212,246.41121961351212,MV NORTH SEA,Tanker,Norway,,0
789012345,2024-06-15 04:05:00+00:00,20.55821975249462,67.96566646462887,9.787030016685067,246.63188694674122,246.63188694674122,MV NORTH SEA,Tanker,Norway,,0
789012345,2024-06-15 04:10:00+00:00,20.552900399441935,67.95342214803472,9.6143630581729,246.51821267346696,246.51821267346696,MV NORTH SEA,Tanker,Norway,,0
789012345,2024-06-15 04:15:00+00:00,20.547479095422922,67.94122262884378,8.66239140698759,246.04027408249348,246.04027408249348,MV NORTH SEA,Tanker,Norway,,0
789012345,2024-06-15 04:20:00+00:00,20.54209490701201,67.92900668348892,10.032767886671293,246.21447237031225,246.21447237031225,MV NORTH SEA,Tanker,Norway,,0
789012345,2024-06-15 04:25:00+00:00,20.53678924937643,67.91675642623404,9.75152183024075,246.58228315060478,246.58228315060478,MV NORTH SEA,Tanker,Norway,,0
789012345,2024-06-15 04:30:00+00:00,20.531556890329515,67.90447468268677,8.614708442399165,246.92466755792805,246.92466755792805,MV NORTH SEA,Tanker,Norway,,0
789012345,2024-06-15 04:35:00+00:00,20.526316352039856,67.89219642693966,9.840936683622234,246.88650501027712,246.88650501027712,MV NORTH SEA,Tanker,Norway,,0
789012345,2024-06-15 04:40:00+00:00,20.521087638692254,67.87991313086387,9.214104310627787,246.94167409938868,246.94167409938868,MV NORTH SEA,Tanker,Norway,,0
789012345,2024-06-15 04:45:00+00:00,20.515862015762274,67.86762851972837,9.199184644161777,246.95608866748128,246.95608866748128,MV NORTH SEA,Tanker,Norway,,0
789012345,2024-06-15 04:50:00+00:00,20.51072116811484,67.8553081913552,9.296888629355491,247.35090749439584,247.35090749439584,MV NORTH SEA,Tanker,Norway,,0
789012345,2024-06-15 04:55:00+00:00,20.5055698287512,67.84299224605988,10.028766936407962,247.30210701178592,247.30210701178592,MV NORTH SEA,Tanker,Norway,,0
789012345,2024-06-15 05:00:00+00:00,20.500310682534177,67.83072194912684,9.244004158222475,246.79964404433696,246.79964404433696,MV NORTH SEA,Tanker,Norway,,0
789012345,2024-06-15 05:05:00+00:00,20.49510734071929,67.81842788390355,9.032400235782903,247.05996842807988,247.05996842807988,MV NORTH SEA,Tanker,Norway,,0
789012345,2024-06-15 05:10:00+00:00,20.490070957051717,67.80606448447986,9.75696029911428,247.83586742209204,247.83586742209204,MV NORTH SEA,Tanker,Norway,,0
789012345,2024-06-15 05:15:00+00:00,20.485012333309257,67.79371016816576,9.467232508297323,247.73276225680138,247.73276225680138,MV NORTH SEA,Tanker,Norway,,0
789012345,2024-06-15 05:20:00+00:00,20.479805002079424,67.78141779218633,9.39743644926076,247.04137471333954,247.04137471333954,MV NORTH SEA,Tanker,Norway,,0
789012345,2024-06-15 05:25:00+00:00,20.474550618026544,67.7691454552458,9.451261319667594,246.82187897679216,246.82187897679216,MV NORTH SEA,Tanker,Norway,,0
789012345,2024-06-15 05:30:00+00:00,20.469168326709937,67.75692867392092,9.718894066217858,246.223369903376,246.223369903376,MV NORTH SEA,Tanker,Norway,,0
789012345,2024-06-15 05:35:00+00:00,20.46386341590909,67.74467809323461,10.192618788410257,246.58577613140073,246.58577613140073,MV NORTH SEA,Tanker,Norway,,0
789012345,2024-06-15 05:40:00+00:00,20.45862240882071,67.7324000375882,8.482423534791332,246.88431736999007,246.88431736999007,MV NORTH SEA,Tanker,Norway,,0
789012345,2024-06-15 05:45:00+00:00,20.45328466410844,67.72016372739503,9.425947396938433,246.43212302525083,246.43212302525083,MV NORTH SEA,Tanker,Norway,,0
789012345,2024-06-15 05:50:00+00:00,20.447855610128755,67.70796765513211,9.219635954954217,246.00387078201098,246.00387078201098,MV NORTH SEA,Tanker,Norway,,0
789012345,2024-06-15 05:55:00+00:00,20.442379930058838,67.69579244533807,10.452486836177098,245.7846393997779,245.7846393997779,MV NORTH SEA,Tanker,Norway,,0
789012345,2024-06-15 06:00:00+00:00,20.436819511379028,67.68365570154651,9.813762772421121,245.38523545794473,245.38523545794473,MV NORTH SEA,Tanker,Norway,,0
789012345,2024-06-15 06:05:00+00:00,20.431448884622398,67.67143378786666,9.232080654359239,246.27806431368077,246.27806431368077,MV NORTH SEA,Tanker,Norway,,0
789012345,2024-06-15 06:10:00+00:00,20.426030709985742,67.6592328785004,9.503897165455095,246.0549705785008,246.0549705785008,MV NORTH SEA,Tanker,Norway,,0
789012345,2024-06-15 06:15:00+00:00,20.42068842718088,67.64699854892378,9.839781552438673,246.41087196258607,246.41087196258607,MV NORTH SEA,Tanker,Norway,,0
789012345,2024-06-15 06:20:00+00:00,20.41528308387562,67.63479194949932,8.859406421351881,246.1152127829142,246.1152127829142,MV NORTH SEA,Tanker,Norway,,0
789012345,2024-06-15 06:25:00+00:00,20.40983383863407,67.62260488537154,8.633331976825021,245.90897947640823,245.90897947640823,MV NORTH SEA,Tanker,Norway,,0
789012345,2024-06-15 06:30:00+00:00,20.40432859963164,67.61044301260117,8.988151974834985,245.64546074164247,245.64546074164247,MV NORTH SEA,Tanker,Norway,,0
789012345,2024-06-15 06:35:00+00:00,20.398673431486202,67.59835012713063,10.241514527025654,244.93712981330614,244.93712981330614,MV NORTH SEA,Tanker,Norway,,0
789012345,2024-06-15 06:40:00+00:00,20.39308309455097,67.58622713497904,9.146552960497147,245.24391579140374,245.24391579140374,MV NORTH SEA,Tanker,Norway,,0
789012345,2024-06-15 06:45:00+00:00,20.387432547950855,67.57413208934553,9.91477509630763,244.9590246200569,244.9590246200569,MV NORTH SEA,Tanker,Norway,,0
789012345,2024-06-15 06:50:00+00:00,20.381747565453857,67.56205319122667,10.132694794447128,244.7957885142115,244.7957885142115,MV NORTH SEA,Tanker,Norway,,0
789012345,2024-06-15 06:55:00+00:00,20.37593474613381,67.55003529052358,10.01384299242459,244.1878702784833,244.1878702784833,MV NORTH SEA,Tanker,Norway,,0
789012345,2024-06-15 07:00:00+00:00,20.37006646159621,67.5380443755317,9.574831695174945,243.9231410837859,243.9231410837859,MV NORTH SEA,Tanker,Norway,,0
789012345,2024-06-15 07:05:00+00:00,20.364270305052298,67.52601842961982,9.903263617660608,244.26728407693017,244.26728407693017,MV NORTH SEA,Tanker,Norway,,0
789012345,2024-06-15 07:10:00+00:00,20.358210682807087,67.51412306144552,8.74509630748355,243.00524116940008,243.00524116940008,MV NORTH SEA,Tanker,Norway,,0
789012345,2024-06-15 07:15:00+00:00,20.35228011807129,67.5021628270134,9.216991699440232,243.62516920793797,243.62516920793797,MV NORTH SEA,Tanker,Norway,,0
789012345,2024-06-15 07:20:00+00:00,20.34617207857585,67.49029224744544,8.832771090834889,242.77178948584418,242.77178948584418,MV NORTH SEA,Tanker,Norway,,0
789012345,2024-06-15 07:25:00+00:00,20.339986415150182,67.47846193156879,9.157990019412832,242.396486561137,242.396486561137,MV NORTH SEA,Tanker,Norway,,0
789012345,2024-06-15 07:30:00+00:00,20.33375070271659,67.46665791969984,9.10691666201957,242.15382320576717,242.15382320576717,MV NORTH SEA,Tanker,Norway,,0
789012345,2024-06-15 07:35:00+00:00,20.327509294530213,67.45485691848775,9.178328804694987,242.12617292756943,242.12617292756943,MV NORTH SEA,Tanker,Norway,,0
789012345,2024-06-15 07:40:00+00:00,20.32137381419287,67.44300049884323,9.10567898311736,242.63926166703232,242.63926166703232,MV NORTH SEA,Tanker,Norway,,0
789012345,2024-06-15 07:45:00+00:00,20.315254402718704,67.43113577765112,8.282036179855877,242.7168867616276,242.7168867616276,MV NORTH SEA,Tanker,Norway,,0
789012345,2024-06-15 07:50:00+00:00,20.309201128140362,67.41923717804293,9.574112380795635,243.03581148167117,243.03581148167117,MV NORTH SEA,Tanker,Norway,,0
789012345,2024-06-15 07:55:00+00:00,20.303028340014258,67.40740013903365,10.465014577178799,242.45882561472382,242.45882561472382,MV NORTH SEA,Tanker,Norway,,0
789012345,2024-06-15 08:00:00+00:00,20.296813065107557,67.3955853532298,8.933811322250765,242.2529801364827,242.2529801364827,MV NORTH SEA,Tanker,Norway,,0
789012345,2024-06-15 08:05:00+00:00,20.29077615115526,67.38367844449205,9.792025379490926,243.1145659162572,243.1145659162572,MV NORTH SEA,Tanker,Norway,,0
789012345,2024-06-15 08:10:00+00:00,20.284690600113198,67.37179632034393,9.517777382034811,242.8802818155321,242.8802818155321,MV NORTH SEA,Tanker,Norway,,0
789012345,2024-06-15 08:15:00+00:00,20.278598432047147,67.35991758749856,8.73832793405917,242.8483698741494,242.8483698741494,MV NORTH SEA,Tanker,Norway,,0
789012345,2024-06-15 08:20:00+00:00,20.2724767321239,67.34805404688849,9.083109430879613,242.7058350904355,242.7058350904355,MV NORTH SEA,Tanker,Norway,,0
789012345,2024-06-15 08:25:00+00:00,20.26650028361586,67.33611667410435,9.663392704543536,243.40515192810807,243.40515192810807,MV NORTH SEA,Tanker,Norway,,0
789012345,2024-06-15 08:30:00+00:00,20.260916176661848,67.32399081103061,9.538249324789652,245.27335649029374,245.27335649029374,MV NORTH SEA,Tanker,Norway,,0
789012345,2024-06-15 08:35:00+00:00,20.255171430374187,67.3119402220057,9.301495748362175,244.5119693057493,244.5119693057493,MV NORTH SEA,Tanker,Norway,,0
789012345,2024-06-15 08:40:00+00:00,20.249315580417665,67.29994322958912,9.23426830192464,243.98254175929554,243.98254175929554,MV NORTH SEA,Tanker,Norway,,0
789012345,2024-06-15 08:45:00+00:00,20.24357278025826,67.28789171300049,9.433120751166232,244.52122201893255,244.52122201893255,MV NORTH SEA,Tanker,Norway,,0
789012345,2024-06-15 08:50:00+00:00,20.237899647322312,67.27580724493409,9.46742873021699,244.85198348121992,244.85198348121992,MV NORTH SEA,Tanker,Norway,,0
789012345,2024-06-15 08:55:00+00:00,20.232053907414002,67.26380532297628,8.93383409483392,244.03081586452294,244.03081586452294,MV NORTH SEA,Tanker,Norway,,0
789012345,2024-06-15 09:00:00+00:00,20.226298672470136,67.25175973969867,9.31605957142661,244.46208954163188,244.46208954163188,MV NORTH SEA,Tanker,Norway,,0
789012345,2024-06-15 09:05:00+00:00,20.220439927302973,67.2397641608955,9.616695816831662,243.96871386663938,243.96871386663938,MV NORTH SEA,Tanker,Norway,,0
789012345,2024-06-15 09:10:00+00:00,20.21456956404313,67.22777426344163,9.243962476837877,243.91320797488487,243.91320797488487,MV NORTH SEA,Tanker,Norway,,0
789012345,2024-06-15 09:15:00+00:00,20.20868141573885,67.2157930900724,9.654041539299216,243.8281881770288,243.8281881770288,MV NORTH SEA,Tanker,Norway,,0
789012345,2024-06-15 09:20:00+00:00,20.20281525116917,67.20380113781272,8.883707021772441,243.9332704159337,243.9332704159337,MV NORTH SEA,Tanker,Norway,,0
789012345,2024-06-15 09:25:00+00:00,20.196996854886507,67.19178593617252,9.135119897784515,244.16127892042724,244.16127892042724,MV NORTH SEA,Tanker,Norway,,0
789012345,2024-06-15 09:30:00+00:00,20.19112795331651,67.1797953231724,9.654616403611715,243.92019270184892,243.92019270184892,MV NORTH SEA,Tanker,Norway,,0
789012345,2024-06-15 09:35:00+00:00,20.185232211102655,67.1678178848192,9.167243137020824,243.79186729508268,243.79186729508268,MV NORTH SEA,Tanker,Norway,,0
789012345,2024-06-15 09:40:00+00:00,20.179165801599567,67.15592597658302,9.072312544115,242.9725445955109,242.9725445955109,MV NORTH SEA,Tanker,Norway,,0
789012345,2024-06-15 09:45:00+00:00,20.173041853369124,67.14406359639068,9.375880700855818,242.69497620626558,242.69497620626558,MV NORTH SEA,Tanker,Norway,,0
789012345,2024-06-15 09:50:00+00:00,20.166816014501265,67.13225437388671,9.041945158847847,242.20173816763335,242.20173816763335,MV NORTH SEA,Tanker,Norway,,0
789012345,2024-06-15 09:55:00+00:00,20.160498696744945,67.12049383384289,9.499303744560123,241.75698800141168,241.75698800141168,MV NORTH SEA,Tanker,Norway,,0
789012345,2024-06-15 10:00:00+00:00,20.154240617505184,67.10870166483181,9.310984669037122,242.0452019659636,242.0452019659636,MV NORTH SEA,Tanker,Norway,,0
789012345,2024-06-15 10:05:00+00:00,20.148124964795333,67.09683500575315,9.126415553850553,242.73503668187075,242.73503668187075,MV NORTH SEA,Tanker,Norway,,0
789012345,2024-06-15 10:10:00+00:00,20.141934854557256,67.0850070160255,8.912440078695047,242.37494794509198,242.37494794509198,MV NORTH SEA,Tanker,Norway,,0
789012345,2024-06-15 10:15:00+00:00,20.1357991457105,67.07315071463321,8.68525688745351,242.63815739686822,242.63815739686822,MV NORTH SEA,Tanker,Norway,,0
789012345,2024-06-15 10:20:00+00:00,20.1297009297373,67.06127508548352,9.250704810689005,242.8191946391218,242.8191946391218,MV NORTH SEA,Tanker,Norway,,0
789012345,2024-06-15 10:25:00+00:00,20.12362326553219,67.04938892531436,9.204603980299858,242.91830580147646,242.91830580147646,MV NORTH SEA,Tanker,Norway,,0
789012345,2024-06-15 10:30:00+00:00,20.117592783290046,67.03747875782251,9.781954111678804,243.14551092683652,243.14551092683652,MV NORTH SEA,Tanker,Norway,,0
789012345,2024-06-15 10:35:00+00:00,20.11155112154286,67.02557425745125,9.688249002622474,243.09171732261453,243.09171732261453,MV NORTH SEA,Tanker,Norway,,0
789012345,2024-06-15 10:40:00+00:00,20.105453180759056,67.01369848699397,8.613019054134806,242.8205223243383,242.8205223243383,MV NORTH SEA,Tanker,Norway,,0
789012345,2024-06-15 10:45:00+00:00,20.099314078545035,67.00184394230585,9.783253792858414,242.6217576766244,242.6217576766244,MV NORTH SEA,Tanker,Norway,,0
789012345,2024-06-15 10:50:00+00:00,20.09323983544993,66.98995603346627,9.809773310905031,242.9347956302088,242.9347956302088,MV NORTH SEA,Tanker,Norway,,0
789012345,2024-06-15 10:55:00+00:00,20.087071258612234,66.97811679930378,9.924507008571295,242.47920796526856,242.47920796526856,MV NORTH SEA,Tanker,Norway,,0
789012345,2024-06-15 11:00:00+00:00,20.08088736053576,66.96628556055475,8.129126298348723,242.40503604654185,242.40503604654185,MV NORTH SEA,Tanker,Norway,,0
789012345,2024-06-15 11:05:00+00:00,20.074611245023625,66.95450298104791,10.16178978232737,241.95753171296835,241.95753171296835,MV NORTH SEA,Tanker,Norway,,0
789012345,2024-06-15 11:10:00+00:00,20.068432249368705,66.94266918121636,8.697619677605791,242.42877469877908,242.42877469877908,MV NORTH SEA,Tanker,Norway,,0
789012345,2024-06-15 11:15:00+00:00,20.062266208033797,66.93082862633017,9.280486235183714,242.491477804982,242.491477804982,MV NORTH SEA,Tanker,Norway,,0
789012345,2024-06-15 11:20:00+00:00,20.056150551349177,66.91896196929996,9.707887892349726,242.73501749049078,242.73501749049078,MV NORTH SEA,Tanker,Norway,,0
789012345,2024-06-15 11:25:00+00:00,20.050019352849752,66.90710333486265,9.188565102568901,242.65995158302732,242.65995158302732,MV NORTH SEA,Tanker,Norway,,0
789012345,2024-06-15 11:30:00+00:00,20.043825727918083,66.89527718519496,8.620250301536325,242.35792114871316,242.35792114871316,MV NORTH SEA,Tanker,Norway,,0
789012345,2024-06-15 11:35:00+00:00,20.037737736396906,66.8833963112795,9.425923856224305,242.86851316980045,242.86851316980045,MV NORTH SEA,Tanker,Norway,,0
789012345,2024-06-15 11:40:00+00:00,20.031666605315365,66.8715068128398,9.331380256179031,242.94979350109264,242.94979350109264,MV NORTH SEA,Tanker,Norway,,0
789012345,2024-06-15 11:45:00+00:00,20.02546304966964,66.8596858694296,9.374023178632902,242.30979785780687,242.30979785780687,MV NORTH SEA,Tanker,Norway,,0
789012345,2024-06-15 11:50:00+00:00,20.019251768973547,66.84786898329698,10.755392815169145,242.27234833090014,242.27234833090014,MV NORTH SEA,Tanker,Norway,,0
789012345,2024-06-15 11:55:00+00:00,20.013038006675945,66.83605340189504,9.686775768480736,242.26031528422834,242.26031528422834,MV NORTH SEA,Tanker,Norway,,0
789012345,2024-06-15 12:00:00+00:00,20.007000730988665,66.82414667656721,9.805536681692256,243.1128252421846,243.1128252421846,MV NORTH SEA,Tanker,Norway,,0
789012345,2024-06-15 12:05:00+00:00,20.001110132500692,66.81216670765197,8.98716134348813,243.81647043982815,243.81647043982815,MV NORTH SEA,Tanker,Norway,,0
789012345,2024-06-15 12:10:00+00:00,19.99534284834094,66.80012688875061,9.98061167863029,244.40476277133408,244.40476277133408,MV NORTH SEA,Tanker,Norway,,0
789012345,2024-06-15 12:15:00+00:00,19.989581415267537,66.78808426882397,8.98754744282522,244.4326040169108,244.4326040169108,MV NORTH SEA,Tanker,Norway,,0
789012345,2024-06-15 12:20:00+00:00,19.983798519807088,66.77605194046033,9.261498485908556,244.33044771274604,244.33044771274604,MV NORTH SEA,Tanker,Norway,,0
789012345,2024-06-15 12:25:00+00:00,19.978123115961708,66.7639685387477,9.735053141294436,244.8412160013414,244.8412160013414,MV NORTH SEA,Tanker,Norway,,0
789012345,2024-06-15 12:30:00+00:00,19.972582815625177,66.75182259794686,9.686784511232895,245.48017519928308,245.48017519928308,MV NORTH SEA,Tanker,Norway,,0
789012345,2024-06-15 12:35:00+00:00,19.966938646900783,66.7397245747543,9.019800421432908,244.98923371467586,244.98923371467586,MV NORTH SEA,Tanker,Norway,,0
789012345,2024-06-15 12:40:00+00:00,19.961284241486478,66.72763133262626,9.987290002030756,244.94074356044817,244.94074356044817,MV NORTH SEA,Tanker,Norway,,0
789012345,2024-06-15 12:45:00+00:00,19.95574986526085,66.71548269132157,10.364191078862273,245.5081177704872,245.5081177704872,MV NORTH SEA,Tanker,Norway,,0
789012345,2024-06-15 12:50:00+00:00,19.95029385074655,66.70329865621916,9.076986594201426,245.87715073161942,245.87715073161942,MV NORTH SEA,Tanker,Norway,,0
789012345,2024-06-15 12:55:00+00:00,19.944737930342313,66.69115985256235,9.46384080159966,245.406469352092,245.406469352092,MV NORTH SEA,Tanker,Norway,,0
789012345,2024-06-15 13:00:00+00:00,19.939202252891057,66.67901180412186,9.977702027564082,245.50198074217622,245.50198074217622,MV NORTH SEA,Tanker,Norway,,0
789012345,2024-06-15 13:05:00+00:00,19.933487566686146,66.6669469308388,9.237932796132712,244.65480836555852,244.65480836555852,MV NORTH SEA,Tanker,Norway,,0
789012345,2024-06-15 13:10:00+00:00,19.92775577914224,66.65489017267964,9.069698590889631,244.573567228403,244.573567228403,MV NORTH SEA,Tanker,Norway,,0
789012345,2024-06-15 13:15:00+00:00,19.92204720798339,66.64282240482137,9.17300952745184,244.68384508152454,244.68384508152454,MV NORTH SEA,Tanker,Norway,,0
789012345,2024-06-15 13:20:00+00:00,19.916339992932567,66.63075399555915,9.758985734341637,244.69028348858848,244.69028348858848,MV NORTH SEA,Tanker,Norway,,0
789012345,2024-06-15 13:25:00+00:00,19.910656112911543,66.61867457861695,8.674589447142417,244.8010179534437,244.8010179534437,MV NORTH SEA,Tanker,Norway,,0
789012345,2024-06-15 13:30:00+00:00,19.905022278619068,66.60657173940783,9.60410851409505,245.03816744991283,245.03816744991283,MV NORTH SEA,Tanker,Norway,,0
789012345,2024-06-15 13:35:00+00:00,19.89950864483082,66.59441367014475,9.288429807326567,245.60590589587605,245.60590589587605,MV NORTH SEA,Tanker,Norway,,0
789012345,2024-06-15 13:40:00+00:00,19.893999829045303,66.58225341708825,10.189737700437902,245.62860904247762,245.62860904247762,MV NORTH SEA,Tanker,Norway,,0
789012345,2024-06-15 13:45:00+00:00,19.8884351884373,66.5701186084511,8.119571194116231,245.36530276800784,245.36530276800784,MV NORTH SEA,Tanker,Norway,,0
789012345,2024-06-15 13:50:00+00:00,19.882916013657766,66.55796305352712,8.115518162149748,245.57979087434884,245.57979087434884,MV NORTH SEA,Tanker,Norway,,0
789012345,2024-06-15 13:55:00+00:00,19.8774541360422,66.54578164561714,9.135079292890914,245.8495763549974,245.8495763549974,MV NORTH SEA,Tanker,Norway,,0
789012345,2024-06-15 14:00:00+00:00,19.87209901178674,66.53355293145884,9.226128242391496,246.35071911631448,246.35071911631448,MV NORTH SEA,Tanker,Norway,,0
789012345,2024-06-15 14:05:00+00:00,19.86666839071249,66.52135755690516,9.032884134182048,245.99650853695192,245.99650853695192,MV NORTH SEA,Tanker,Norway,,0
789012345,2024-06-15 14:10:00+00:00,19.86129759620612,66.50913571694028,10.078854399603456,246.27727790809726,246.27727790809726,MV NORTH SEA,Tanker,Norway,,0
789012345,2024-06-15 14:15:00+00:00,19.855709049575292,66.49701189937683,8.908203221155757,245.25237685389013,245.25237685389013,MV NORTH SEA,Tanker,Norway,,0
789012345,2024-06-15 14:20:00+00:00,19.850351331138015,66.48478432157484,9.962565145939747,246.33856390740291,246.33856390740291,MV NORTH SEA,Tanker,Norway,,0
789012345,2024-06-15 14:25:00+00:00,19.844715963248913,66.47268219636844,9.412255776524983,245.0309070703742,245.0309070703742,MV NORTH SEA,Tanker,Norway,,0
890123456,2024-06-15 02:30:00+00:00,20.63652376946379,68.01853967482558,14.17927401455022,130.95077311171224,130.95077311171224,MV SEALION,Container,Singapore,,0
890123456,2024-06-15 02:35:00+00:00,20.622749263020495,68.0345581081818,14.706695483930392,130.6927628570117,130.6927628570117,MV SEALION,Container,Singapore,,0
890123456,2024-06-15 02:40:00+00:00,20.6090785493445,68.05066521290404,13.744160793499729,130.32253610446827,130.32253610446827,MV SEALION,Container,Singapore,,0
890123456,2024-06-15 02:45:00+00:00,20.595505914459956,68.0668550497542,15.212228908730493,129.97454751718985,129.97454751718985,MV SEALION,Container,Singapore,,0
890123456,2024-06-15 02:50:00+00:00,20.58197530102564,68.08308002232845,15.423923036419238,129.8259950227481,129.8259950227481,MV SEALION,Container,Singapore,,0
890123456,2024-06-15 02:55:00+00:00,20.568438175168502,68.09929956173227,15.08972859062974,129.8489964066059,129.8489964066059,MV SEALION,Container,Singapore,,0
890123456,2024-06-15 03:00:00+00:00,20.554923032014923,68.1155374230595,14.798278424572858,129.7713860055859,129.7713860055859,MV SEALION,Container,Singapore,,0
890123456,2024-06-15 03:05:00+00:00,20.54145707291979,68.13181609562798,14.11944520158235,129.59805653397657,129.59805653397657,MV SEALION,Container,Singapore,,0
890123456,2024-06-15 03:10:00+00:00,20.528061890909573,68.14815305782594,15.132259296296619,129.34938917456836,129.34938917456836,MV SEALION,Container,Singapore,,0
890123456,2024-06-15 03:15:00+00:00,20.51479856628487,68.16459724995701,15.504033464596878,128.88846392050738,128.88846392050738,MV SEALION,Container,Singapore,,0
890123456,2024-06-15 03:20:00+00:00,20.501480111912635,68.1809968233685,15.040846260850326,129.0808108600591,129.0808108600591,MV SEALION,Container,Singapore,,0
890123456,2024-06-15 03:25:00+00:00,20.48805490327682,68.19730911959033,15.12235995851024,129.45477585212817,129.45477585212817,MV SEALION,Container,Singapore,,0
890123456,2024-06-15 03:30:00+00:00,20.47486066923906,68.21380879907512,15.062180444366236,128.6481404225054,128.6481404225054,MV SEALION,Container,Singapore,,0
890123456,2024-06-15 03:35:00+00:00,20.461688308324174,68.23032594601011,14.671516065253927,128.57222534659311,128.57222534659311,MV SEALION,Container,Singapore,,0
890123456,2024-06-15 03:40:00+00:00,20.448584417878212,68.24689746646311,15.352340783975023,128.33510106200933,128.33510106200933,MV SEALION,Container,Singapore,,0
890123456,2024-06-15 03:45:00+00:00,20.435453236124765,68.2634473698073,14.848997148247149,128.42952190527004,128.42952190527004,MV SEALION,Container,Singapore,,0
890123456,2024-06-15 03:50:00+00:00,20.42223142137776,68.2799249560911,14.967423926363907,128.74397965177815,128.74397965177815,MV SEALION,Container,Singapore,,0
890123456,2024-06-15 03:55:00+00:00,20.408947871883036,68.29635281498278,14.730649428559083,128.95896755572372,128.95896755572372,MV SEALION,Container,Singapore,,0
890123456,2024-06-15 04:00:00+00:00,20.395500198332233,68.31264659634301,14.97783141308063,129.53372706047006,129.53372706047006,MV SEALION,Container,Singapore,,0
890123456,2024-06-15 04:05:00+00:00,20.382056948466413,68.32894402767403,15.168196507058205,129.51817326808228,129.51817326808228,MV SEALION,Container,Singapore,,0
890123456,2024-06-15 04:10:00+00:00,20.3684897853518,68.34513845016961,15.31269231926834,129.9551856835723,129.9551856835723,MV SEALION,Container,Singapore,,0
890123456,2024-06-15 04:15:00+00:00,20.35502509127409,68.36141816909648,15.074665935695348,129.5936042158026,129.5936042158026,MV SEALION,Container,Singapore,,0
890123456,2024-06-15 04:20:00+00:00,20.341438801229497,68.37759654842719,15.802006934978422,130.0228901869625,130.0228901869625,MV SEALION,Container,Singapore,,0
890123456,2024-06-15 04:25:00+00:00,20.32792533942914,68.3938358090358,14.458435744008675,129.76545355605055,129.76545355605055,MV SEALION,Container,Singapore,,0
890123456,2024-06-15 04:30:00+00:00,20.314238086053894,68.40992886126296,15.318097990504672,130.38139636900087,130.38139636900087,MV SEALION,Container,Singapore,,0
890123456,2024-06-15 04:35:00+00:00,20.300556745984927,68.42602694092673,15.378466622008103,130.36034662833856,130.36034662833856,MV SEALION,Container,Singapore,,0
890123456,2024-06-15 04:40:00+00:00,20.286929022517462,68.44217043460185,15.494910410078681,130.1697850751759,130.1697850751759,MV SEALION,Container,Singapore,,0
890123456,2024-06-15 04:45:00+00:00,20.27348208312012,68.45846482184986,14.885221927497643,129.53114551651666,129.53114551651666,MV SEALION,Container,Singapore,,0
890123456,2024-06-15 04:50:00+00:00,20.25995509735271,68.47469281898421,15.026611361928875,129.81318571721042,129.81318571721042,MV SEALION,Container,Singapore,,0
890123456,2024-06-15 04:55:00+00:00,20.246513697227034,68.4909917759326,15.431550470680866,129.5116705658535,129.5116705658535,MV SEALION,Container,Singapore,,0
890123456,2024-06-15 05:00:00+00:00,20.233238453607964,68.50742634747549,14.990936655635055,128.93000490119613,128.93000490119613,MV SEALION,Container,Singapore,,0
890123456,2024-06-15 05:05:00+00:00,20.220081331334892,68.5239556356766,14.881492086101018,128.51938395561967,128.51938395561967,MV SEALION,Container,Singapore,,0
890123456,2024-06-15 05:10:00+00:00,20.20686187863943,68.54043511702088,14.482277167578818,128.7357668104146,128.7357668104146,MV SEALION,Container,Singapore,,0
890123456,2024-06-15 05:15:00+00:00,20.193646184161487,68.55691761241476,14.475631291151469,128.72270145312365,128.72270145312365,MV SEALION,Container,Singapore,,0
890123456,2024-06-15 05:20:00+00:00,20.18046433258808,68.5734271861234,15.296292278401806,128.60515472331912,128.60515472331912,MV SEALION,Container,Singapore,,0
890123456,2024-06-15 05:25:00+00:00,20.167251284101333,68.58991180272892,14.582106121812544,128.7135041580853,128.7135041580853,MV SEALION,Container,Singapore,,0
890123456,2024-06-15 05:30:00+00:00,20.153969307822507,68.60634093359677,15.595440062427462,128.9534808308762,128.9534808308762,MV SEALION,Container,Singapore,,0
890123456,2024-06-15 05:35:00+00:00,20.140753645521762,68.62282345479035,14.901377797332781,128.72258960014307,128.72258960014307,MV SEALION,Container,Singapore,,0
890123456,2024-06-15 05:40:00+00:00,20.127469060323822,68.6392504761595,15.371361896464897,128.96257989111092,128.96257989111092,MV SEALION,Container,Singapore,,0
890123456,2024-06-15 05:45:00+00:00,20.113959051210283,68.65549260929207,15.259596240404761,129.75327277442594,129.75327277442594,MV SEALION,Container,Singapore,,0
890123456,2024-06-15 05:50:00+00:00,20.10055952854196,68.67182601148528,14.834721737445001,129.36461406678097,129.36461406678097,MV SEALION,Container,Singapore,,0
890123456,2024-06-15 05:55:00+00:00,20.087096614353776,68.68810720236634,15.95955085797854,129.5873402533802,129.5873402533802,MV SEALION,Container,Singapore,,0
890123456,2024-06-15 06:00:00+00:00,20.073605531363036,68.70436505938014,15.241482504971675,129.6865412565808,129.6865412565808,MV SEALION,Container,Singapore,,0
890123456,2024-06-15 06:05:00+00:00,20.060140054380636,68.7206441307474,14.878445245445844,129.59635967041206,129.59635967041206,MV SEALION,Container,Singapore,,0
890123456,2024-06-15 06:10:00+00:00,20.046581877099136,68.73684607704244,15.197788819068231,129.9234012386604,129.9234012386604,MV SEALION,Container,Singapore,,0
890123456,2024-06-15 06:15:00+00:00,20.03297676284151,68.75300862947023,15.171271737787036,130.08958881183173,130.08958881183173,MV SEALION,Container,Singapore,,0
890123456,2024-06-15 06:20:00+00:00,20.019416154944704,68.76920854145804,15.317156940723237,129.9319972887647,129.9319972887647,MV SEALION,Container,Singapore,,0
890123456,2024-06-15 06:25:00+00:00,20.00592459005008,68.78546599856665,15.57875774204473,129.68823959839273,129.68823959839273,MV SEALION,Container,Singapore,,0
890123456,2024-06-15 06:30:00+00:00,19.992336881009695,68.80164318614601,14.598650110727728,130.02791574995803,130.02791574995803,MV SEALION,Container,Singapore,,0
890123456,2024-06-15 06:35:00+00:00,19.978878338429023,68.81792799092065,14.601381339055646,129.57195766466234,129.57195766466234,MV SEALION,Container,Singapore,,0
890123456,2024-06-15 06:40:00+00:00,19.965374671168764,68.83417539703572,14.08640290498327,129.73090487195878,129.73090487195878,MV SEALION,Container,Singapore,,0
890123456,2024-06-15 06:45:00+00:00,19.951907090621066,68.85045272817861,14.843587109307881,129.6037637693943,129.6037637693943,MV SEALION,Container,Singapore,,0
890123456,2024-06-15 06:50:00+00:00,19.938574647758188,68.86684093132148,14.05459583552928,129.12969989806496,129.12969989806496,MV SEALION,Container,Singapore,,0
890123456,2024-06-15 06:55:00+00:00,19.92515023648175,68.88315388374662,14.91233340499815,129.45197524039696,129.45197524039696,MV SEALION,Container,Singapore,,0
890123456,2024-06-15 07:00:00+00:00,19.911615542893202,68.89937545285716,15.345004587982316,129.84040491692124,129.84040491692124,MV SEALION,Container,Singapore,,0
890123456,2024-06-15 07:05:00+00:00,19.898036844240558,68.91556020425607,14.550195358041918,129.99601054327005,129.99601054327005,MV SEALION,Container,Singapore,,0
890123456,2024-06-15 07:10:00+00:00,19.884622124949576,68.93188112767628,15.376116727099934,129.41794251634968,129.41794251634968,MV SEALION,Container,Singapore,,0
890123456,2024-06-15 07:15:00+00:00,19.871106884008178,68.94811890761197,14.454053219663326,129.77173105368593,129.77173105368593,MV SEALION,Container,Singapore,,0
890123456,2024-06-15 07:20:00+00:00,19.857465288260954,68.96425068062095,14.710922690585276,130.21903783836248,130.21903783836248,MV SEALION,Container,Singapore,,0
890123456,2024-06-15 07:25:00+00:00,19.843582587223594,68.98017543640718,15.658784418020316,131.08089378987728,131.08089378987728,MV SEALION,Container,Singapore,,0
890123456,2024-06-15 07:30:00+00:00,19.82974996177236,68.99614370832589,15.05135602381818,130.90097249732023,130.90097249732023,MV SEALION,Container,Singapore,,0
890123456,2024-06-15 07:35:00+00:00,19.81598095107507,69.01216686592238,14.517505148717964,130.67310821198512,130.67310821198512,MV SEALION,Container,Singapore,,0
890123456,2024-06-15 07:40:00+00:00,19.802191984826504,69.02817285370008,15.303071500271084,130.74450373032923,130.74450373032923,MV SEALION,Container,Singapore,,0
890123456,2024-06-15 07:45:00+00:00,19.788077591803017,69.04389262292621,15.452462017478737,131.91988478386935,131.91988478386935,MV SEALION,Container,Singapore,,0
890123456,2024-06-15 07:50:00+00:00,19.774098897154925,69.05973318260317,14.999478599698808,131.42718419703078,131.42718419703078,MV SEALION,Container,Singapore,,0
890123456,2024-06-15 07:55:00+00:00,19.760309671733644,69.07573894710303,14.973785044359726,130.74543148351464,130.74543148351464,MV SEALION,Container,Singapore,,0
890123456,2024-06-15 08:00:00+00:00,19.746661760237952,69.0918653771714,15.085928224608894,130.24147341707013,130.24147341707013,MV SEALION,Container,Singapore,,0
890123456,2024-06-15 08:05:00+00:00,19.732832057158948,69.10783618014716,14.416729980243723,130.89048756029194,130.89048756029194,MV SEALION,Container,Singapore,,0
890123456,2024-06-15 08:10:00+00:00,19.718905297838575,69.12372241978329,14.123722597047578,131.23960319343524,131.23960319343524,MV SEALION,Container,Singapore,,0
890123456,2024-06-15 08:15:00+00:00,19.704828063945513,69.13947547411775,15.07074762306961,131.78458962355813,131.78458962355813,MV SEALION,Container,Singapore,,0
890123456,2024-06-15 08:20:00+00:00,19.690720324902607,69.15520121524627,14.992285140977526,131.89563680733292,131.89563680733292,MV SEALION,Container,Singapore,,0
890123456,2024-06-15 08:25:00+00:00,19.676655292087016,69.17096516420712,14.590339872699277,131.7402281591796,131.7402281591796,MV SEALION,Container,Singapore,,0
890123456,2024-06-15 08:30:00+00:00,19.662501529502833,69.18664949523061,15.510687730956688,132.06354172481267,132.06354172481267,MV SEALION,Container,Singapore,,0
890123456,2024-06-15 08:35:00+00:00,19.648389931729913,69.20237177379447,13.919759934961888,131.90969740290183,131.90969740290183,MV SEALION,Container,Singapore,,0
890123456,2024-06-15 08:40:00+00:00,19.634532238332344,69.21831829594329,15.209943755541584,130.9909801112007,130.9909801112007,MV SEALION,Container,Singapore,,0
890123456,2024-06-15 08:45:00+00:00,19.620777076638696,69.23435334386107,14.791974822998975,130.62360516606836,130.62360516606836,MV SEALION,Container,Singapore,,0
890123456,2024-06-15 08:50:00+00:00,19.606767893061793,69.25016694593184,14.796365434457373,131.5375574500949,131.5375574500949,MV SEALION,Container,Singapore,,0
890123456,2024-06-15 08:55:00+00:00,19.592904697033003,69.26610868457013,14.91600541681897,131.01075400505104,131.01075400505104,MV SEALION,Container,Singapore,,0
890123456,2024-06-15 09:00:00+00:00,19.57904722057459,69.28205539523874,14.962229625015453,130.99020065442755,130.99020065442755,MV SEALION,Container,Singapore,,0
890123456,2024-06-15 09:05:00+00:00,19.565240318427264,69.29804591393071,14.94268233095849,130.80873894263198,130.80873894263198,MV SEALION,Container,Singapore,,0
890123456,2024-06-15 09:10:00+00:00,19.551645069938413,69.31421676590178,14.936814050216771,130.05462392610914,130.05462392610914,MV SEALION,Container,Singapore,,0
890123456,2024-06-15 09:15:00+00:00,19.538095424245082,69.33042584781684,15.236399855116082,129.8932371858524,129.8932371858524,MV SEALION,Container,Singapore,,0
890123456,2024-06-15 09:20:00+00:00,19.524464889497995,69.34656696789732,14.695317615749925,130.17976347901345,130.17976347901345,MV SEALION,Container,Singapore,,0
890123456,2024-06-15 09:25:00+00:00,19.510828062580273,69.36270277238796,14.637817158173446,130.20210233698455,130.20210233698455,MV SEALION,Container,Singapore,,0
890123456,2024-06-15 09:30:00+00:00,19.49715208042798,69.37880540407083,15.15758614334981,130.34127959555133,130.34127959555133,MV SEALION,Container,Singapore,,0
890123456,2024-06-15 09:35:00+00:00,19.483513281285855,69.39493954157194,15.630862955839879,130.20910576664576,130.20910576664576,MV SEALION,Container,Singapore,,0
890123456,2024-06-15 09:40:00+00:00,19.469795033686864,69.41100618147445,14.74978395783283,130.49183509167526,130.49183509167526,MV SEALION,Container,Singapore,,0
890123456,2024-06-15 09:45:00+00:00,19.455795999286643,69.42682876883573,14.629737314847072,131.5007954392552,131.5007954392552,MV SEALION,Container,Singapore,,0
890123456,2024-06-15 09:50:00+00:00,19.441868114774962,69.44271402199624,14.689207040863497,131.243661467522,131.243661467522,MV SEALION,Container,Singapore,,0
890123456,2024-06-15 09:55:00+00:00,19.427898225132502,69.45856234740688,14.903404999699088,131.39534403307974,131.39534403307974,MV SEALION,Container,Singapore,,0
890123456,2024-06-15 10:00:00+00:00,19.414140896704357,69.47459553640546,16.314262771290558,130.63134770222163,130.63134770222163,MV SEALION,Container,Singapore,,0
890123456,2024-06-15 10:05:00+00:00,19.400473176328095,69.49070518117685,14.711097233369111,130.31188925499478,130.31188925499478,MV SEALION,Container,Singapore,,0
890123456,2024-06-15 10:10:00+00:00,19.386817994799046,69.50682545575121,15.131117005329676,130.26730813264564,130.26730813264564,MV SEALION,Container,Singapore,,0
890123456,2024-06-15 10:15:00+00:00,19.373113056763067,69.52290345028952,15.398469327634633,130.44438818443473,130.44438818443473,MV SEALION,Container,Singapore,,0
890123456,2024-06-15 10:20:00+00:00,19.359535272953874,69.53908896918064,14.500628337307466,129.9927719747823,129.9927719747823,MV SEALION,Container,Singapore,,0
890123456,2024-06-15 10:25:00+00:00,19.345980023961452,69.55529336548835,14.365932369485884,129.91304656168955,129.91304656168955,MV SEALION,Container,Singapore,,0
890123456,2024-06-15 10:30:00+00:00,19.332730978902767,69.57174906480431,14.991266516002202,128.83872765824296,128.83872765824296,MV SEALION,Container,Singapore,,0
890123456,2024-06-15 10:35:00+00:00,19.319628627367134,69.58832180203088,14.141799060954828,128.32978049831948,128.32978049831948,MV SEALION,Container,Singapore,,0
890123456,2024-06-15 10:40:00+00:00,19.3065585872396,69.60492003344295,15.668607197083357,128.21815838991387,128.21815838991387,MV SEALION,Container,Singapore,,0
890123456,2024-06-15 10:45:00+00:00,19.29339942799893,69.62144770003636,15.958761015857464,128.52644508069062,128.52644508069062,MV SEALION,Container,Singapore,,0
890123456,2024-06-15 10:50:00+00:00,19.28038401417226,69.63808880089731,15.491605729040806,128.02983609473839,128.02983609473839,MV SEALION,Container,Singapore,,0
890123456,2024-06-15 10:55:00+00:00,19.26735395314015,69.65471843542257,15.001399638740434,128.08028421312952,128.08028421312952,MV SEALION,Container,Singapore,,0
890123456,2024-06-15 11:00:00+00:00,19.254295191256087,69.67132554152204,14.391474571020954,128.179237193832,128.179237193832,MV SEALION,Container,Singapore,,0
890123456,2024-06-15 11:05:00+00:00,19.24105374678148,69.68778735743554,14.735214055795744,128.8122687120829,128.8122687120829,MV SEALION,Container,Singapore,,0
890123456,2024-06-15 11:10:00+00:00,19.227743632868854,69.70419370079952,15.380580158611602,129.05167751024914,129.05167751024914,MV SEALION,Container,Singapore,,0
890123456,2024-06-15 11:15:00+00:00,19.214322933089758,69.72050970681764,14.49879698293293,129.43894061454876,129.43894061454876,MV SEALION,Container,Singapore,,0
890123456,2024-06-15 11:20:00+00:00,19.200818155711218,69.73675619021867,14.728670545679147,129.73481976753595,129.73481976753595,MV SEALION,Container,Singapore,,0
890123456,2024-06-15 11:25:00+00:00,19.187456701123814,69.75312074845446,14.926483149625117,129.23120272512205,129.23120272512205,MV SEALION,Container,Singapore,,0
890123456,2024-06-15 11:30:00+00:00,19.173954481777415,69.7693693578616,14.251163933630565,129.72579905502275,129.72579905502275,MV SEALION,Container,Singapore,,0
890123456,2024-06-15 11:35:00+00:00,19.160416885294115,69.78558850446059,15.201956090234154,129.85065892110595,129.85065892110595,MV SEALION,Container,Singapore,,0
890123456,2024-06-15 11:40:00+00:00,19.146986721760157,69.80189672148133,14.96472221507912,129.47218175540397,129.47218175540397,MV SEALION,Container,Singapore,,0
890123456,2024-06-15 11:45:00+00:00,19.133717431261612,69.81833609995526,15.123480939002919,128.90925359645703,128.90925359645703,MV SEALION,Container,Singapore,,0
890123456,2024-06-15 11:50:00+00:00,19.12046146860014,69.83478622727579,14.559517904252226,128.8628175826568,128.8628175826568,MV SEALION,Container,Singapore,,0
890123456,2024-06-15 11:55:00+00:00,19.107309119357147,69.85131931362814,14.669613821209513,128.50284101333847,128.50284101333847,MV SEALION,Container,Singapore,,0
890123456,2024-06-15 12:00:00+00:00,19.0940682306652,69.8677815765829,15.194274424387903,128.81033432230277,128.81033432230277,MV SEALION,Container,Singapore,,0
890123456,2024-06-15 12:05:00+00:00,19.081036040863864,69.8844095429025,15.014956782672092,128.0876190472179,128.0876190472179,MV SEALION,Container,Singapore,,0
890123456,2024-06-15 12:10:00+00:00,19.06804546328076,69.90107003896358,14.681776419898924,127.94437402665231,127.94437402665231,MV SEALION,Container,Singapore,,0
890123456,2024-06-15 12:15:00+00:00,19.055171676911012,69.91782094519131,14.610681187763355,127.5438151816782,127.5438151816782,MV SEALION,Container,Singapore,,0
890123456,2024-06-15 12:20:00+00:00,19.042322412304305,69.93459066892221,14.555043763049062,127.45998660927184,127.45998660927184,MV SEALION,Container,Singapore,,0
890123456,2024-06-15 12:25:00+00:00,19.029475819268963,69.95136243932156,13.412046130656607,127.45085942113833,127.45085942113833,MV SEALION,Container,Singapore,,0
890123456,2024-06-15 12:30:00+00:00,19.016489174519,69.96802600115815,15.604056781357889,127.9308501791129,127.9308501791129,MV SEALION,Container,Singapore,,0
890123456,2024-06-15 12:35:00+00:00,19.00333968675014,69.9845613634572,14.87013065571771,128.492925193418,128.492925193418,MV SEALION,Container,Singapore,,0
890123456,2024-06-15 12:40:00+00:00,18.990129293254146,70.00104810778788,14.794871458294214,128.7042767704344,128.7042767704344,MV SEALION,Container,Singapore,,0
890123456,2024-06-15 12:45:00+00:00,18.976729817017315,70.01738154807224,14.70314985170014,129.36445119040337,129.36445119040337,MV SEALION,Container,Singapore,,0
890123456,2024-06-15 12:50:00+00:00,18.963537940976657,70.03388311289113,14.745577215623483,128.63995265354822,128.63995265354822,MV SEALION,Container,Singapore,,0
890123456,2024-06-15 12:55:00+00:00,18.950091363864985,70.05017779910854,13.806798777018416,129.52987162697184,129.52987162697184,MV SEALION,Container,Singapore,,0
890123456,2024-06-15 13:00:00+00:00,18.936566621357013,70.06640766586823,15.223457077717535,129.80526595401278,129.80526595401278,MV SEALION,Container,Singapore,,0
890123456,2024-06-15 13:05:00+00:00,18.92317917254506,70.08275096569572,15.047801054690833,129.32227313651416,129.32227313651416,MV SEALION,Container,Singapore,,0
890123456,2024-06-15 13:10:00+00:00,18.909797227671557,70.09909877247054,14.21364758838394,129.30298027837665,129.30298027837665,MV SEALION,Container,Singapore,,0
890123456,2024-06-15 13:15:00+00:00,18.896306214871863,70.11535668772996,15.022730434147952,129.68629389043065,129.68629389043065,MV SEALION,Container,Singapore,,0
890123456,2024-06-15 13:20:00+00:00,18.883132307299412,70.13187260109304,15.036555259078403,128.57759069572282,128.57759069572282,MV SEALION,Container,Singapore,,0
890123456,2024-06-15 13:25:00+00:00,18.86984042596812,70.14829371937465,15.095152019814316,128.98803263487443,128.98803263487443,MV SEALION,Container,Singapore,,0
890123456,2024-06-15 13:30:00+00:00,18.856543647976206,70.16471087290313,15.10435752401623,129.00511989129083,129.00511989129083,MV SEALION,Container,Singapore,,0
890123456,2024-06-15 13:35:00+00:00,18.842979323808517,70.18090767335315,14.69750250189983,129.9451422420691,129.9451422420691,MV SEALION,Container,Singapore,,0
890123456,2024-06-15 13:40:00+00:00,18.829447781841946,70.19713187154446,15.491599494405179,129.82927405750317,129.82927405750317,MV SEALION,Container,Singapore,,0
890123456,2024-06-15 13:45:00+00:00,18.815764036527362,70.2132279067429,14.6419597073024,130.36890784662359,130.36890784662359,MV SEALION,Container,Singapore,,0
890123456,2024-06-15 13:50:00+00:00,18.80189487750109,70.22916445790204,14.479045462099268,131.0321889431986,131.0321889431986,MV SEALION,Container,Singapore,,0
890123456,2024-06-15 13:55:00+00:00,18.78797196365692,70.24505406787308,14.911461835180647,131.22573545689514,131.22573545689514,MV SEALION,Container,Singapore,,0
890123456,2024-06-15 14:00:00+00:00,18.773955640753126,70.26086134237569,15.139067453326918,131.56342980637427,131.56342980637427,MV SEALION,Container,Singapore,,0
890123456,2024-06-15 14:05:00+00:00,18.75999780859916,70.27672028800602,13.7801004642519,131.35176770839246,131.35176770839246,MV SEALION,Container,Singapore,,0
890123456,2024-06-15 14:10:00+00:00,18.746137217577033,70.29266429162686,14.734853018346891,131.00139208486303,131.00139208486303,MV SEALION,Container,Singapore,,0
890123456,2024-06-15 14:15:00+00:00,18.732314150787904,70.30864083879725,14.657947792696381,130.8666839337479,130.8666839337479,MV SEALION,Container,Singapore,,0
890123456,2024-06-15 14:20:00+00:00,18.71836615059378,70.32450843236177,15.046881888787452,131.31625612726472,131.31625612726472,MV SEALION,Container,Singapore,,0
890123456,2024-06-15 14:25:00+00:00,18.704256912721604,70.34023282874479,13.77056849852749,131.90109793394203,131.90109793394203,MV SEALION,Container,Singapore,,0
